rank,name,net_worth_billion_usd,source_of_wealth,country,age,self_made,date_of_birth,birth_city,birth_state,birth_country
1,Jeff Bezos,177,Amazon,United States,57,TRUE,1964-01-12,Albuquerque,New Mexico,United States
2,Elon Musk,151,"Tesla, SpaceX",United States,49,TRUE,1971-06-28,Pretoria,,South Africa
3,Bernard Arnault & family,150,LVMH,France,72,FALSE,1949-03-05,Roubaix,,France
4,Bill Gates,124,Microsoft,United States,65,TRUE,1955-10-28,Seattle,Washington,United States
5,Mark Zuckerberg,97,Facebook,United States,36,TRUE,1984-05-14,White Plains,New York,United States
6,Warren Buffett,96,Berkshire Hathaway,United States,90,TRUE,1930-08-30,Omaha,Nebraska,United States
7,Larry Ellison,93,software,United States,76,TRUE,1944-08-17,The Bronx,New York,United States
8,Larry Page,91.5,Google,United States,48,TRUE,1973-03-26,East Lansing,Michigan,United States
9,Sergey Brin,89,Google,United States,47,TRUE,1973-08-21,Moscow,,Russia
10,Mukesh Ambani,84.5,diversified,India,64,FALSE,1957-04-19,Aden,,Yemen
11,Amancio Ortega,77,Zara,Spain,85,TRUE,1936-03-28,Busdongo de Arbas,,Spain
12,Francoise Bettencourt Meyers & family,73.6,L'Oréal,France,67,FALSE,,,,France
13,Zhong Shanshan,68.9,"beverages, pharmaceuticals",China,66,TRUE,,,,China
14,Steve Ballmer,68.7,Microsoft,United States,65,TRUE,1956-03-24,Detroit,Michigan,United States
15,Ma Huateng,65.8,internet media,China,49,TRUE,1971-10-29,Chaozhou,,People's Republic of China
16,Carlos Slim Helu & family,62.8,telecom,Mexico,81,TRUE,,,,Mexico
17,Alice Walton,61.8,Walmart,United States,71,FALSE,1949-10-02,Newport,Arkansas,United States
18,Jim Walton,60.2,Walmart,United States,72,FALSE,1948-06-07,Newport,Arkansas,United States
19,Rob Walton,59.5,Walmart,United States,76,FALSE,1944-10-27,Tulsa,,United States
20,Michael Bloomberg,59,Bloomberg LP,United States,79,TRUE,1942-02-14,Boston,Massachusetts,United States
21,Colin Zheng Huang,55.3,e-commerce,China,41,TRUE,,,,China
22,MacKenzie Scott,53,Amazon,United States,51,FALSE,1970-04-07,San Francisco,California,United States
23,Daniel Gilbert,51.9,Quicken Loans,United States,59,TRUE,,,,United States
24,Gautam Adani & family,50.5,"infrastructure, commodities",India,58,TRUE,1962-06-24,Ahmedabad,,India
25,Phil Knight & family,49.9,Nike,United States,83,TRUE,1938-02-24,Portland,Oregon,United States
26,Jack Ma,48.4,e-commerce,China,56,TRUE,1964-09-10,Hangzhou,,People's Republic of China
27,Charles Koch,46.4,Koch Industries,United States,85,FALSE,1935-11-01,Wichita,Kansas,United States
27,Julia Koch & family,46.4,Koch Industries,United States,59,FALSE,1962-04-12,Des Moines,Iowa,United States
29,Masayoshi Son,45.4,"internet, telecom",Japan,63,TRUE,1957-08-11,Tosu,,Japan
30,Michael Dell,45.1,Dell computers,United States,56,TRUE,1965-02-23,Houston,Texas,United States
31,Tadashi Yanai & family,44.1,fashion retail,Japan,72,TRUE,1949-02-07,Q11363729,,Japan
32,François Pinault & family,42.3,luxury goods,France,84,TRUE,1936-08-21,Les Champs-Géraux,,France
33,David Thomson & family,41.8,media,Canada,63,FALSE,,,,Canada
34,Beate Heister & Karl Albrecht Jr.,39.2,supermarkets,Germany,,FALSE,,,,Germany
35,Wang Wei,39,package delivery,China,50,TRUE,1970-01-01,Shanghai,,People's Republic of China
36,Miriam Adelson,38.2,casinos,United States,75,FALSE,1945-10-10,Tel Aviv,,Israel
37,He Xiangjian,37.7,home appliances,China,78,TRUE,1942-10-05,Shunde District,,People's Republic of China
38,Dieter Schwarz,36.9,retail,Germany,81,FALSE,1939-09-24,Heilbronn,,Germany
39,Zhang Yiming,35.6,TikTok,China,37,TRUE,1983-04-01,Longyan,,People's Republic of China
40,Giovanni Ferrero,35.1,"Nutella, chocolates",Italy,56,FALSE,1964-09-21,Farigliano,,Italy
41,Alain Wertheimer,34.5,Chanel,France,72,FALSE,1948-09-28,Paris,,France
41,Gerard Wertheimer,34.5,Chanel,France,70,FALSE,,,,France
43,Li Ka-shing,33.7,diversified,Hong Kong,92,TRUE,1928-06-13,Chao'an District,,People's Republic of China
44,Qin Yinglin & family,33.5,pig breeding,China,56,TRUE,,,,China
45,William Lei Ding,33,online games,China,49,TRUE,,,,China
46,Len Blavatnik,32,"music, chemicals",United States,63,TRUE,1957-06-14,Odesa,,Ukraine
47,Lee Shau Kee,31.7,real estate,Hong Kong,93,TRUE,,,,Hong Kong
48,Jacqueline Mars,31.3,"candy, pet food",United States,81,FALSE,1939-10-10,United States,,United States
48,John Mars,31.3,"candy, pet food",United States,85,FALSE,,,,United States
50,Yang Huiyan & family,29.6,real estate,China,39,FALSE,1981-09-01,Shunde District,,People's Republic of China
51,Alexey Mordashov & family,29.1,"steel, investments",Russia,55,TRUE,,,,Russia
52,Robin Zeng,28.4,batteries,Hong Kong,52,TRUE,,,,Hong Kong
53,Hui Ka Yan,27.7,real estate,China,62,TRUE,1958-10-09,Taikang County,,People's Republic of China
53,Susanne Klatten,27.7,"BMW, pharmaceuticals",Germany,59,FALSE,1962-04-28,Bad Homburg vor der Höhe,,Germany
55,Vladimir Potanin,27,metals,Russia,60,TRUE,1961-01-03,Moscow,,Russia
56,Dietrich Mateschitz,26.9,Red Bull,Austria,76,TRUE,1944-05-20,Sankt Marein im Mürztal,,Austria
57,Pang Kang,26.4,soy sauce,China,65,TRUE,,,,China
58,Klaus-Michael Kuehne,26.3,shipping,Germany,83,FALSE,,,,Germany
59,Vladimir Lisin,26.2,"steel, transport",Russia,65,TRUE,1956-05-07,Ivanovo,,Russia
60,Wang Xing,26.1,e-commerce,China,42,TRUE,,,,China
61,German Larrea Mota Velasco & family,25.9,mining,Mexico,67,FALSE,,,,Mexico
62,Leonardo Del Vecchio & family,25.8,eyeglasses,Italy,85,TRUE,1935-05-22,Milan,,Italy
62,Takemitsu Takizaki,25.8,sensors,Japan,75,TRUE,1945-06-10,Ashiya,,Japan
64,Leonard Lauder,25.5,Estee Lauder,United States,88,FALSE,1934-01-01,New York City,New York,United States
65,Thomas Peterffy,25,discount brokerage,United States,76,TRUE,1944-09-30,Budapest,,Hungary
66,Vagit Alekperov,24.9,oil,Russia,70,TRUE,1950-09-01,Baku,,Azerbaijan
66,Leonid Mikhelson,24.9,"gas, chemicals",Russia,65,TRUE,1955-08-11,Kaspiysk,,Russia
68,Jim Simons,24.6,hedge funds,United States,83,TRUE,1938-04-25,Newton,Massachusetts,United States
69,Jiang Rensheng & family,24.4,vaccines,China,67,TRUE,,,,China
70,Gina Rinehart,23.6,mining,Australia,67,FALSE,1954-02-09,Perth,,Australia
71,Rupert Murdoch & family,23.5,"newspapers, TV network",United States,90,FALSE,1931-03-11,Melbourne,,Australia
71,Shiv Nadar,23.5,software services,India,75,TRUE,1945-07-14,Thoothukudi,,India
73,Zhang Zhidong,23.4,internet media,China,49,TRUE,1971-01-01,Dongguan,,People's Republic of China
74,Iris Fontbona & family,23.3,mining,Chile,78,FALSE,1943-01-01,,,Chile
75,Lei Jun,23,smartphones,China,51,TRUE,1969-12-16,Xiantao,,People's Republic of China
75,Zhang Yong,23,restaurants,Singapore,50,TRUE,,,,Singapore
77,Richard Qiangdong Liu,22.4,e-commerce,China,47,TRUE,,,,China
78,Gennady Timchenko,22,"oil, gas",Russia,68,TRUE,1952-11-09,Gyumri,,Armenia
79,Stephen Schwarzman,21.9,investments,United States,74,TRUE,,,,United States
80,Goh Cheng Liang,21.7,paints,Singapore,93,TRUE,1927-01-01,Singapore,,Singapore
81,Stefan Quandt,21.6,BMW,Germany,54,FALSE,1966-05-09,Bad Homburg vor der Höhe,,Germany
82,Li Xiting,21.5,medical devices,Singapore,70,TRUE,,,,Singapore
83,Pierre Omidyar,21.4,"eBay, PayPal",United States,53,TRUE,1967-06-21,Paris,,France
84,Stefan Persson,21.3,H&M,Sweden,73,FALSE,1947-10-04,Stockholm,,Sweden
85,Abigail Johnson,20.9,money management,United States,59,FALSE,1961-12-19,Boston,Massachusetts,United States
86,R. Budi Hartono,20.5,"banking, tobacco",Indonesia,80,FALSE,,,,Indonesia
87,Andrew Forrest,20.4,mining,Australia,59,TRUE,1961-11-18,Perth,,Australia
88,Ray Dalio,20.3,hedge funds,United States,71,TRUE,1949-08-01,Jackson Heights,New York,United States
89,Michael Hartono,19.7,"banking, tobacco",Indonesia,81,FALSE,,,,Indonesia
89,Li Shufu,19.7,automobiles,China,57,TRUE,1963-06-25,Taizhou,,People's Republic of China
89,Zhong Huijuan,19.7,pharmaceuticals,China,60,TRUE,1961-04-01,Lianyungang,,People's Republic of China
92,Xu Hang,19.5,medical devices,Hong Kong,54,TRUE,,,,Hong Kong
93,Lui Che Woo & family,19.4,casinos/hotels,Hong Kong,92,TRUE,1929-08-09,Jiangmen,,People's Republic of China
94,Emmanuel Besnier,19.1,cheese,France,50,FALSE,1970-09-18,Laval,,France
95,Laurene Powell Jobs & family,19,"Apple, Disney",United States,57,FALSE,1963-11-06,West Milford,New Jersey,United States
96,Eric Schmidt,18.9,Google,United States,66,TRUE,1955-04-27,"Washington, D.C.",,United States
96,Sun Piaoyang,18.9,pharmaceuticals,China,62,TRUE,1958-01-01,Huai'an,,People's Republic of China
98,"Theo Albrecht, Jr. & family",18.8,"Aldi, Trader Joe's",Germany,70,FALSE,1950-01-01,Essen,,Germany
99,Alisher Usmanov,18.4,"steel, telecom, investments",Russia,67,TRUE,1953-09-09,Chust,,Uzbekistan
100,Robert Pera,18.3,wireless networking gear,United States,43,TRUE,1978-03-10,San Carlos,,United States
100,Wu Yajun,18.3,real estate,China,57,TRUE,1964-01-01,Chongqing,,People's Republic of China
102,Fan Hongwei & family,18.2,petrochemicals,China,54,TRUE,,,,China
103,Dhanin Chearavanont,18.1,diversified,Thailand,82,FALSE,1938-01-01,Bangkok,,Thailand
104,Peter Woo,18,real estate,Hong Kong,74,FALSE,,,,Hong Kong
105,Chen Bang,17.9,hospitals,China,55,TRUE,,,,China
105,Andrey Melnichenko,17.9,"coal, fertilizers",Russia,49,TRUE,1972-03-08,Gomel,,Belarus
107,Dustin Moskovitz,17.8,Facebook,United States,36,TRUE,1984-05-22,Gainesville,Florida,United States
107,Su Hua,17.8,video streaming,China,39,TRUE,,,,China
109,Donald Newhouse,17.6,media,United States,91,FALSE,1929-08-05,New York City,New York,United States
110,Petr Kellner,17.5,"finance, telecommunications",Czechia,,TRUE,1964-05-20,Česká Lípa,,Czech Republic
111,Lee Man Tat,17.4,food,Hong Kong,91,FALSE,1929-01-01,Macau,,People's Republic of China
112,Pavel Durov,17.2,messaging app,Russia,36,TRUE,,,,Russia
113,James Ratcliffe,17,chemicals,United Kingdom,68,TRUE,,,,United Kingdom
114,Jorge Paulo Lemann & family,16.9,beer,Brazil,81,TRUE,1939-08-26,Rio de Janeiro,,Brazil
115,Reinhold Wuerth & family,16.8,fasteners,Germany,86,TRUE,,,,Germany
116,Charlene de Carvalho-Heineken & family,16.7,Heineken,Netherlands,66,FALSE,1954-06-30,Amsterdam,,Netherlands
117,Radhakishan Damani,16.5,"retail, investments",India,66,TRUE,1955-07-12,Bikaner,,India
118,Wang Chuanfu,16.3,"batteries, automobiles",China,55,TRUE,1966-04-08,Wuwei City,,People's Republic of China
119,Steve Cohen,16,hedge funds,United States,64,TRUE,,,,United States
119,Ken Griffin,16,hedge funds,United States,52,TRUE,1914-01-01,,,United States
121,Chen Zhiping,15.9,e-cigarettes,China,45,TRUE,,,,China
121,"Ernest Garcia, II.",15.9,used cars,United States,63,TRUE,,,,United States
121,Uday Kotak,15.9,banking,India,62,TRUE,1959-03-15,Mumbai,,India
124,Carl Icahn,15.8,investments,United States,85,TRUE,1936-02-16,Far Rockaway,New York,United States
124,Suleiman Kerimov & family,15.8,investments,Russia,55,TRUE,,,,Russia
126,"Thomas Frist, Jr. & family",15.7,hospitals,United States,82,TRUE,,,,United States
127,Lukas Walton,15.6,Walmart,United States,34,FALSE,1986-01-01,San Diego,California,United States
128,Mikhail Fridman,15.5,"oil, banking, telecom",Russia,57,TRUE,1964-04-21,Lviv,,Ukraine
128,Wei Jianjun & family,15.5,automobiles,China,57,TRUE,,,,China
128,Zuo Hui,15.5,real estate services,China,50,TRUE,,,,China
131,Zhou Qunfei & family,15.4,smartphone screens,Hong Kong,,TRUE,1970-01-01,Xiangxiang City,,People's Republic of China
132,Donald Bren,15.3,real estate,United States,88,TRUE,1932-05-11,Los Angeles,California,United States
133,Hinduja brothers,14.9,diversified,United Kingdom,,FALSE,,,,United Kingdom
133,Lakshmi Mittal,14.9,steel,India,70,FALSE,1950-06-15,Rajgarh,,India
133,Georg Schaeffler,14.9,auto parts,Germany,56,FALSE,,,,Germany
133,Eric Yuan & family,14.9,video conferencing,United States,51,TRUE,,,,United States
137,Wang Jianlin,14.8,real estate,China,66,TRUE,1954-10-24,Mianyang,,People's Republic of China
138,Kwong Siu-hing,14.7,real estate,Hong Kong,91,FALSE,1929-01-01,Huadu District,,People's Republic of China
138,Robin Li,14.7,internet search,China,52,TRUE,1968-11-17,Yangquan,,People's Republic of China
140,Pallonji Mistry,14.6,construction,Ireland,91,FALSE,1929-06-01,Mumbai,,India
140,Eduardo Saverin,14.6,Facebook,Brazil,39,TRUE,1982-03-19,São Paulo,,Brazil
142,Roman Abramovich,14.5,"steel, investments",Russia,54,TRUE,1966-10-24,Saratov,,Russia
142,David Tepper,14.5,hedge funds,United States,63,TRUE,1957-09-11,Pittsburgh,Pennsylvania,United States
144,Gong Hongjia & family,14.4,video surveillance,Hong Kong,56,TRUE,1964-01-01,People's Republic of China,,People's Republic of China
145,Mike Cannon-Brookes,14.2,software,Australia,41,TRUE,1979-11-17,New Haven,Connecticut,United States
145,"John Menard, Jr.",14.2,home improvement stores,United States,81,TRUE,1940-01-22,Eau Claire,Wisconsin,United States
145,Seo Jung-jin,14.2,biotech,South Korea,63,TRUE,1989-09-06,South Korea,,South Korea
148,Cheng Yixiao,14.1,video streaming app,China,37,TRUE,,,,China
148,Liang Wengen,14.1,construction equipment,China,64,TRUE,1956-01-02,Lianyuan,,People's Republic of China
150,Scott Farquhar,14,software,Australia,41,TRUE,1979-01-01,,,Australia
151,Finn Rausing,13.9,packaging,Sweden,66,FALSE,1955-09-01,Lund,,Sweden
151,Jorn Rausing,13.9,packaging,Sweden,61,FALSE,,,,Sweden
151,Kirsten Rausing,13.9,packaging,Sweden,68,FALSE,1952-06-06,Lund,,Sweden
154,Brian Chesky,13.7,Airbnb,United States,39,TRUE,1981-08-29,Niskayuna,New York,United States
155,Joseph Lau,13.6,real estate,Hong Kong,69,TRUE,1951-07-21,Hong Kong,,People's Republic of China
156,David Duffield,13.5,business software,United States,80,TRUE,1941-01-01,,,United States
156,Charoen Sirivadhanabhakdi,13.5,"alcohol, real estate",Thailand,77,TRUE,1944-05-02,Bangkok,,Thailand
158,Kim Jung-ju,13.3,online games,South Korea,53,TRUE,,,,South Korea
158,Robert & Philip Ng,13.3,real estate,Singapore,,FALSE,,,,Singapore
158,Zhang Bangxin,13.3,education,China,41,TRUE,,,,China
161,Anders Holch Povlsen,13.2,fashion retail,Denmark,48,FALSE,,,,Denmark
161,Wang Wenyin,13.2,"mining, copper products",China,53,TRUE,1968-01-01,Anqing,,People's Republic of China
163,Wang Liping & family,13.1,hydraulic machinery,China,55,TRUE,,,,China
164,Tatyana Bakalchuk,13,ecommerce,Russia,45,TRUE,,,,Russia
164,Michael Platt,13,hedge funds,United Kingdom,53,TRUE,1968-12-12,Preston,,United Kingdom
166,Huang Shilin,12.9,batteries,China,54,TRUE,,,,China
166,Ricardo Salinas Pliego & family,12.9,"retail, media",Mexico,65,FALSE,1965-01-19,Mexico City,,Mexico
168,Kumar Birla,12.8,commodities,India,53,FALSE,,,,India
169,Dang Yanbao,12.7,coal,China,48,TRUE,,,,China
169,Cyrus Poonawalla,12.7,vaccines,India,79,FALSE,,,,India
171,Robert Kuok,12.6,"palm oil, shipping, property",Malaysia,97,TRUE,1923-10-06,Johor Bahru,,Malaysia
171,Hank & Doug Meijer,12.6,supermarkets,United States,,FALSE,,,,United States
173,Jack Dorsey,12.5,"Twitter, Square",United States,44,TRUE,1976-11-19,St. Louis,Missouri,United States
173,Lu Zhongfang,12.5,education,China,78,TRUE,,,,China
173,Ma Jianrong & family,12.5,"textiles, apparel",China,57,TRUE,1960-01-01,Shaoxing,,People's Republic of China
173,Zhang Tao,12.5,e-commerce,China,48,TRUE,,,,China
177,Nathan Blecharczyk,12.4,Airbnb,United States,37,TRUE,1983-01-01,West Roxbury,Massachusetts,United States
177,John Doerr,12.4,venture capital,United States,69,TRUE,1951-06-29,St. Louis,Missouri,United States
177,Joe Gebbia,12.4,Airbnb,United States,39,TRUE,1981-08-21,Atlanta,Georgia,United States
177,Forrest Li,12.4,gaming,Singapore,43,TRUE,,,,Singapore
181,Yu Renrong,12.3,semiconductors,China,55,TRUE,,,,China
182,Liu Yonghao & family,12.1,agribusiness,China,69,TRUE,,,,China
182,Gordon Moore,12.1,Intel,United States,92,TRUE,1929-01-03,San Francisco,California,United States
184,Jeff Yass,12,"trading, investments",United States,62,TRUE,1958-01-01,The Bronx,New York,United States
185,Bobby Murphy,11.9,Snapchat,United States,32,TRUE,1988-07-19,Manila,,Philippines
186,Patrick Drahi,11.8,telecom,France,57,TRUE,1963-08-20,Casablanca,,Morocco
186,Jensen Huang,11.8,semiconductors,United States,,,1963-02-17,Tainan,,Taiwan
186,Alexander Otto,11.8,real estate,Germany,53,FALSE,1967-07-07,Hamburg,,Germany
189,Cen Junda,11.6,pharmaceuticals,China,56,TRUE,,,,China
189,Joseph Tsai,11.6,e-commerce,Canada,57,TRUE,1964-01-01,Taipei,,Taiwan
191,Aliko Dangote,11.5,"cement, sugar",Nigeria,64,TRUE,1957-04-10,Kano,,Nigeria
191,Marcel Herrmann Telles,11.5,beer,Brazil,71,TRUE,,,,Brazil
193,Mikhail Prokhorov,11.4,investments,Russia,56,TRUE,1965-05-03,Moscow,,Russia
194,Jorge Moll Filho & family,11.3,hospitals,Brazil,76,TRUE,,,,Brazil
195,Viktor Rashnikov,11.2,steel,Russia,72,TRUE,1948-10-13,Magnitogorsk,,Russia
195,Harry Triguboff,11.2,real estate,Australia,88,TRUE,1933-03-03,Kwantung Leased Territory,,Empire of Japan
197,Leonid Fedun & family,11.1,oil,Russia,65,TRUE,1956-04-05,Kyiv,,Ukraine
197,Eyal Ofer,11.1,"real estate, shipping",Israel,70,FALSE,1950-01-01,Haifa,,Israel
197,Evan Spiegel,11.1,Snapchat,United States,30,TRUE,1990-06-04,Los Angeles,,United States
200,Luis Carlos Sarmiento,11,banking,Colombia,88,TRUE,1933-01-27,Bogotá,,Colombia
200,Andreas Struengmann & family,11,pharmaceuticals,Germany,71,TRUE,,,,Germany
200,Thomas Struengmann & family,11,pharmaceuticals,Germany,71,TRUE,,,,Germany
203,Rodolphe Saadé & family,10.9,shipping,France,51,FALSE,,,,France
203,Dilip Shanghvi,10.9,pharmaceuticals,India,65,TRUE,1955-10-01,Mumbai,,India
205,Tom & Judy Love,10.8,retail & gas stations,United States,,TRUE,,,,United States
205,Anthony Pratt,10.8,manufacturing,Australia,61,FALSE,,,,Australia
205,Wang Laisheng,10.8,electronics components,China,56,TRUE,,,,China
208,Gianluigi & Rafaela Aponte,10.7,Shipping,Switzerland,80,TRUE,,,,Switzerland
208,Wang Laichun,10.7,electronics components,China,53,TRUE,,,,China
210,Chen Jianhua,10.6,chemicals,China,50,TRUE,,,,China
210,Leng Youbin,10.6,infant formula,China,52,TRUE,,,,China
210,Charles Schwab,10.6,discount brokerage,United States,83,TRUE,,,,United States
213,Li Zhenguo & family,10.5,solar wafers and modules,China,53,TRUE,,,,China
213,Sunil Mittal & family,10.5,telecom,India,63,TRUE,1957-10-23,Ludhiana,,India
213,Melker Schorling & family,10.5,investments,Sweden,73,TRUE,,,,Sweden
216,Cai Kui,10.4,real estate,China,58,TRUE,,,,China
216,John Fredriksen,10.4,shipping,Cyprus,76,TRUE,1944-05-10,Eidsvoll Municipality,,Norway
216,Qi Shi & family,10.4,financial information,China,51,TRUE,,,,China
219,"Chase Coleman, III.",10.3,investments,United States,45,TRUE,,,,United States
219,Hui Wing Mau,10.3,real estate,Hong Kong,70,TRUE,,,,Hong Kong
219,"Edward Johnson, III.",10.3,money management,United States,90,FALSE,,,,United States
219,Liu Hanyuan,10.3,agribusiness,China,57,TRUE,,,,China
223,Larry Xiangdong Chen,10.2,education,China,49,TRUE,,,,China
224,Philip Anschutz,10.1,investments,United States,81,FALSE,1939-12-28,Russell,Kansas,United States
224,Dietmar Hopp & family,10.1,software,Germany,81,TRUE,1940-04-26,Heidelberg,,Germany
224,German Khan,10.1,"oil, banking, telecom",Russia,59,TRUE,1961-10-24,Kyiv,,Ukraine
224,Li Ge,10.1,pharmaceutical ingredients,United States,54,TRUE,1969-04-12,Zigong,,People's Republic of China
228,Jay Chaudhry,10,security software,United States,61,TRUE,1955-01-01,Una district,,India
228,Eric Wittouck,10,investments,Belgium,74,FALSE,,,,Belgium
230,Carl Cook,9.9,medical devices,United States,58,FALSE,1962-11-10,,,United States
230,Jan Koum,9.9,WhatsApp,United States,45,TRUE,1976-02-24,Kyiv,,Ukraine
232,"Herbert Kohler, Jr. & family",9.8,plumbing fixtures,United States,82,FALSE,1939-02-20,Chicago,Illinois,United States
232,Tobi Lutke,9.8,e-commerce,Canada,40,TRUE,,,,Canada
234,James Dyson,9.7,vacuums,United Kingdom,74,TRUE,1947-05-02,Cromer,,United Kingdom
234,Mat Ishbia,9.7,★,United States,41,FALSE,1980-01-06,Birmingham,Michigan,United States
234,Savitri Jindal & family,9.7,steel,India,71,FALSE,,,,India
234,Friedhelm Loh,9.7,manufacturing,Germany,74,FALSE,,,,Germany
234,Iskander Makhmudov,9.7,"mining, metals, machinery",Russia,57,TRUE,1963-12-05,Bukhara,,Uzbekistan
234,Stefano Pessina,9.7,drugstores,Italy,79,FALSE,1941-06-04,Pescara,,Italy
234,Quek Leng Chan,9.7,"banking, property",Malaysia,79,FALSE,,,,Malaysia
241,Israel Englander,9.6,hedge funds,United States,72,TRUE,1948-01-01,New York City,New York,United States
241,Charles Ergen,9.6,satellite TV,United States,68,TRUE,,,,United States
241,Jim Pattison,9.6,diversified,Canada,92,TRUE,1928-10-01,Saskatoon,,Canada
241,Yao Liangsong,9.6,furniture,China,56,TRUE,,,,China
245,David Geffen,9.5,"movies, record labels",United States,78,TRUE,1943-02-21,Brooklyn,New York,United States
245,Yeung Kin-man,9.5,electronics,Hong Kong,57,TRUE,,,,Hong Kong
247,Ding Shizhong & family,9.4,sports apparel,China,50,TRUE,,,,China
247,Harold Hamm & family,9.4,oil & gas,United States,75,TRUE,1945-12-11,Lexington,Oklahoma,United States
247,Jim Kennedy,9.4,"media, automotive",United States,73,FALSE,,,,United States
247,Blair Parry-Okeden,9.4,"media, automotive",United States,70,FALSE,1950-01-01,Honolulu,Hawaii,United States
251,Ding Shijia,9.3,sports apparel,China,57,TRUE,,,,China
251,Kim Beom-su,9.3,online services,South Korea,55,TRUE,,,,South Korea
251,Ian & Richard Livingstone,9.3,real estate,United Kingdom,,TRUE,,,,United Kingdom
251,Sun Hongbin,9.3,real estate,United States,58,TRUE,1963-01-01,Yuncheng,,People's Republic of China
255,Alberto Bailleres Gonzalez & family,9.2,mining,Mexico,89,FALSE,,,,Mexico
256,Lam Wai-ying,9.1,smartphone screens,Hong Kong,,TRUE,,,,Hong Kong
256,Massimiliana Landini Aleotti & family,9.1,pharmaceuticals,Italy,78,FALSE,1942-08-07,Lerici,,Italy
256,Lu Xiangyang,9.1,"automobiles, batteries",China,58,TRUE,,,,China
256,Wolfgang Marguerre & family,9.1,pharmaceuticals,Germany,79,TRUE,,,,Germany
256,David Sun,9.1,computer hardware,United States,69,TRUE,1951-10-01,Taiwan,,Taiwan
256,John Tu,9.1,computer hardware,United States,79,TRUE,1940-01-01,Chongqing,,People's Republic of China
262,Guillaume Pousaz,9,fintech,Switzerland,39,TRUE,,,,Switzerland
262,Viktor Vekselberg,9,"metals, energy",Russia,64,TRUE,1957-04-14,Drohobych,,Ukraine
264,Jerry Jones,8.9,Dallas Cowboys,United States,78,TRUE,1942-10-13,Los Angeles,California,United States
264,Michael Otto,8.9,"retail, real estate",Germany,78,FALSE,,,,Germany
264,Steven Rales,8.9,manufacturing,United States,70,TRUE,1951-03-31,Bethesda,Maryland,United States
264,Sarath Ratanavadi,8.9,energy,Thailand,55,TRUE,,,,Thailand
264,Tse Ping,8.9,pharmaceuticals,China,69,TRUE,,,,China
269,Chan Tan Ching-fen,8.8,real estate,Hong Kong,,FALSE,,,,Hong Kong
269,David Cheriton,8.8,Google,Canada,70,TRUE,,,,Canada
269,Xavier Niel,8.8,"internet, telecom",France,53,TRUE,1967-08-25,Maisons-Alfort,,France
269,August von Finck,8.8,investments,Germany,91,FALSE,1930-03-11,Munich,,Germany
269,Zong Qinghou,8.8,beverages,China,75,TRUE,1945-10-11,Suqian,,People's Republic of China
274,Benu Gopal Bangur,8.7,cement,India,89,FALSE,,,,India
274,Sam Bankman-Fried,8.7,cryptocurrency,United States,29,,1992-03-06,Stanford,,United States
274,Cheng Xue,8.7,soy sauce,China,51,TRUE,,,,China
274,Graeme Hart,8.7,investments,New Zealand,65,TRUE,1955-01-01,New Zealand,,New Zealand
274,Kjeld Kirk Kristiansen,8.7,Lego,Denmark,73,FALSE,1947-12-27,Billund,,Denmark
274,Sofie Kirk Kristiansen,8.7,Lego,Denmark,45,FALSE,,,,Denmark
274,Thomas Kirk Kristiansen,8.7,Lego,Denmark,42,FALSE,,,,Denmark
274,Lin Bin,8.7,smartphones,United States,53,TRUE,1961-01-01,People's Republic of China,,People's Republic of China
274,Liu Jincheng & family,8.7,lithium batteries,China,56,TRUE,,,,China
274,Shigenobu Nagamori,8.7,motors,Japan,76,TRUE,,,,Japan
274,Carlos Alberto Sicupira & family,8.7,beer,Brazil,73,TRUE,,,,Brazil
274,Agnete Kirk Thinggaard,8.7,Lego,Denmark,37,FALSE,,,,Denmark
274,Anthony von Mandl,8.7,alcoholic beverages,Canada,,TRUE,,,,Canada
274,Xu Shihui,8.7,"snacks, beverages",China,63,TRUE,,,,China
288,Ernesto Bertarelli,8.6,"biotech, investments",Switzerland,55,FALSE,1965-09-22,Rome,,Italy
288,Leon Black,8.6,private equity,United States,69,TRUE,1951-07-31,,,United States
288,Azim Premji,8.6,software services,India,75,FALSE,1945-07-24,Mumbai,,India
288,Andrei Skoch & family,8.6,steel,Russia,55,TRUE,,,,Russia
288,George Soros,8.6,hedge funds,United States,90,TRUE,1930-08-12,Budapest,,Hungary
288,Zheng Shuliang & family,8.6,aluminum products,China,75,FALSE,,,,China
294,Marc Benioff,8.4,business software,United States,56,TRUE,1964-09-25,San Francisco,California,United States
294,Kuldip Singh & Gurbachan Singh Dhingra,8.4,paints,India,,TRUE,,,,India
294,Ann Walton Kroenke,8.4,Walmart,United States,72,FALSE,1948-12-18,United States,,United States
297,Bubba Cathy,8.3,Chick-fil-A,United States,67,FALSE,1950-01-01,Jonesboro,Georgia,United States
297,Dan Cathy,8.3,Chick-fil-A,United States,68,FALSE,1953-03-01,Jonesboro,,United States
297,Jay Y. Lee,8.3,Samsung,South Korea,52,FALSE,,,,South Korea
297,Pan Dong,8.3,consumer goods,Canada,56,TRUE,,,,Canada
297,Hasso Plattner & family,8.3,software,Germany,77,TRUE,1944-01-21,Berlin,,Germany
297,Nassef Sawiris,8.3,"construction, investments",Egypt,60,FALSE,1961-01-19,Aswan,,Egypt
297,Kushal Pal Singh,8.3,real estate,India,89,FALSE,1931-11-15,Bulandshahr,,India
304,Stanley Kroenke,8.2,"sports, real estate",United States,73,TRUE,,,,United States
304,Niels Peter Louis-Hansen,8.2,medical devices,Denmark,73,FALSE,,,,Denmark
304,Alain Merieux & family,8.2,pharmaceuticals,France,83,FALSE,,,,France
304,Andreas von Bechtolsheim & family,8.2,Google,Germany,65,TRUE,,,,Germany
308,Diane Hendricks,8,roofing,United States,74,TRUE,1947-01-01,Wisconsin,,United States
308,Shahid Khan,8,auto parts,United States,70,TRUE,1950-07-18,Lahore,,Pakistan
308,Nicky Oppenheimer & family,8,diamonds,South Africa,75,FALSE,1945-06-08,Johannesburg,,South Africa
311,Anthony Bamford & family,7.9,construction equipment,United Kingdom,75,FALSE,,,,United Kingdom
311,Andrew Beal,7.9,"banks, real estate",United States,68,TRUE,1952-11-11,Lansing,Michigan,United States
311,Dmitry Bukhman,7.9,online games,Russia,35,TRUE,,,,Russia
311,Igor Bukhman,7.9,online games,Russia,39,TRUE,,,,Russia
311,Takahisa Takahara,7.9,personal care goods,Japan,59,FALSE,,,,Japan
316,Kei Hoi Pang,7.8,real estate,China,55,TRUE,,,,China
316,Alexei Kuzmichev,7.8,"oil, banking, telecom",Russia,58,TRUE,,,,Russia
316,John Malone,7.8,cable television,United States,80,TRUE,,,,United States
316,Marijke Mars,7.8,"candy, pet food",United States,56,FALSE,1965-01-01,,,United States
316,Pamela Mars,7.8,"candy, pet food",United States,60,FALSE,,,,United States
316,Valerie Mars,7.8,"candy, pet food",United States,62,FALSE,1959-01-20,,,United States
316,Victoria Mars,7.8,"candy, pet food",United States,64,FALSE,,,,United States
323,Giorgio Armani,7.7,luxury goods,Italy,86,TRUE,1934-07-11,Piacenza,,Italy
323,Frederik Paulsen,7.7,health care,Sweden,70,FALSE,,,,Sweden
323,David Reuben,7.7,"investments, real estate",United Kingdom,82,TRUE,2000-01-01,,,United Kingdom
323,Simon Reuben,7.7,"real estate, investments",United Kingdom,80,TRUE,2000-01-01,,,United Kingdom
327,Alexander Abramov,7.6,"steel, mining",Russia,62,TRUE,,,,Russia
327,Rinat Akhmetov,7.6,"steel, coal",Ukraine,54,TRUE,1966-09-21,Donetsk,,Ukraine
327,Silvio Berlusconi & family,7.6,media,Italy,84,TRUE,1936-09-29,Milan,,Italy
327,John Grayken,7.6,private equity,Ireland,64,TRUE,,,,Ireland
327,David Green & family,7.6,retail,United States,79,TRUE,1969-01-01,,,United States
327,George Roberts,7.6,private equity,United States,77,TRUE,,,,United States
327,Zhao Yan,7.6,biotech,China,54,TRUE,,,,China
334,Nancy Walton Laurie,7.5,Walmart,United States,69,FALSE,1951-05-15,United States,,United States
334,Pei Zhenhua,7.5,batteries,China,62,TRUE,,,,China
334,Ruan Liping,7.5,power strips,Hong Kong,57,TRUE,,,,Hong Kong
334,Ruan Xueping,7.5,power strip,Hong Kong,49,TRUE,,,,Hong Kong
334,Patrick Soon-Shiong,7.5,pharmaceuticals,United States,68,TRUE,1952-07-29,Gqeberha,,South Africa
339,Antonia Ax:son Johnson & family,7.4,diversified,Sweden,77,FALSE,1943-09-06,New York City,New York,United States
339,"Ernest Garcia, III.",7.4,used cars,United States,39,FALSE,,,,United States
339,George Lucas,7.4,Star Wars,United States,76,TRUE,1944-05-14,Modesto,California,United States
339,Vicky Safra,7.4,banking,Greece,68,FALSE,,,,Greece
339,Zhang Jindong,7.4,appliance retailer,China,58,TRUE,1963-03-28,Tianchang,,People's Republic of China
344,Laurent Dassault,7.3,diversified,France,67,FALSE,,,,France
344,Thierry Dassault,7.3,diversified,France,64,FALSE,,,,France
344,Marie-Hélène Habert,7.3,diversified,France,56,FALSE,,,,France
344,Henry Kravis,7.3,private equity,United States,77,TRUE,1944-01-06,Tulsa,Oklahoma,United States
344,Lai Meisong,7.3,package delivery,China,50,TRUE,,,,China
344,Sandra Ortega Mera,7.3,Zara,Spain,52,FALSE,1968-07-19,A Coruña,,Spain
344,Pham Nhat Vuong,7.3,diversified,Vietnam,52,TRUE,,,,Vietnam
344,David Shaw,7.3,hedge funds,United States,70,TRUE,,,,United States
352,Rocco Commisso,7.2,telecom,United States,71,TRUE,1949-11-25,Marina di Gioiosa Ionica,,Italy
352,Michael Kadoorie,7.2,"hotels, energy",Hong Kong,79,FALSE,1941-07-19,British Hong Kong,,United Kingdom
352,Bernard Marcus,7.2,Home Depot,United States,91,TRUE,1929-05-12,Newark,New Jersey,United States
352,Manuel Villar,7.2,real estate,Philippines,71,TRUE,,,,Philippines
352,Christy Walton,7.2,Walmart,United States,72,FALSE,1949-02-08,Jackson,Wyoming,United States
352,Wang Zhenhua,7.2,real estate,China,59,TRUE,,,,China
358,Carl Bennet,7.1,investments,Sweden,69,TRUE,,,,Sweden
358,Rahel Blocher,7.1,chemicals,Switzerland,45,FALSE,,,,Switzerland
358,Johann Graf,7.1,gambling,Austria,74,TRUE,1946-01-03,Vienna,,Austria
358,Ralph Lauren,7.1,apparel,United States,81,TRUE,1939-10-14,The Bronx,New York,United States
358,Li Hua,7.1,financial services,China,43,TRUE,,,,China
358,Magdalena Martullo-Blocher,7.1,chemicals,Switzerland,52,FALSE,1969-08-13,Männedorf,,Switzerland
358,Stewart and Lynda Resnick,7.1,"agriculture, water",United States,,TRUE,,,,United States
358,Johann Rupert & family,7.1,luxury goods,South Africa,70,FALSE,,,,South Africa
358,Safra siblings,7.1,banking,Brazil,,FALSE,,,,Brazil
358,Anthony Wood,7.1,Roku,United States,55,TRUE,1965-12-01,England,,United Kingdom
358,Gang Ye,7.1,gaming,Singapore,40,TRUE,,,,Singapore
369,Igor Altushkin,7,metals,Russia,50,TRUE,,,,Russia
369,Bajaj brothers,7,diversified,India,,FALSE,,,,India
369,Juan Francisco Beckmann Vidal & family,7,tequila,Mexico,81,FALSE,,,,Mexico
369,Alexandre Behring,7,investments,Brazil,54,TRUE,,,,Brazil
369,Vincent Bolloré & family,7,investments,France,69,FALSE,1952-04-01,Boulogne-Billancourt,,France
369,Gustaf Douglas,7,investments,Sweden,83,TRUE,1938-03-03,Sweden,,Sweden
369,Terry Gou,7,electronics,Taiwan,70,TRUE,1950-10-08,Banqiao District,,Taiwan
369,"Paul Tudor Jones, II.",7,hedge funds,United States,66,TRUE,,,,United States
369,Richard Kinder,7,pipelines,United States,76,TRUE,1944-10-19,Cape Girardeau,Missouri,United States
369,Ludwig Merckle,7,pharmaceuticals,Germany,56,FALSE,1892-01-28,Ústí nad Labem,,Czech Republic
369,Stephen Ross,7,real estate,United States,80,TRUE,,,,United States
380,Eli Broad,6.9,investments,United States,,TRUE,1933-06-06,The Bronx,New York,United States
380,Jim Davis & family,6.9,New Balance,United States,77,TRUE,1943-01-01,Boston,Massachusetts,United States
380,Guo Guangchang,6.9,conglomerate,China,54,TRUE,,,,China
380,Robert Kraft,6.9,New England Patriots,United States,79,TRUE,1941-06-05,Brookline,Massachusetts,United States
384,Murali Divi & family,6.8,pharmaceuticals,India,70,TRUE,,,,India
384,Huang Chulong,6.8,real estate,Canada,62,TRUE,,,,Canada
384,Li Jianquan & family,6.8,consumer products,Hong Kong,64,TRUE,,,,Hong Kong
384,Shi Yonghong & family,6.8,restaurants,China,52,TRUE,,,,China
384,Wee Cho Yaw,6.8,banking,Singapore,92,FALSE,1929-01-10,China,,Singapore
384,Erich Wesjohann & family,6.8,poultry genetics,Germany,75,TRUE,,,,Germany
384,Aloys Wobben,6.8,wind turbines,Germany,69,TRUE,1952-01-22,Rastdorf,,Germany
391,Micky Arison,6.7,Carnival Cruises,United States,71,FALSE,1949-06-29,Tel Aviv,,Israel
391,Jean-Michel Besnier,6.7,cheese,France,53,FALSE,,,,France
391,Marie Besnier Beauvalot,6.7,cheese,France,40,FALSE,,,,France
391,Kwon Hyuk-bin,6.7,online games,South Korea,47,TRUE,1973-01-01,,,South Korea
391,Li Haiyan,6.7,restaurants,China,,TRUE,,,,China
391,Fredrik Lundberg,6.7,"real estate, investments",Sweden,69,FALSE,,,,Sweden
391,Hiroshi Mikitani,6.7,online retail,Japan,56,TRUE,,,,Japan
391,Dmitry Rybolovlev,6.7,fertilizer,Russia,54,TRUE,1966-11-22,Perm,,Russia
391,Reinhold Schmieding,6.7,medical devices,United States,66,TRUE,1955-01-01,,,United States
400,Francis Choi,6.6,real estate,Hong Kong,73,TRUE,,,,Hong Kong
400,Bruce Kovner,6.6,hedge funds,United States,76,TRUE,1945-02-27,Brooklyn,New York,United States
400,Wang Wenjing,6.6,business software,China,56,TRUE,,,,China
400,Zeng Fangqin,6.6,smartphone components,China,55,TRUE,,,,China
404,Brian Armstrong,6.5,cryptocurrency,United States,38,TRUE,1983-01-25,San Jose,California,United States
404,Chu Mang Yee & family,6.5,real estate,China,61,TRUE,,,,China
404,Denise Coates,6.5,online gambling,United Kingdom,53,TRUE,1967-09-26,Stoke-on-Trent,,United Kingdom
404,Gopikishan Damani,6.5,"retail, investments",India,63,TRUE,,,,India
404,James Goodnight,6.5,software,United States,78,TRUE,1943-01-06,Salisbury,North Carolina,United States
404,Antti Herlin,6.5,"elevators, escalators",Finland,64,FALSE,1956-11-14,Kirkkonummi,,Finland
404,Liu Yongxing,6.5,diversified,China,72,TRUE,,,,China
404,Sri Prakash Lohia,6.5,petrochemicals,Indonesia,68,FALSE,1952-08-11,Kolkata,,India
404,John Overdeck,6.5,hedge funds,United States,51,TRUE,1969-01-01,,,United States
404,Prajogo Pangestu,6.5,petrochemicals,Indonesia,76,FALSE,,,,Indonesia
404,Horst Julius Pudwill,6.5,manufacturing,Germany,76,TRUE,,,,Germany
404,David Siegel,6.5,hedge funds,United States,86,TRUE,1961-01-01,The Bronx,New York,United States
404,Ronda Stryker,6.5,medical equipment,United States,67,FALSE,1954-01-01,,,United States
404,Georg Stumpf,6.5,"real estate, construction",Austria,48,TRUE,1972-09-14,Austria,,Austria
418,Pauline MacMillan Keinath,6.4,Cargill,United States,87,FALSE,1934-07-31,,,United States
418,Wang Yusuo & family,6.4,natural gas distribution,China,57,TRUE,,,,China
418,Dennis Washington,6.4,"construction, mining",United States,86,TRUE,1934-01-01,Spokane,Washington,United States
421,Rahul Bajaj,6.3,diversified,India,82,FALSE,,,,India
421,Ashwin Dani & family,6.3,paints,India,78,FALSE,,,,India
421,Andreas Halvorsen,6.3,hedge funds,Norway,60,TRUE,,,,Norway
421,Andrei Kozitsyn,6.3,metals,Russia,60,TRUE,,,,Russia
421,Axel Oberwelland,6.3,candy,Germany,54,FALSE,,,,Germany
421,Shi Yuzhu,6.3,"online games, investments",China,58,TRUE,,,,China
421,Tsai Eng-meng,6.3,"food, beverages",Taiwan,64,FALSE,1957-01-15,Datong District,,Taiwan
421,Murat Ulker,6.3,food,Turkey,62,FALSE,,,,Turkey
421,Wang Junlin,6.3,liquor,China,58,TRUE,,,,China
421,Wang Ning & family,6.3,toys,China,34,TRUE,,,,China
421,You Xiaoping,6.3,"chemicals, spandex",China,63,TRUE,,,,China
432,Arthur Blank,6.2,Home Depot,United States,78,TRUE,1942-09-27,Sunnyside,New York,United States
432,James Chambers,6.2,"media, automotive",United States,64,FALSE,,,,United States
432,Jiang Bin,6.2,acoustic components,China,54,TRUE,,,,China
432,Jason Jiang,6.2,advertising,China,48,TRUE,,,,China
432,Mitchell Rales,6.2,"manufacturing, investments",United States,64,TRUE,1956-08-01,Pittsburgh,Pennsylvania,United States
432,Katharine Rayner,6.2,"media, automotive",United States,76,FALSE,1945-01-01,United States,,United States
432,Margaretta Taylor,6.2,"media, automotive",United States,79,FALSE,1942-01-01,United States,,United States
432,Stef Wertheimer & family,6.2,metalworking tools,Israel,94,TRUE,1926-07-16,Kippenheim,,Germany
440,Mike Adenuga,6.1,"telecom, oil",Nigeria,68,TRUE,,,,Nigeria
440,Charles Dolan & family,6.1,cable television,United States,94,TRUE,1926-10-16,Cleveland,Ohio,United States
440,Marcos Galperin,6.1,e-commerce,Argentina,,TRUE,,,,Argentina
440,Huang Li,6.1,imaging systems,China,57,TRUE,,,,China
440,Law Kar Po,6.1,real estate,Hong Kong,72,FALSE,,,,Hong Kong
440,Li Wa,6.1,real estate,Hong Kong,55,TRUE,,,,Hong Kong
440,Idan Ofer,6.1,"drilling, shipping",Israel,65,FALSE,1955-10-02,Haifa,,Israel
440,Qian Dongqi & family,6.1,household appliances,China,63,TRUE,,,,China
440,Odd Reitan & family,6.1,"retail, real estate",Norway,69,FALSE,,,,Norway
440,Henry Samueli,6.1,semiconductors,United States,66,TRUE,1954-09-20,Buffalo,New York,United States
440,Les Wexner & family,6.1,retail,United States,83,TRUE,1937-09-08,Dayton,Ohio,United States
451,Dannine Avara,6,pipelines,United States,57,FALSE,1974-01-01,,,United States
451,Juergen Blickle,6,auto parts,Germany,74,FALSE,,,,Germany
451,Robert Brockman,6,Software,United States,79,TRUE,1941-05-28,St. Petersburg,,United States
451,Mong-Koo Chung,6,Hyundai,South Korea,83,FALSE,,,,South Korea
451,Dulce Pugliese de Godoy Bueno,6,"hospitals, health care",Brazil,73,TRUE,,,,Brazil
451,Daniel Dines,6,software,Romania,49,TRUE,,,,Romania
451,Scott Duncan,6,pipelines,United States,38,FALSE,1983-01-01,United States,,United States
451,Judy Faulkner,6,health IT,United States,77,TRUE,,,,United States
451,Guenther Fielmann & family,6,optometry,Germany,81,TRUE,,,,Germany
451,Milane Frantz,6,pipelines,United States,51,FALSE,1970-01-01,,,United States
451,Frits Goldschmeding,6,temp agency,Netherlands,87,TRUE,1933-08-02,Amsterdam,,Netherlands
451,Andrei Guriev & family,6,fertilizers,Russia,61,TRUE,,,,Russia
451,Jane Lauder,6,Estée Lauder,United States,48,FALSE,1973-01-01,,,United States
451,Martin Lorentzon,6,Spotify,Sweden,52,TRUE,,,,Sweden
451,Isaac Perlmutter,6,Marvel comics,United States,78,TRUE,1942-12-01,Mandatory Palestine,,British Empire
451,Jeff Skoll,6,eBay,United States,56,TRUE,1965-01-16,Montreal,,Canada
451,Robert F. Smith,6,private equity,United States,58,TRUE,1962-12-01,Denver,Colorado,United States
451,John A. Sobrato & family,6,real estate,United States,81,TRUE,1939-01-01,San Francisco,California,United States
451,Ronald Wanek,6,furniture,United States,79,TRUE,,,,United States
451,Randa Duncan Williams,6,pipelines,United States,59,FALSE,,,,United States
451,Hansjoerg Wyss,6,medical devices,Switzerland,86,TRUE,,,,Switzerland
472,Chen Fashu,5.9,investments,China,60,TRUE,,,,China
472,Chen Rui,5.9,online entertainment,China,43,TRUE,,,,China
472,Christopher Hohn,5.9,hedge funds,United Kingdom,54,TRUE,,,,United Kingdom
472,Lin Jianhua & family,5.9,solar panel components,China,58,TRUE,,,,China
476,Maria Asuncion Aramburuzabala & family,5.8,"beer, investments",Mexico,58,FALSE,,,,Mexico
476,Chan Laiwa & family,5.8,real estate,China,80,TRUE,,,,China
476,George Kaiser,5.8,"oil & gas, banking",United States,78,FALSE,1942-07-29,Tulsa,Oklahoma,United States
476,Ananda Krishnan,5.8,"telecoms, media, oil-services",Malaysia,83,TRUE,1938-04-01,Brickfields,,Malaysia
476,Douglas Leone,5.8,venture capital,United States,63,TRUE,1957-07-04,Genoa,,Italy
476,Li Chunan,5.8,renewable energy,China,52,TRUE,,,,China
476,Li Ping,5.8,batteries,Hong Kong,,,,,,Hong Kong
476,William Li,5.8,electric vehicles,China,46,TRUE,,,,China
476,Augusto & Giorgio Perfetti,5.8,candy,Italy,,FALSE,,,,Italy
476,Meg Whitman,5.8,eBay,United States,64,TRUE,1956-08-04,Cold Spring Harbor,New York,United States
486,Neil Bluhm,5.7,real estate,United States,83,TRUE,1938-01-01,Chicago,Illinois,United States
486,Andrew Currie,5.7,chemicals,United Kingdom,65,TRUE,1955-01-01,,,United Kingdom
486,Tom Gores,5.7,private equity,United States,56,TRUE,1964-07-31,Nazareth,,Israel
486,Michel Leclercq & family,5.7,sporting goods,France,81,FALSE,,,,France
486,Michael Moritz,5.7,venture capital,United States,66,TRUE,1954-01-01,Subdivisions of Wales,,United Kingdom
486,Nicolas Puech,5.7,Hermes,France,78,FALSE,,,,France
486,John Reece,5.7,chemicals,United Kingdom,64,TRUE,1957-01-01,,,United Kingdom
486,Emanuele (Lino) Saputo & family,5.7,cheese,Canada,84,FALSE,,,,Canada
486,Fred Smith,5.7,FedEx,United States,,,,,,United States
486,Teh Hong Piow,5.7,banking,Malaysia,91,TRUE,1930-03-14,Colony of Singapore,,United Kingdom
496,Rene Benko,5.6,"real estate, retail",Austria,44,TRUE,,,,Austria
496,Jack Dangermond,5.6,mapping software,United States,75,TRUE,1945-07-25,Loma Linda,California,United States
496,Stanley Druckenmiller,5.6,hedge funds,United States,67,TRUE,1953-06-14,Pittsburgh,Pennsylvania,United States
496,Tamara Gustavson,5.6,self storage,United States,59,FALSE,1961-01-01,,,United States
496,Jian Jun,5.6,biomedical products,China,57,TRUE,,,,China
496,Kwee brothers,5.6,Real Estate,Singapore,,FALSE,,,,Singapore
502,Clive Calder,5.5,record label,United Kingdom,74,TRUE,1946-12-13,Johannesburg,,South Africa
502,Hasmukh Chudgar & family,5.5,pharmaceuticals,India,87,TRUE,,,,India
502,Dagmar Dolby & family,5.5,Dolby Laboratories,United States,79,FALSE,1941-06-28,Germany,,Germany
502,Dong Wei,5.5,pharmaceuticals,China,50,TRUE,,,,China
502,Ken Fisher,5.5,money management,United States,70,TRUE,1950-11-29,San Francisco,California,United States
502,Ivan Glasenberg,5.5,mining,Switzerland,64,TRUE,1957-01-07,Johannesburg,,South Africa
502,He Xiaopeng,5.5,electric vehicles,China,43,TRUE,,,,China
502,Sumet Jiaravanon,5.5,diversified,Thailand,86,FALSE,,,,Thailand
502,Karel Komarek,5.5,"oil and gas, IT, lotteries",Czechia,52,TRUE,,,,Czechia
502,Ronald Lauder,5.5,Estee Lauder,United States,77,FALSE,1944-02-26,New York City,New York,United States
502,Mu Rongjun,5.5,e-commerce,China,41,TRUE,,,,China
502,J. Christopher Reyes,5.5,food distribution,United States,67,TRUE,1953-00-00,Maryland,,United States
502,Jude Reyes,5.5,food distribution,United States,65,TRUE,1955-01-01,Maryland,,United States
502,Kjell Inge Rokke,5.5,"shipping, seafood",Norway,62,TRUE,,,,Norway
502,"Edward Roski, Jr.",5.5,real estate,United States,82,FALSE,,,,United States
502,Alexandra Schoerghuber,5.5,real estate,Germany,62,FALSE,,,,Germany
502,Shu Ping,5.5,restaurants,Singapore,,TRUE,,,,Singapore
502,Christoph Zeller,5.5,dental implants,Liechtenstein,64,FALSE,1956-01-01,Germany,,Germany
520,An Kang,5.4,pharmaceuticals,China,72,TRUE,,,,China
520,Rainer Blickle,5.4,auto parts,Germany,73,FALSE,,,,Germany
520,Jaran Chiaravanont,5.4,diversified,Thailand,91,FALSE,,,,Thailand
520,Alceu Elias Feldmann,5.4,fertilizer,Brazil,71,TRUE,,,,Brazil
520,Montri Jiaravanont,5.4,diversified,Thailand,90,FALSE,,,,Thailand
520,"Henry Nicholas, III.",5.4,semiconductors,United States,61,TRUE,,,,United States
520,Terrence Pegula,5.4,natural gas,United States,70,TRUE,,,,United States
520,Carrie Perrodo & family,5.4,oil,France,70,FALSE,,,,France
520,Harry Stine,5.4,agriculture,United States,79,TRUE,1941-11-01,,,United States
529,Pyotr Aven,5.3,"oil, banking, telecom",Russia,66,TRUE,1955-03-16,Moscow,,Russia
529,Kapil & Rahul Bhatia,5.3,airlines,India,,TRUE,,,,India
529,Cao Renxian,5.3,photovoltaic equipment,China,52,TRUE,,,,China
529,Barry Lam,5.3,electronics,Taiwan,72,TRUE,,,,Taiwan
529,Carlos Rodriguez-Pastor,5.3,finance,Peru,62,FALSE,1959-04-11,Lima,,Peru
529,Shen Guojun,5.3,retail,China,58,TRUE,,,,China
529,Luiza Helena Trajano,5.3,retail chain,Brazil,69,FALSE,,,,Brazil
529,Yao Zhenhua & family,5.3,conglomerate,China,51,TRUE,1970-01-01,,,China
529,Yu Yong,5.3,mining,China,60,TRUE,,,,China
529,Sam Zell,5.3,"real estate, private equity",United States,79,TRUE,1941-09-27,Chicago,Illinois,United States
539,John Brown,5.2,medical equipment,United States,86,TRUE,1800-05-09,Torrington,Connecticut,United States
539,Giuseppe De'Longhi & family,5.2,coffee makers,Italy,82,FALSE,,,,Italy
539,Frank Lowy,5.2,shopping malls,Australia,90,TRUE,1930-10-22,Fiľakovo,,Slovakia
539,Joe Mansueto,5.2,investment research,United States,64,TRUE,1956-09-03,Munster,Indiana,United States
539,Akio Nitori,5.2,home furnishings,Japan,77,TRUE,,,,Japan
539,Gary Rollins,5.2,pest control,United States,76,FALSE,1944-08-30,,,United States
539,Ruan Hongliang & family,5.2,glass,China,60,TRUE,,,,China
539,Teddy Sagi,5.2,gambling software,Israel,49,TRUE,,,,Israel
539,Neil Shen,5.2,venture capital,China,53,TRUE,,,,China
539,David Velez,5.2,fintech,Colombia,39,TRUE,,,,Colombia
539,Wong Man Li,5.2,furniture,Hong Kong,56,TRUE,,,,Hong Kong
550,Robert Bass,5.1,"oil, investments",United States,73,FALSE,1948-01-01,Texas,,United States
550,Pierre Chen,5.1,electronics,Taiwan,64,TRUE,,,,Taiwan
550,Mahendra Choksi & family,5.1,paints,India,80,FALSE,,,,India
550,Gustavo Denegri,5.1,biotech,Italy,84,TRUE,1937-01-01,,,Italy
550,Reed Hastings,5.1,Netflix,United States,60,TRUE,1960-10-08,Boston,Massachusetts,United States
550,Michael Herz,5.1,coffee,Germany,77,FALSE,1943-09-28,,,Germany
550,Wolfgang Herz,5.1,coffee,Germany,70,FALSE,,,,Germany
550,Patrick Lee,5.1,paper,Hong Kong,79,TRUE,,,,Hong Kong
550,Lee Yeow Chor & Yeow Seng,5.1,"palm oil, property",Malaysia,,FALSE,,,,Malaysia
550,Theo Mueller,5.1,dairy,Germany,81,FALSE,,,,Germany
550,Wu Guanjiang & family,5.1,pharmaceuticals,China,52,TRUE,,,,China
561,Bernard Broermann,5,hospitals,Germany,77,TRUE,1943-11-20,Damme,,Germany
561,Jason Chang,5,electronics,Singapore,77,TRUE,,,,Singapore
561,Joshua Harris,5,private equity,United States,56,TRUE,1960-01-01,,,United States
561,Vikram Lal & family,5,motorcycles,India,79,FALSE,,,,India
561,Lin Xiucheng & family,5,electronics,China,65,TRUE,,,,China
561,Pankaj Patel,5,pharmaceuticals,India,68,FALSE,,,,India
561,"Enrique Razon, Jr.",5,ports,Philippines,61,FALSE,,,,Philippines
561,"Walter Scott, Jr. & family",5,"utilities, telecom",United States,89,TRUE,,,,United States
561,Charles Simonyi,5,Microsoft,United States,72,TRUE,1948-09-10,Budapest,,Hungary
561,Kate Wang,5,e-cigarettes,China,39,TRUE,,,,China
561,Daniel Ziff,5,investments,United States,49,FALSE,,,,United States
561,Dirk Ziff,5,investments,United States,57,FALSE,,,,United States
561,Robert Ziff,5,investments,United States,54,FALSE,,,,United States
574,Stephen Bisciotti,4.9,"staffing, Baltimore Ravens",United States,61,TRUE,1960-01-01,,,United States
574,Chen Dongsheng,4.9,insurance,China,63,TRUE,,,,China
574,Charles B. Johnson,4.9,money management,United States,88,FALSE,1933-01-06,Montclair,,United States
574,Marc Ladreit de Lacharriere,4.9,finance,France,80,TRUE,,,,France
574,Joe Lewis,4.9,investments,United Kingdom,84,TRUE,1937-02-05,Bow,,United Kingdom
574,Lin Li,4.9,investments,China,58,TRUE,,,,China
574,Karen Pritzker,4.9,"hotels, investments",United States,63,FALSE,1958-01-01,Oberlin,Ohio,United States
574,Abdulsamad Rabiu,4.9,"cement, sugar",Nigeria,60,FALSE,,,,Nigeria
574,Mark Scheinberg,4.9,online gambling,Canada,47,TRUE,,,,Canada
574,Howard Schultz,4.9,Starbucks,United States,67,TRUE,1953-07-19,Brooklyn,New York,United States
574,Yasumitsu Shigeta,4.9,mobile phone retailer,Japan,56,TRUE,,,,Japan
574,Thomas Siebel,4.9,business software,United States,68,TRUE,1952-11-20,Chicago,Illinois,United States
574,Peter Thiel,4.9,Facebook,United States,53,TRUE,1967-10-11,Frankfurt,,Germany
574,Chip Wilson,4.9,Lululemon,Canada,64,TRUE,,,,Canada
574,Zhang Fan,4.9,touch screens,China,55,TRUE,,,,China
589,Pierre Bellon & family,4.8,food services,France,91,FALSE,1930-01-24,Marseille,,France
589,Richard Branson,4.8,Virgin,United Kingdom,70,TRUE,1950-07-18,Blackheath,,United Kingdom
589,Huang Yi,4.8,car dealerships,Hong Kong,59,TRUE,,,,Hong Kong
589,Bidzina Ivanishvili,4.8,investments,Georgia,65,TRUE,1956-02-18,Chorvila,,Georgia
589,"Edward Johnson, IV.",4.8,money management,United States,56,FALSE,,,,United States
589,Elizabeth Johnson,4.8,money management,United States,58,FALSE,,,,United States
589,Ted Lerner & family,4.8,real estate,United States,95,TRUE,,,,United States
589,Lin Shu-hong,4.8,petrochemicals,Taiwan,92,TRUE,,,,Taiwan
589,Yuri Milner,4.8,tech investments,Israel,59,TRUE,1961-11-11,Moscow,,Russia
589,Issad Rebrab & family,4.8,food,Algeria,77,TRUE,,,,Algeria
589,Thomas Schmidheiny,4.8,cement,Switzerland,75,FALSE,1945-01-01,Balgach,,Switzerland
589,Chairul Tanjung,4.8,diversified,Indonesia,58,TRUE,1962-06-18,Jakarta,,Indonesia
589,Alan Trefler,4.8,software,United States,65,TRUE,1956-03-10,Boston,Massachusetts,United States
589,Radovan Vitek,4.8,real estate,Czechia,50,TRUE,,,,Czechia
589,Frank Wang,4.8,drones,China,40,TRUE,1980-01-01,Hangzhou,,People's Republic of China
589,Wang Xicheng & family,4.8,tires,China,72,TRUE,,,,China
589,Wang Zhendong,4.8,education,China,44,TRUE,,,,China
589,"John, Alan & Bruce Wilson",4.8,retailing,Australia,,FALSE,,,,Australia
589,M.A. Yusuff Ali,4.8,retail,India,65,TRUE,,,,India
608,Maria Fernanda Amorim & family,4.7,"energy, investments",Portugal,86,FALSE,,,,Portugal
608,Dona Bertarelli,4.7,biotech,Switzerland,53,FALSE,,,,Switzerland
608,Hong Jie,4.7,paint,China,53,TRUE,,,,China
608,Nathan Kirsh,4.7,"retail, real estate",Eswatini (Swaziland),89,TRUE,,,,Eswatini (Swaziland)
608,Ken Langone,4.7,investments,United States,85,TRUE,1935-09-16,Roslyn Heights,New York,United States
608,Michael Pieper,4.7,kitchen appliances,Switzerland,75,TRUE,,,,Switzerland
608,Richard Schulze,4.7,Best Buy,United States,80,TRUE,1941-01-01,,,United States
608,Eric Smidt,4.7,hardware stores,United States,61,TRUE,1960-01-26,Los Angeles,California,United States
608,Tim Sweeney,4.7,video games,United States,50,TRUE,1970-01-01,Potomac,Maryland,United States
608,Tang Shing-bor,4.7,real estate,Hong Kong,87,TRUE,,,,Hong Kong
608,Oleg Tinkov,4.7,banking,Russia,53,TRUE,1967-12-25,Polysayevo,,Russia
608,Mark Walter,4.7,finance,United States,60,TRUE,1960-01-01,Cedar Rapids,Iowa,United States
608,Wong Luen Hei,4.7,building materials,China,59,TRUE,,,,China
608,Zhou Bajin,4.7,auto parts,China,86,TRUE,,,,China
622,Patrizio Bertelli,4.6,luxury goods,Italy,75,TRUE,,,,Italy
622,Bert Beveridge,4.6,vodka,United States,59,TRUE,1962-01-01,,,United States
622,Martin & Olivier Bouygues,4.6,"construction, media",France,,FALSE,,,,France
622,Chen Lip Keong,4.6,"casinos, property, energy",Malaysia,73,TRUE,,,,Malaysia
622,Dong Fan,4.6,medical devices,China,,TRUE,,,,China
622,Daniel Ek,4.6,Spotify,Sweden,38,TRUE,1983-02-21,Vantörs parish,,Sweden
622,Tilman Fertitta,4.6,"Houston Rockets, entertainment",United States,63,TRUE,1957-06-25,Galveston,,United States
622,Luis Frias,4.6,mobile payments,Brazil,58,FALSE,,,,Brazil
622,Peter Gassner,4.6,software,United States,56,TRUE,1965-01-01,,,United States
622,Vladimir Kim,4.6,mining,Kazakhstan,60,TRUE,,,,Kazakhstan
622,Li Weiguo,4.6,construction materials,China,56,TRUE,,,,China
622,Denis O'Brien,4.6,telecom,Ireland,63,TRUE,1958-04-19,Ireland,,Ireland
622,Miuccia Prada,4.6,luxury goods,Italy,71,FALSE,1949-05-10,Milan,,Italy
622,"Robert Rich, Jr.",4.6,frozen foods,United States,80,FALSE,,,,United States
622,Abhay Vakil & family,4.6,paints,India,70,FALSE,,,,India
622,Paul-Heinz Wesjohann & family,4.6,chicken processing,Germany,77,TRUE,,,,Germany
638,Ron Baron,4.5,money management,United States,77,TRUE,,,,United States
638,Andre Esteves,4.5,banking,Brazil,52,TRUE,,,,Brazil
638,Jonathan Gray,4.5,investments,United States,51,TRUE,,,,United States
638,Hu Baifan,4.5,pharmaceuticals,China,58,TRUE,,,,China
638,Viatcheslav Kantor,4.5,"fertilizer, real estate",Russia,67,TRUE,,,,Russia
638,Min Kao & family,4.5,navigation equipment,United States,72,TRUE,1949-01-01,Jhushan Township,,Taiwan
638,Friedrich Knapp,4.5,fashion retail,Germany,70,TRUE,,,,Germany
638,Richard Li,4.5,telecom,Hong Kong,54,FALSE,1966-11-08,British Hong Kong,,United Kingdom
638,Rudolf Maag,4.5,medical devices,Switzerland,75,TRUE,,,,Switzerland
638,Miao Hangen,4.5,"textiles, petrochemicals",China,56,TRUE,,,,China
638,Sami Mnaymneh,4.5,private equity,United States,59,TRUE,1961-01-01,,,United States
638,Igor Olenicoff,4.5,real estate,United States,78,TRUE,1942-01-01,Moscow Oblast,,Russia
638,Sergei Popov,4.5,banking,Russia,49,TRUE,1971-08-12,Yekaterinburg,,Russia
638,Thomas Pritzker,4.5,"hotels, investments",United States,70,FALSE,1950-06-06,,,United States
638,"Julian Robertson, Jr.",4.5,hedge funds,United States,88,TRUE,,,,United States
638,Tony Tamer,4.5,private equity,United States,63,TRUE,1957-10-01,,,United States
638,Zhu Baoguo & family,4.5,pharmaceuticals,China,59,TRUE,,,,China
655,Shari Arison,4.4,Carnival Cruises,Israel,63,FALSE,1957-09-09,New York City,New York,United States
655,Orlando Bravo,4.4,private equity,United States,50,TRUE,1970-01-01,Mayagüez,,United States
655,Garrett Camp,4.4,Uber,Canada,42,TRUE,,,,Canada
655,Nick Caporella,4.4,beverages,United States,85,TRUE,1936-01-01,,,United States
655,Mark Cuban,4.4,"online media, Dallas Mavericks",United States,62,TRUE,1958-07-31,Pittsburgh,Pennsylvania,United States
655,Yakir Gabay,4.4,real estate,Cyprus,55,TRUE,,,,Cyprus
655,Erman Ilicak,4.4,construction,Turkey,53,TRUE,,,,Turkey
655,Gustav Magnar Witzoe,4.4,fish farming,Norway,28,FALSE,,,,Norway
655,Michael Minhong Yu,4.4,education,China,59,TRUE,,,,China
655,Zhang Daocai,4.4,valves,China,71,TRUE,,,,China
665,Stéphane Bancel,4.3,biotech,France,48,TRUE,,,,France
665,Ralph Dommermuth,4.3,internet service provider,Germany,57,TRUE,,,,Germany
665,Thomas Hagen,4.3,insurance,United States,85,FALSE,,,,United States
665,Pansy Ho,4.3,casinos,Hong Kong,58,FALSE,,,,Hong Kong
665,Rakesh Jhunjhunwala,4.3,investments,India,60,TRUE,,,,India
665,Lee Yin Yee,4.3,glass,China,69,TRUE,,,,China
665,Eric Lefkofsky,4.3,Groupon,United States,51,TRUE,1969-09-13,Detroit,Michigan,United States
665,Edwin Leong,4.3,real estate,Hong Kong,69,TRUE,,,,Hong Kong
665,Pawan Munjal & family,4.3,motorcycles,India,67,FALSE,,,,India
665,Antony Ressler,4.3,finance,United States,59,TRUE,1960-01-01,"Washington, D.C.",,United States
665,Paul Singer,4.3,hedge funds,United States,76,TRUE,1944-08-22,New Jersey,,United States
665,Kerry Stokes,4.3,"construction equipment, media",Australia,80,TRUE,,,,Australia
665,Steven Udvar-Hazy,4.3,aircraft leasing,United States,75,TRUE,,,,United States
665,Takao Yasuda,4.3,retail,Japan,72,TRUE,,,,Japan
665,Ye Chenghai & family,4.3,pharmaceuticals,Hong Kong,77,TRUE,,,,Hong Kong
680,Alain Bouchard,4.2,retail,Canada,72,TRUE,,,,Canada
680,Rick Caruso,4.2,real estate,United States,62,TRUE,1959-01-07,Los Angeles,,United States
680,Scott Cook,4.2,software,United States,68,TRUE,1952-01-01,,,United States
680,Barry Diller,4.2,online media,United States,79,TRUE,1942-02-02,San Francisco,California,United States
680,Traudl Engelhorn & family,4.2,"pharmaceuticals, medical equipment",Germany,94,FALSE,,,,Germany
680,Fang Wei,4.2,steel,China,47,TRUE,,,,China
680,Fu Liquan & family,4.2,surveillance equipment,China,53,TRUE,,,,China
680,Luca Garavoglia,4.2,spirits,Italy,52,FALSE,1969-02-27,Milan,,Italy
680,Tom Golisano,4.2,payroll services,United States,79,TRUE,1941-11-14,Irondequoit,New York,United States
680,Peter Hargreaves,4.2,financial services,United Kingdom,74,TRUE,,,,United Kingdom
680,Bertil Hult,4.2,education,Sweden,80,TRUE,1941-01-01,Stockholm,,Sweden
680,Ray Lee Hunt,4.2,"oil, real estate",United States,78,FALSE,1943-01-01,,,United States
680,James Irving,4.2,diversified,Canada,93,FALSE,,,,Canada
680,Martin Lau,4.2,e-commerce,Hong Kong,48,TRUE,,,,Hong Kong
680,Li Li,4.2,healthcare,China,57,TRUE,1964-01-01,,,China
680,Liu Fangyi,4.2,medical equipment,China,,TRUE,,,,China
680,Luo Liguo & family,4.2,chemicals,China,65,TRUE,,,,China
680,Pan Laican,4.2,soy sauce,China,,TRUE,,,,China
680,Juan Roig,4.2,supermarkets,Spain,71,FALSE,1948-10-08,Valencia,,Spain
680,Leonard Stern,4.2,real estate,United States,83,FALSE,,,,United States
680,Thomas Straumann,4.2,dental implants,Switzerland,57,FALSE,,,,Switzerland
680,Wang Yanqing & family,4.2,electrical equipment,China,55,TRUE,,,,China
680,Ken Xie,4.2,cybersecurity,United States,58,TRUE,1963-01-01,Beijing,,People's Republic of China
680,Xue Hua,4.2,agribusiness,China,,TRUE,,,,China
680,Steven Meng Yang & family,4.2,electronics,China,39,TRUE,,,,China
705,Margot Birmingham Perot,4.1,"computer services, real estate",United States,87,FALSE,1934-01-01,,,United States
705,David Bonderman,4.1,private equity,United States,78,TRUE,1942-11-27,Los Angeles,California,United States
705,Matthew Calkins,4.1,software,United States,48,TRUE,,,,United States
705,Cho Tak Wong,4.1,auto parts,Hong Kong,74,TRUE,,,,Hong Kong
705,Piero Ferrari,4.1,automobiles,Italy,75,FALSE,1945-05-22,Castelvetro di Modena,,Italy
705,Dan Friedkin,4.1,Toyota dealerships,United States,56,FALSE,1965-02-27,San Diego,California,United States
705,Laurence Graff & family,4.1,diamond jewelry,United Kingdom,82,TRUE,1938-06-13,Stepney,,United Kingdom
705,Martin Haefner,4.1,"software, investments",Switzerland,67,FALSE,,,,Switzerland
705,Hong Ra-hee,4.1,Samsung,South Korea,75,FALSE,,,,South Korea
705,Ji Qi,4.1,"hotels, motels",China,54,TRUE,,,,China
705,"Rupert Johnson, Jr.",4.1,money management,United States,80,FALSE,1941-01-01,,,United States
705,Daniel Kretinsky,4.1,"energy, investments",Czechia,45,TRUE,,,,Czechia
705,William Lauder,4.1,Estee Lauder,United States,61,FALSE,,,,United States
705,Janice McNair,4.1,"energy, sports",United States,84,FALSE,1936-09-30,Myrtle Beach,South Carolina,United States
705,John Morris,4.1,sporting goods retail,United States,73,TRUE,1948-01-01,Springfield,Missouri,United States
705,Gabe Newell,4.1,videogames,United States,58,TRUE,1962-11-03,Aspen,Colorado,United States
705,Katharina Otto-Bernstein,4.1,real estate,Germany,57,FALSE,,,,Germany
705,Julio Ponce Lerou,4.1,fertilizer,Chile,75,TRUE,,,,Chile
705,Jon Stryker,4.1,medical equipment,United States,63,FALSE,1958-01-01,Kalamazoo,Michigan,United States
705,Suh Kyung-bae,4.1,cosmetics,South Korea,58,FALSE,,,,South Korea
705,Xu Jingren,4.1,pharmaceuticals,China,76,TRUE,,,,China
705,Samuel Yin,4.1,retail,Taiwan,70,FALSE,,,,Taiwan
727,Walter P.J. Droege,4,investing,Germany,68,TRUE,1955-01-01,,,Germany
727,Du Jiangtao & family,4,chemicals,China,51,TRUE,,,,China
727,Vinod & Anil Rai Gupta,4,electrical equipment,India,,FALSE,,,,India
727,Masatoshi Ito,4,retail,Japan,97,TRUE,,,,Japan
727,Igor Kesaev,4,"tobacco distribution, retail",Russia,54,TRUE,,,,Russia
727,Koon Poh Keong,4,aluminum,Malaysia,60,TRUE,,,,Malaysia
727,Paul Xiaoming Lee & family,4,packaging,United States,63,TRUE,,,,United States
727,Li Xiang,4,electric vehicles,China,39,TRUE,,,,China
727,Melissa Ma,4,internet search,China,,TRUE,,,,China
727,Kiran Mazumdar-Shaw,4,biopharmaceuticals,India,68,TRUE,1953-03-23,Bengaluru,,India
727,Gwendolyn Sontheim Meyer,4,Cargill,United States,59,FALSE,1961-01-01,,,United States
727,Akira Mori & family,4,real estate,Japan,84,FALSE,1936-07-12,Tokyo,,Japan
727,Georg Nemetschek & family,4,software,Germany,87,TRUE,,,,Germany
727,Masahiro Noda,4,software,Japan,82,TRUE,,,,Japan
727,Ajay Piramal,4,pharmaceuticals,India,65,FALSE,,,,India
727,Qiu Guanghe & family,4,fashion retail,China,69,TRUE,,,,China
727,Trevor Rees-Jones,4,oil & gas,United States,69,TRUE,1951-01-01,,,United States
727,Ira Rennert,4,investments,United States,86,TRUE,1934-05-31,Brooklyn,New York,United States
727,Marc Rowan,4,private equity,United States,58,TRUE,1962-08-19,,,United States
727,Ugur Sahin,4,biotechnology,Germany,55,TRUE,,,,Germany
727,Michal Solowow,4,investments,Poland,58,TRUE,,,,Poland
727,Udo & Harald Tschira,4,software,Germany,,FALSE,,,,Germany
727,Wu Jianshu,4,auto parts,Hong Kong,57,TRUE,,,,Hong Kong
727,Ye Xiaoping,4,pharmaceuticals,China,58,TRUE,,,,China
727,Zhou Hongyi,4,security software,China,50,TRUE,,,,China
752,Che Jianxing,3.9,furniture retailing,China,54,TRUE,,,,China
752,Beatriz Davila de Santo Domingo,3.9,beer,Colombia,82,FALSE,,,,Colombia
752,Rafael Del Pino,3.9,construction,Spain,62,FALSE,,,,Spain
752,Du Weimin,3.9,vaccines,China,57,TRUE,,,,China
752,Rakesh Gangwal,3.9,airline,United States,67,TRUE,1953-01-01,Kolkata,,India
752,Paul Gauselmann & family,3.9,gambling,Germany,86,TRUE,1934-08-26,Steinfurt,,Germany
752,Jeff Greene,3.9,"real estate, investments",United States,66,TRUE,1954-12-10,Worcester,Massachusetts,United States
752,Johnelle Hunt,3.9,trucking,United States,89,TRUE,1932-01-01,Heber Springs,Arkansas,United States
752,Jin Baofang,3.9,solar energy,China,68,TRUE,,,,China
752,Kuan Kam Hon & family,3.9,synthetic gloves,Malaysia,73,TRUE,,,,Malaysia
752,"Stephen Mandel, Jr.",3.9,hedge funds,United States,65,TRUE,,,,United States
752,Gilles Martin,3.9,laboratory services,France,57,TRUE,,,,France
752,Masahiro Miki,3.9,shoes,Japan,65,TRUE,,,,Japan
752,Dan Olsson,3.9,diversified,Sweden,74,FALSE,,,,Sweden
752,Robert Rowling,3.9,"hotels, investments",United States,67,FALSE,1953-01-01,Corpus Christi,Texas,United States
752,Erik Selin,3.9,real estate,Sweden,53,TRUE,,,,Sweden
752,Mark Shoen,3.9,U-Haul,United States,70,FALSE,1951-01-01,Phoenix,Arizona,United States
752,Ben Silbermann,3.9,Pinterest,United States,38,TRUE,1982-07-14,Des Moines,,United States
752,Maximilian Viessmann,3.9,heating and cooling equipment,Germany,,FALSE,,,,Germany
752,Wang Linpeng,3.9,furniture retailing,China,53,TRUE,,,,China
752,Wu Zhigang & family,3.9,bakery chain,China,86,TRUE,,,,China
752,Yi Zheng,3.9,software,China,50,TRUE,,,,China
752,Zhang Wenzhong,3.9,supermarkets,China,59,TRUE,,,,China
775,Euisun Chung,3.8,Hyundai,South Korea,50,FALSE,,,,South Korea
775,Daniel D'Aniello,3.8,private equity,United States,74,TRUE,,,,United States
775,Oleg Deripaska,3.8,"aluminum, utilities",Russia,53,TRUE,1968-01-02,Dzerzhinsk,,Russia
775,Sergey Dmitriev,3.8,computer software,Russia,55,TRUE,,,,Russia
775,Feng Hailiang,3.8,"copper, education",China,60,TRUE,,,,China
775,John Gandel,3.8,shopping malls,Australia,86,FALSE,,,,Australia
775,Gao Dekang & family,3.8,apparel,China,69,TRUE,,,,China
775,Jaime Gilinski Bacal,3.8,banking,Colombia,63,FALSE,,,,Colombia
775,Sergei Gordeev,3.8,real estate,Russia,48,TRUE,,,,Russia
775,Jeff Green,3.8,online advertising,United States,44,TRUE,,,,United States
775,"Amos Hostetter, Jr.",3.8,cable television,United States,84,TRUE,1937-01-12,New Jersey,,United States
775,Kuok Khoon Hong,3.8,palm oil,Singapore,71,FALSE,1949-01-01,,,Singapore
775,Lai Jianping,3.8,soy sauce,China,,TRUE,,,,China
775,Aerin Lauder,3.8,cosmetics,United States,51,FALSE,1970-04-23,,,United States
775,Hans Georg Naeder,3.8,prosthetics,Germany,59,FALSE,,,,Germany
775,Maren Otto,3.8,"retail, real estate",Germany,,FALSE,,,,Germany
775,Clive Palmer,3.8,mining,Australia,67,TRUE,1954-03-26,Melbourne,,Australia
775,Karsanbhai Patel,3.8,consumer goods,India,77,TRUE,,,,India
775,Qiu Jianping & family,3.8,hand tools,China,59,TRUE,,,,China
775,Wolfgang Reimann,3.8,consumer goods,Germany,68,FALSE,,,,Germany
775,Matthias Reimann-Andersen,3.8,consumer goods,Germany,56,FALSE,,,,Germany
775,Stefan Reimann-Andersen,3.8,consumer goods,Germany,57,FALSE,,,,Germany
775,Renate Reimann-Haas,3.8,consumer goods,Germany,69,FALSE,,,,Germany
775,Dirk Rossmann & family,3.8,drugstores,Germany,74,TRUE,1946-09-07,Hanover,,Germany
775,Shaul Shani,3.8,telecom,Israel,66,TRUE,,,,Israel
775,Song Fei,3.8,machinery,China,54,TRUE,,,,China
775,Donald Sterling,3.8,real estate,United States,87,TRUE,1934-04-26,Chicago,Illinois,United States
775,Ivar Tollefsen,3.8,real estate,Norway,59,TRUE,,,,Norway
775,Don Vultaggio & family,3.8,beverages,United States,69,TRUE,1952-01-01,,,United States
775,Nusli Wadia,3.8,consumer goods,India,77,FALSE,,,,India
775,Zhang Jin,3.8,commodities,China,49,TRUE,,,,China
775,Zhu Gongshan,3.8,solar panel materials,China,63,TRUE,,,,China
807,Peter Gilgan,3.7,homebuilding,Canada,70,TRUE,,,,Canada
807,Marian Ilitch,3.7,Little Caesars,United States,88,TRUE,1933-01-07,Dearborn,Michigan,United States
807,Kong Jian Min,3.7,real estate,China,53,TRUE,,,,China
807,Li Liangbin,3.7,lithium,China,53,TRUE,,,,China
807,Li Yongxin & family,3.7,education,China,45,TRUE,,,,China
807,Mary Alice Dorrance Malone,3.7,Campbell Soup,United States,71,FALSE,1950-02-03,,,United States
807,Michael Milken,3.7,investments,United States,74,TRUE,1946-07-04,Encino,California,United States
807,Ronald Perelman,3.7,leveraged buyouts,United States,78,TRUE,1943-01-01,Greensboro,North Carolina,United States
807,Candido Pinheiro Koren de Lima,3.7,"hospitals, health insurance",Brazil,74,TRUE,,,,Brazil
807,J. Joe Ricketts & family,3.7,TD Ameritrade,United States,79,TRUE,,,,United States
807,Paolo & Gianfelice Mario Rocca,3.7,pipe manufacturing,Italy,,FALSE,,,,Italy
807,Jeff Rothschild,3.7,Facebook,United States,66,TRUE,,,,United States
807,David Rubenstein,3.7,private equity,United States,71,TRUE,1949-08-11,Baltimore,Maryland,United States
807,Maria-Elisabeth Schaeffler-Thumann,3.7,auto parts,Germany,79,FALSE,,,,Germany
807,Steven Spielberg,3.7,movies,United States,74,TRUE,1946-12-18,Cincinnati,Ohio,United States
807,Barry Sternlicht,3.7,private equity,United States,60,TRUE,1960-11-27,New York City,New York,United States
807,Mark Stevens,3.7,venture capital,United States,61,TRUE,1959-01-01,,,United States
807,David Steward,3.7,IT provider,United States,69,TRUE,1951-07-02,Chicago,Illinois,United States
807,Vincent Viola,3.7,electronic trading,United States,65,TRUE,1956-02-12,Brooklyn,New York,United States
807,Todd Wanek,3.7,furniture,United States,57,FALSE,,,,United States
807,Wang Roger,3.7,retail,United States,72,TRUE,,,,United States
807,Russ Weiner,3.7,energy drinks,United States,51,TRUE,1970-01-01,,,United States
807,Herbert Wertheim,3.7,investments,United States,81,TRUE,2000-01-01,Philadelphia,Pennsylvania,United States
807,Xu Shugen,3.7,"construction, mining machinery",China,55,TRUE,,,,China
831,Anil Agarwal & family,3.6,"mining, metals",India,67,TRUE,,,,India
831,Majid Al Futtaim & family,3.6,"real estate, retail",United Arab Emirates,,FALSE,1934-01-01,,,United Arab Emirates
831,Leonid Boguslavsky,3.6,venture capital,Russia,69,TRUE,,,,Russia
831,"Austen Cargill, II.",3.6,Cargill,United States,70,FALSE,,,,United States
831,"James Cargill, II.",3.6,Cargill,United States,72,FALSE,,,,United States
831,Chu Lam Yiu,3.6,flavorings,Hong Kong,51,TRUE,,,,Hong Kong
831,Steve Conine,3.6,online retail,United States,48,TRUE,1975-01-01,,,United States
831,Hu Kaijun,3.6,pharmaceuticals,China,59,TRUE,,,,China
831,S. Curtis Johnson,3.6,cleaning products,United States,66,FALSE,1955-01-01,,,United States
831,Helen Johnson-Leipold,3.6,cleaning products,United States,64,FALSE,1957-01-01,Racine,Wisconsin,United States
831,Daryl Katz,3.6,pharmacies,Canada,59,TRUE,1961-05-31,Edmonton,,Canada
831,Peter Kellogg,3.6,investments,United States,78,FALSE,1942-09-05,,,United States
831,Samuel Tak Lee,3.6,real estate,Hong Kong,82,FALSE,,,,Hong Kong
831,Li Hongxin & family,3.6,paper & related products,China,68,TRUE,,,,China
831,Marianne Liebmann,3.6,Cargill,United States,67,FALSE,,,,United States
831,Winifred J. Marquart,3.6,cleaning products,United States,62,FALSE,1959-01-01,,,United States
831,Daniel Och,3.6,hedge funds,United States,60,TRUE,1961-01-01,,,United States
831,Anthony Pritzker,3.6,"hotels, investments",United States,60,FALSE,1961-01-07,Chicago,Illinois,United States
831,Rodger Riney & family,3.6,discount brokerage,United States,75,TRUE,,,,United States
831,Niraj Shah,3.6,online retail,United States,47,TRUE,1975-01-01,,,United States
831,Lynsi Snyder,3.6,In-N-Out Burger,United States,39,FALSE,1982-05-05,San Dimas,California,United States
831,Jerzy Starak,3.6,pharmaceuticals,Poland,73,TRUE,,,,Poland
831,Michael Tojner,3.6,"batteries, investments",Austria,55,TRUE,,,,Austria
831,Richard Tsai,3.6,finance,Taiwan,63,FALSE,,,,Taiwan
831,Ty Warner,3.6,"real estate, plush toys",United States,76,TRUE,1944-09-03,Chicago,Illinois,United States
831,Yang Shaopeng,3.6,shipping,China,63,TRUE,,,,China
831,Yuan Liping,3.6,pharmaceuticals,Canada,50,FALSE,,,,Canada
831,Zhang Hongwei,3.6,"oil, banking",China,66,TRUE,,,,China
859,Andrej Babis,3.5,agriculture,Czechia,66,TRUE,,,,Czechia
859,Shyam & Hari Bhartia,3.5,diversified,India,68,FALSE,,,,India
859,Hubert Burda,3.5,publishing,Germany,81,FALSE,1940-02-09,Heidelberg,,Germany
859,Chuchat Petaumpai & Daonapa Petampai,3.5,motorcycle loans,Thailand,67,TRUE,,,,Thailand
859,Charles Cohen,3.5,real estate,United States,69,FALSE,1945-10-09,United States,,United States
859,David Filo,3.5,Yahoo,United States,55,TRUE,1966-04-20,Wisconsin,,United States
859,Sergei Galitsky,3.5,retail,Russia,53,TRUE,,,,Russia
859,Alessandra Garavoglia,3.5,spirits,Italy,61,FALSE,,,,Italy
859,Franco Bittar Garcia,3.5,retailing,Brazil,37,FALSE,,,,Brazil
859,Martha Ingram & family,3.5,"book distribution, transportation",United States,85,FALSE,,,,United States
859,H. Fisk Johnson,3.5,cleaning products,United States,62,FALSE,,,,United States
859,Li Guoqiang,3.5,auto dealerships,China,57,TRUE,,,,China
859,Lim Wee Chai,3.5,rubber gloves,Malaysia,63,TRUE,,,,Malaysia
859,Liu Xiaodong,3.5,flavorings,China,53,TRUE,,,,China
859,Daniel Loeb,3.5,hedge funds,United States,59,TRUE,,,,United States
859,Jim McKelvey,3.5,mobile payments,United States,55,TRUE,1965-01-01,St. Louis,Missouri,United States
859,Apoorva Mehta,3.5,grocery delivery service,Canada,34,TRUE,,,,Canada
859,N.R. Narayana Murthy,3.5,software services,India,74,TRUE,,,,India
859,John Paulson,3.5,hedge funds,United States,65,TRUE,1955-12-14,Queens,New York,United States
859,J.B. Pritzker,3.5,"hotels, investments",United States,56,FALSE,,,,United States
859,Michael Rubin,3.5,online retail,United States,48,TRUE,,,,United States
859,Arnout Schuijff,3.5,payments software,Netherlands,53,TRUE,,,,Netherlands
859,Thomas Secunda,3.5,Bloomberg LP,United States,66,TRUE,1954-01-01,Bethpage,New York,United States
859,Vivek Chaand Sehgal,3.5,auto parts,Australia,64,TRUE,1957-02-01,Delhi,,India
859,E. Joe Shoen,3.5,U-Haul,United States,71,FALSE,,,,United States
859,Leena Tewari,3.5,pharmaceuticals,India,63,FALSE,,,,India
859,Julia Thiele-Schuerhoff,3.5,brakes,Germany,,FALSE,,,,Germany
859,Romesh T. Wadhwani,3.5,software,United States,73,TRUE,,,,United States
859,Wu Shaoxun,3.5,wine,China,65,TRUE,,,,China
859,Ye Guofu,3.5,retail,China,43,TRUE,,,,China
859,Denise York & family,3.5,San Francisco 49ers,United States,70,FALSE,,,,United States
859,Zhou Jianping,3.5,fashion retail,China,60,TRUE,,,,China
891,Mohed Altrad,3.4,"scaffolding, cement mixers",France,73,TRUE,,,,France
891,Gayle Benson,3.4,pro sports teams,United States,74,FALSE,1947-01-26,New Orleans,Louisiana,United States
891,Francesco Gaetano Caltagirone,3.4,"cement, diversified",Italy,78,TRUE,1943-03-02,Rome,,Italy
891,"William Conway, Jr.",3.4,private equity,United States,71,TRUE,,,,United States
891,Jim Davis,3.4,staffing & recruiting,United States,77,TRUE,1943-01-01,Boston,Massachusetts,United States
891,Deng Wen,3.4,flavorings,China,53,TRUE,,,,China
891,Ennio Doris & family,3.4,financial services,Italy,80,TRUE,1940-07-03,Tombolo,,Italy
891,Bernard Ecclestone & family,3.4,Formula One,United Kingdom,90,TRUE,,,,United Kingdom
891,Alexander Frolov,3.4,"mining, steel",Russia,56,TRUE,,,,Russia
891,Fiona Geminder,3.4,manufacturing,Australia,56,FALSE,,,,Australia
891,Zarakh Iliev,3.4,real estate,Russia,54,TRUE,,,,Russia
891,Viktor Kharitonin,3.4,pharmaceuticals,Russia,48,TRUE,,,,Russia
891,Steven Klinsky,3.4,investments,United States,64,TRUE,1956-01-01,,,United States
891,Chris Larsen,3.4,cryptocurrency,United States,60,TRUE,1960-01-01,San Francisco,California,United States
891,Angela Leong,3.4,casinos,Hong Kong,60,FALSE,,,,Hong Kong
891,Margarita Louis-Dreyfus & family,3.4,commodities,Switzerland,58,FALSE,1962-06-01,Saint Petersburg,,Russia
891,John Middleton,3.4,tobacco,United States,66,FALSE,1955-01-01,,,United States
891,Arnon Milchan,3.4,movie making,Israel,76,TRUE,1944-12-06,Rehovot,,Israel
891,Arturo Moreno,3.4,"billboards, Anaheim Angels",United States,74,TRUE,,,,United States
891,God Nisanov,3.4,real estate,Russia,49,TRUE,,,,Russia
891,Benjamin Zhengmin Pan & family,3.4,electronics,China,51,TRUE,,,,China
891,Jay Paul,3.4,real estate,United States,73,TRUE,1945-00-00,,,United States
891,Remo Ruffini,3.4,winter jackets,Italy,59,TRUE,1961-08-27,Como,,Italy
891,Patrick Ryan,3.4,insurance,United States,83,TRUE,,,,United States
891,RJ Scaringe,3.4,electric vehicles,United States,38,TRUE,1983-01-19,Rockledge,,United States
891,Lynn Schusterman,3.4,"oil & gas, investments",United States,82,FALSE,1939-01-21,Kansas City,Missouri,United States
891,Eric Ya Shen,3.4,online apparel retail,China,50,TRUE,,,,China
891,Daniel Tsai,3.4,finance,Taiwan,65,FALSE,,,,Taiwan
891,Tung Chee Chen,3.4,shipping,Hong Kong,78,FALSE,,,,Hong Kong
891,Bulat Utemuratov,3.4,"mining, banking, hotels",Kazakhstan,63,TRUE,,,,Kazakhstan
891,Frank VanderSloot,3.4,"nutrition, wellness products",United States,72,TRUE,1948-08-14,Billings,,United States
891,Kelcy Warren,3.4,pipelines,United States,65,TRUE,1955-11-09,Gladewater,Texas,United States
891,Xu Yi,3.4,Internet,China,,,,,,China
891,Vladimir Yevtushenkov,3.4,"telecom, investments",Russia,72,TRUE,1948-09-25,Kamenshchina,,Russia
925,Somphote Ahunai,3.3,renewable energy,Thailand,53,TRUE,,,,Thailand
925,John Arnold,3.3,hedge funds,United States,47,TRUE,1889-11-16,New York City,New York,United States
925,Neal Blue & family,3.3,defense,United States,86,TRUE,1935-01-01,Meeker,Colorado,United States
925,Alejandro Bulgheroni,3.3,oil & gas,Argentina,76,FALSE,,,,Argentina
925,Dong Jinggui,3.3,electric scooters,China,,TRUE,,,,China
925,Joseph Edelman,3.3,hedge funds,United States,65,TRUE,1956-01-01,,,United States
925,Charles Edelstenne,3.3,aviation,France,83,TRUE,,,,France
925,Senapathy Gopalakrishnan,3.3,software services,India,66,TRUE,,,,India
925,B. Wayne Hughes,3.3,self storage,United States,87,TRUE,1933-09-28,Gotebo,,United States
925,Ravi Jaipuria,3.3,"soft drinks, fast food",India,66,FALSE,,,,India
925,Samvel Karapetyan,3.3,real estate,Russia,55,TRUE,,,,Russia
925,Vyacheslav Kim,3.3,fintech,Kazakhstan,51,TRUE,,,,Kazakhstan
925,Jim Koch,3.3,beer,United States,71,TRUE,1949-05-27,Cincinnati,,United States
925,"Andre Koo, Sr.",3.3,financial services,Taiwan,53,FALSE,,,,Taiwan
925,Yuri Kovalchuk,3.3,"banking, insurance, media",Russia,69,TRUE,,,,Russia
925,Richard LeFrak & family,3.3,real estate,United States,75,FALSE,,,,United States
925,Kevin David Lehmann,3.3,drugstores,Germany,18,FALSE,,,,Germany
925,Horst Paulmann & family,3.3,retail,Chile,86,TRUE,1935-03-22,Germany,,Germany
925,Jean (Gigi) Pritzker,3.3,"hotels, investments",United States,58,FALSE,,,,United States
925,Qi Xiangdong,3.3,software,China,50,TRUE,,,,China
925,Renzo Rosso & family,3.3,fashion,Italy,65,TRUE,1955-09-15,Brugine,,Italy
925,Stephen Rubin,3.3,sports apparel,United Kingdom,84,FALSE,,,,United Kingdom
925,"Bernard Saul, II.",3.3,"banking, real estate",United States,89,FALSE,,,,United States
925,Klaus-Peter Schulenberg,3.3,ticketing service,Germany,,TRUE,,,,Germany
925,Tahir & family,3.3,diversified,Indonesia,69,TRUE,,,,Indonesia
925,Lucio Tan,3.3,diversified,Philippines,86,TRUE,1934-07-17,Jinjiang,,People's Republic of China
925,Lottie Tham & family,3.3,H&M,Sweden,72,FALSE,,,,Sweden
925,Wang Wenxue,3.3,real estate,China,53,TRUE,,,,China
925,Hans Peter Wild,3.3,flavorings,Switzerland,79,FALSE,,,,Switzerland
925,"William Wrigley, Jr.",3.3,chewing gum,United States,57,FALSE,,,,United States
925,Zhang Xin & Pan Shiyi,3.3,real estate,China,55,TRUE,,,,China
956,Giuliana Benetton,3.2,"fashion retail, investments",Italy,83,TRUE,,,,Italy
956,Luciano Benetton,3.2,"fashion retail, investments",Italy,85,TRUE,,,,Italy
956,Tomasz Biernacki,3.2,supermarkets,Poland,48,TRUE,,,,Poland
956,Chey Tae-won,3.2,"oil, semiconductor",South Korea,60,FALSE,1960-12-03,Suwon,,South Korea
956,John Collison,3.2,payments software,Ireland,30,TRUE,,,,Ireland
956,Patrick Collison,3.2,payment software,Ireland,32,TRUE,1988-09-09,Limerick,,Ireland
956,Jack Cowin,3.2,fast food,Australia,78,TRUE,,,,Australia
956,Archie Aldis Emmerson & family,3.2,"timberland, lumber mills",United States,92,TRUE,1929-04-10,Grand Ronde,Oregon,United States
956,Yoichi & Keiko Erikawa,3.2,videogames,Japan,,TRUE,,,,Japan
956,Juan Carlos Escotet,3.2,banking,Venezuela,61,TRUE,1959-07-23,Madrid,,Spain
956,Carlo Fidani,3.2,real estate,Canada,66,FALSE,,,,Canada
956,Don Hankey,3.2,auto loans,United States,77,TRUE,1943-06-13,Los Angeles,California,United States
956,Otto Happel,3.2,engineering,Germany,73,FALSE,,,,Germany
956,He Zhaoxi,3.2,software,China,47,TRUE,,,,China
956,Heidi Horten,3.2,retail,Austria,80,FALSE,1941-02-13,Vienna,,Austria
956,Ke Zunhong & family,3.2,pharmaceuticals,China,66,TRUE,,,,China
956,Thai Lee,3.2,IT provider,United States,62,TRUE,1958-01-01,Bangkok,,Thailand
956,Mikhail Lomtadze,3.2,fintech,Georgia,45,TRUE,1975-10-17,Tbilisi,,Georgia
956,Ronald McAulay,3.2,energy,Hong Kong,85,FALSE,,,,Hong Kong
956,Maja Oeri,3.2,Pharmaceuticals,Switzerland,66,FALSE,1955-01-01,Basel,,Switzerland
956,James Packer,3.2,casinos,Australia,53,FALSE,1967-09-08,Sydney,,Australia
956,John Sall,3.2,software,United States,73,TRUE,1948-01-01,Rockford,Illinois,United States
956,Naguib Sawiris,3.2,telecom,Egypt,66,FALSE,1954-06-15,Faiyum,,Egypt
956,Zygmunt Solorz-Zak,3.2,TV broadcasting,Poland,64,TRUE,,,,Poland
956,Lawrence Stroll,3.2,fashion investments,Canada,61,TRUE,1959-07-11,Montreal,,Canada
956,Rita Tong Liu,3.2,real estate,Hong Kong,72,TRUE,,,,Hong Kong
956,Tsai Cheng-ta,3.2,finance,Taiwan,71,FALSE,,,,Taiwan
956,Tsai Hong-tu,3.2,finance,Taiwan,68,FALSE,1952-08-01,Miaoli County,,Taiwan
956,Steve Wynn,3.2,"casinos, hotels",United States,79,TRUE,1942-01-27,New Haven,Connecticut,United States
956,Zhang Li,3.2,real estate,China,68,TRUE,,,,China
986,Otto Philipp Braun,3.1,medical technology,Germany,43,FALSE,,,,Germany
986,John Caudwell,3.1,mobile phones,United Kingdom,68,TRUE,1952-10-07,Birmingham,,United Kingdom
986,Chi Yufeng,3.1,software,China,50,FALSE,,,,China
986,Camilla de Godoy Bueno Grossi,3.1,medical labs,Brazil,42,FALSE,,,,Brazil
986,Antonio Del Valle Ruiz & family,3.1,chemicals,Mexico,82,TRUE,,,,Mexico
986,Martin Ebner,3.1,investments,Switzerland,75,TRUE,1945-08-12,,,Switzerland
986,John Fisher,3.1,Gap,United States,59,FALSE,1469-10-19,Yorkshire,,United Kingdom
986,Jane Goldman,3.1,real estate,United States,65,FALSE,1955-01-01,,,United States
986,Gu Yuhua & family,3.1,furniture,China,71,TRUE,,,,China
986,Hao Hong,3.1,pharmaceuticals,United States,65,TRUE,,,,United States
986,Hoi Kin Hong,3.1,real estate,Macao,68,TRUE,,,,Macao
986,Jin Lei,3.1,pharmaceuticals,China,55,TRUE,,,,China
986,Artem Khachatryan,3.1,retail,Russia,46,TRUE,,,,Russia
986,Li Gaiteng,3.1,hair dryers,China,49,TRUE,,,,China
986,Li Zhongchu,3.1,software,China,57,TRUE,,,,China
986,Harald Link,3.1,diversified,Thailand,66,FALSE,,,,Thailand
986,Sergey Lomakin,3.1,retail,Russia,47,TRUE,1952-08-10,Moscow,,Russia
986,Nie Tengyun & family,3.1,logistics,China,45,TRUE,,,,China
986,Prasert Prasarttong-Osoth,3.1,hospitals,Thailand,88,TRUE,,,,Thailand
986,Penny Pritzker,3.1,"hotels, investments",United States,62,FALSE,1959-05-02,Chicago,Illinois,United States
986,Herb Simon,3.1,real estate,United States,86,TRUE,1934-10-20,New York City,New York,United States
986,Jerry Speyer,3.1,real estate,United States,80,TRUE,1940-06-23,Milwaukee,,United States
1008,Wilhelm Beier & family,3,pharmaceuticals,Germany,65,TRUE,,,,Germany
1008,Koos Bekker,3,"media, investments",South Africa,68,TRUE,,,,South Africa
1008,Ben Chestnut,3,email marketing,United States,46,TRUE,1974-06-01,Augusta,Georgia,United States
1008,John Coates,3,online gambling,United Kingdom,51,TRUE,,,,United Kingdom
1008,Pedro de Godoy Bueno,3,health insurance,Brazil,31,FALSE,,,,Brazil
1008,Carl Douglas,3,investments,Sweden,60,FALSE,,,,Sweden
1008,Eric Douglas,3,investments,Sweden,53,FALSE,,,,Sweden
1008,Behdad Eghbali,3,private equity,United States,45,TRUE,1976-05-06,,,United States
1008,Jose E. Feliciano,3,private equity,United States,47,TRUE,,,,United States
1008,Philippe Foriel-Destezet,3,employment agency,France,85,TRUE,,,,France
1008,Gan Zhongru,3,pharmaceuticals,China,72,TRUE,,,,China
1008,Allan Goldman,3,real estate,United States,78,FALSE,,,,United States
1008,Amy Goldman Fowler,3,real estate,United States,67,FALSE,1954-01-01,,,United States
1008,Alec Gores,3,private equity,United States,68,TRUE,1953-00-00,Nazareth,,Israel
1008,Peter Grogg,3,biochemicals,Switzerland,79,TRUE,,,,Switzerland
1008,Jimmy Haslam,3,"gas stations, retail",United States,67,FALSE,1954-03-09,Knoxville,Tennessee,United States
1008,Christian Haub,3,retail,Germany,56,FALSE,,,,Germany
1008,Gudrun Heine,3,medical devices,Germany,66,FALSE,,,,Germany
1008,Huang Jinfeng,3,e-commerce,China,38,TRUE,,,,China
1008,Huang Rulun,3,real estate,China,69,TRUE,,,,China
1008,James Irsay,3,Indianapolis Colts,United States,61,FALSE,,,,United States
1008,Justin Ishbia,3,★,United States,43,FALSE,1978-01-01,,,United States
1008,Diane Kemper,3,real estate,United States,75,FALSE,,,,United States
1008,George Kurtz,3,security software,United States,50,TRUE,1970-10-01,New Jersey,,United States
1008,Dan Kurzius,3,email marketing,United States,49,TRUE,1971-12-01,,,United States
1008,Kwek Leng Beng,3,diversified,Singapore,80,FALSE,,,,Singapore
1008,Geoffrey Kwok,3,real estate,Hong Kong,36,FALSE,,,,Hong Kong
1008,Sheldon Lavin,3,meat processing,United States,88,TRUE,1932-06-17,,,United States
1008,Louis Le Duff,3,bakeries,France,74,TRUE,,,,France
1008,James Leprino,3,cheese,United States,83,FALSE,1937-00-00,Denver,Colorado,United States
1008,Joseph Liemandt,3,software,United States,52,TRUE,1968-01-01,,,United States
1008,Peter Lim,3,investments,Singapore,67,TRUE,,,,Singapore
1008,Jeffrey Lurie,3,Philadelphia Eagles,United States,69,FALSE,1951-09-08,Boston,Massachusetts,United States
1008,Tom Morris,3,retail,United Kingdom,66,TRUE,,,,United Kingdom
1008,Or Wai Sheun,3,real estate,Hong Kong,69,TRUE,,,,Hong Kong
1008,P.V. Ramprasad Reddy,3,pharmaceuticals,India,63,TRUE,,,,India
1008,Haim Saban,3,"TV network, investments",United States,76,TRUE,1944-10-15,Alexandria,,Egypt
1008,Ferit Faik Sahenk,3,diversified,Turkey,57,FALSE,,,,Turkey
1008,Eddy Kusnadi Sariaatmadja,3,"media, tech",Indonesia,67,TRUE,,,,Indonesia
1008,Gil Shwed,3,software,Israel,52,TRUE,,,,Israel
1008,Song Zuowen,3,"aluminum, diversified",China,74,TRUE,,,,China
1008,Friede Springer,3,publishing,Germany,78,FALSE,1942-01-01,Oldsum,,Germany
1008,Sybill Storz,3,medical devices,Germany,84,FALSE,1937-06-04,Leipzig,,Germany
1008,Pat Stryker,3,medical equipment,United States,65,FALSE,1956-01-01,Kalamazoo,Michigan,United States
1008,Hans Sy,3,diversified,Philippines,65,FALSE,,,,Philippines
1008,Herbert Sy,3,diversified,Philippines,64,FALSE,,,,Philippines
1008,Andrew Tan,3,diversified,Philippines,71,TRUE,,,,Philippines
1008,Tian Ming,3,measuring instruments,China,67,TRUE,,,,China
1008,Wang Changtian,3,"TV, movie production",China,56,TRUE,,,,China
1008,Richard White,3,software,Australia,66,TRUE,,,,Australia
1008,Cameron Winklevoss,3,cryptocurrency,United States,39,TRUE,1981-08-21,Southampton,New York,United States
1008,Tyler Winklevoss,3,cryptocurrency,United States,39,TRUE,1981-08-21,Southampton,New York,United States
1008,Xia Zuoquan,3,automobiles,China,59,TRUE,,,,China
1008,Yin Xin,3,video streaming app,China,36,TRUE,,,,China
1008,Zhang Lei,3,investments,China,48,TRUE,,,,China
1008,Zhu Xingming,3,electrical equipment,China,54,TRUE,,,,China
1064,Juan Abello,2.9,investments,Spain,79,FALSE,,,,Spain
1064,Ben Ashkenazy,2.9,real estate,United States,51,TRUE,1969-09-01,Israel,,Israel
1064,Sid Bass,2.9,"oil, investments",United States,79,FALSE,1942-04-09,Fort Worth,,United States
1064,Joesley Batista,2.9,beef processing,Brazil,49,FALSE,,,,Brazil
1064,Wesley Batista,2.9,beef packing,Brazil,48,FALSE,,,,Brazil
1064,Riley Bechtel & family,2.9,"engineering, construction",United States,69,FALSE,,,,United States
1064,Sanjeev Bikhchandani,2.9,Internet,India,57,TRUE,,,,India
1064,Cao Ji,2.9,manufacturing,China,69,TRUE,,,,China
1064,Chen Kaixuan,2.9,household chemicals,China,63,TRUE,,,,China
1064,Bennett Dorrance,2.9,Campbell Soup,United States,75,FALSE,,,,United States
1064,Marcel Erni,2.9,private equity,Switzerland,56,TRUE,,,,Switzerland
1064,Walter Faria,2.9,beer,Brazil,66,TRUE,,,,Brazil
1064,Fu Guangming & family,2.9,poultry,China,67,TRUE,,,,China
1064,Bob Gaglardi,2.9,hotels,Canada,80,TRUE,,,,Canada
1064,Alfred Gantner,2.9,private equity,Switzerland,53,TRUE,,,,Switzerland
1064,Maggie Hardy Knox,2.9,building materials,United States,55,FALSE,,,,United States
1064,Hu Yangzhong,2.9,technology,China,56,TRUE,,,,China
1064,Huang Qiaoling,2.9,amusement parks,China,62,TRUE,,,,China
1064,Huang Zhenda & family,2.9,construction,China,73,TRUE,,,,China
1064,Bradley Jacobs,2.9,logistics,United States,64,TRUE,,,,United States
1064,Osman Kibar,2.9,biotech,United States,50,TRUE,1974-01-01,İzmir,,Turkey
1064,Kim Taek-jin,2.9,online games,South Korea,54,TRUE,,,,South Korea
1064,Maritsa Lazari & family,2.9,real estate,United Kingdom,76,TRUE,1943-01-01,Dora,,Cyprus
1064,Pablo Legorreta,2.9,investments,United States,57,TRUE,,,,United States
1064,Liang Yunchao,2.9,nutritional supplements,China,52,TRUE,,,,China
1064,Samir Mehta,2.9,"pharmaceuticals, power",India,57,FALSE,,,,India
1064,Sudhir Mehta,2.9,"pharmaceuticals, power",India,67,FALSE,,,,India
1064,Farhad Moshiri,2.9,diversified,United Kingdom,65,TRUE,1955-05-18,Iran,,Iran
1064,Patrice Motsepe,2.9,mining,South Africa,59,TRUE,1962-01-28,Soweto,,South Africa
1064,Matt Moulding,2.9,e-commerce,United Kingdom,49,TRUE,,,,United Kingdom
1064,Alexander Nesis,2.9,"metals, banking, fertilizers",Russia,58,TRUE,,,,Russia
1064,Benjamin Otto,2.9,retail,Germany,,FALSE,,,,Germany
1064,Lucy Peng,2.9,e-commerce,China,48,TRUE,,,,China
1064,Sebastian Piñera & family,2.9,investments,Chile,71,TRUE,,,,Chile
1064,Alexander Ponomarenko,2.9,"real estate, airport",Russia,56,TRUE,,,,Russia
1064,Chandru Raheja,2.9,real estate,India,80,FALSE,1941-01-01,,,India
1064,Chad Richison,2.9,payroll processing,United States,50,TRUE,,,,United States
1064,Arkady Rotenberg,2.9,"construction, pipes, banking",Russia,69,TRUE,,,,Russia
1064,Alejandro Santo Domingo,2.9,beer,United States,44,FALSE,1977-02-13,New York City,New York,United States
1064,Paul Sciarra,2.9,Pinterest,United States,40,TRUE,1981-02-00,,,United States
1064,Alexander Skorobogatko,2.9,"real estate, airport",Russia,53,TRUE,,,,Russia
1064,Jeff Sutton,2.9,real estate,United States,61,TRUE,1913-01-01,Los Angeles,,United States
1064,Glen Taylor,2.9,printing,United States,80,TRUE,1941-04-20,Springfield,,United States
1064,Urs Wietlisbach,2.9,private equity,Switzerland,59,TRUE,,,,Switzerland
1064,Xu Yingzhuo,2.9,agribusiness,China,53,TRUE,,,,China
1064,Jon Yarbrough,2.9,video games,United States,63,TRUE,1955-01-01,,,United States
1064,Ye Fan & family,2.9,auto dealerships,China,50,TRUE,,,,China
1111,William Ackman,2.8,hedge funds,United States,54,TRUE,,,,United States
1111,Abdulla bin Ahmad Al Ghurair & family,2.8,diversified,United Arab Emirates,,FALSE,,,,United Arab Emirates
1111,Bai Baokun,2.8,hardware,China,,TRUE,,,,China
1111,David Baszucki,2.8,online games,United States,58,TRUE,1963-01-20,Winnipeg,,Canada
1111,Aneel Bhusri,2.8,business software,United States,55,TRUE,1966-02-14,Pittsford,New York,United States
1111,Norman Braman,2.8,"art, car dealerships",United States,88,TRUE,1932-08-23,West Chester,,United States
1111,Eva Maria Bucher-Haefner,2.8,"software, investments",Switzerland,64,FALSE,,,,Switzerland
1111,Vivek Chand Burman,2.8,consumer goods,India,84,FALSE,,,,India
1111,John Catsimatidis,2.8,"oil, real estate",United States,72,TRUE,1948-09-07,Nisyros,,Greece
1111,Morris Chang,2.8,semiconductors,Taiwan,89,TRUE,,,,Taiwan
1111,Chen Hua,2.8,real estate,China,55,TRUE,,,,China
1111,Chen Huwen,2.8,stationery,China,50,TRUE,,,,China
1111,Chen Huxiong,2.8,stationery,China,50,TRUE,,,,China
1111,Chen Tianshi,2.8,semiconductors,China,36,TRUE,,,,China
1111,James Clark,2.8,"Netscape, investments",United States,77,TRUE,1964-02-23,London,,United Kingdom
1111,Jean Coutu & family,2.8,drugstores,Canada,93,TRUE,,,,Canada
1111,Deng Weiming & family,2.8,materials,China,52,TRUE,,,,China
1111,Bergit Douglas,2.8,consumer goods,Germany,74,FALSE,,,,Germany
1111,Doris Fisher,2.8,Gap,United States,89,TRUE,,,,United States
1111,Gary Friedman,2.8,Furniture retail,United States,63,TRUE,1957-08-06,San Francisco,,United States
1111,Valentin Gapontsev & family,2.8,lasers,United States,82,TRUE,,,,United States
1111,David Gottesman,2.8,investments,United States,95,TRUE,1926-04-26,New York City,New York,United States
1111,John Henry,2.8,sports,United States,71,TRUE,1950-01-01,,,United States
1111,Alan Howard,2.8,hedge funds,United Kingdom,57,TRUE,,,,United Kingdom
1111,Micky Jagtiani,2.8,retail,India,69,FALSE,1952-08-15,Kuwait,,Kuwait
1111,Travis Kalanick,2.8,Uber,United States,44,TRUE,1976-08-06,Los Angeles,,United States
1111,Alicia Koplowitz,2.8,"construction, investments",Spain,67,FALSE,1954-09-12,Madrid,,Spain
1111,Timur Kulibaev,2.8,banking,Kazakhstan,54,TRUE,,,,Kazakhstan
1111,Dinara Kulibaeva,2.8,banking,Kazakhstan,53,FALSE,,,,Kazakhstan
1111,Li Liufa & family,2.8,"steel, diversified",China,63,TRUE,,,,China
1111,Li Sze Lim,2.8,real estate,Hong Kong,64,TRUE,,,,Hong Kong
1111,Li Xiaohua & family,2.8,packaging,China,59,TRUE,,,,China
1111,Liu Ming Hui,2.8,natural gas distribution,China,58,TRUE,,,,China
1111,Lv Jianming,2.8,medical equipment,Hong Kong,56,TRUE,,,,Hong Kong
1111,Rudy Ma,2.8,finance,Taiwan,80,TRUE,,,,Taiwan
1111,"Drayton McLane, Jr.",2.8,"Walmart, logistics",United States,84,FALSE,1936-07-22,Cameron,Texas,United States
1111,Hans Melchers,2.8,"chemicals, investments",Netherlands,83,TRUE,,,,Netherlands
1111,Nguyen Thi Phuong Thao,2.8,airlines,Vietnam,50,TRUE,,,,Vietnam
1111,Philip Niarchos,2.8,art collection,Greece,67,FALSE,1954-01-01,Athens,,Greece
1111,Alfred Oetker,2.8,consumer goods,Germany,54,FALSE,,,,Germany
1111,August Oetker,2.8,consumer goods,Germany,76,FALSE,1862-01-06,Obernkirchen,,Germany
1111,Carl Ferdinand Oetker,2.8,consumer goods,Germany,48,FALSE,,,,Germany
1111,Christian Oetker,2.8,consumer goods,Germany,72,FALSE,,,,Germany
1111,Julia Oetker,2.8,consumer goods,Germany,42,FALSE,,,,Germany
1111,Richard Oetker,2.8,consumer goods,Germany,70,FALSE,,,,Germany
1111,Heloise Pratt,2.8,"manufacturing, investment",Australia,58,FALSE,,,,Australia
1111,Filiz Sahenk,2.8,diversified,Turkey,54,FALSE,,,,Turkey
1111,T. Denny Sanford,2.8,"banking, credit cards",United States,85,TRUE,,,,United States
1111,Karin Schick,2.8,information technology,Germany,,FALSE,,,,Germany
1111,Hilton Schlosberg,2.8,energy drinks,United Kingdom,68,TRUE,,,,United Kingdom
1111,Rosely Schweizer,2.8,consumer goods,Germany,80,FALSE,,,,Germany
1111,Warren Stephens,2.8,investment banking,United States,64,FALSE,1957-02-18,Little Rock,Arkansas,United States
1111,Konstantin Strukov,2.8,"gold, coal mining",Russia,62,TRUE,,,,Russia
1111,Kenneth Tuchman,2.8,outsourcing,United States,61,TRUE,,,,United States
1111,Masateru Uno & family,2.8,drugstores,Japan,74,TRUE,,,,Japan
1111,Stefan von Holtzbrinck,2.8,publishing,Germany,57,FALSE,,,,Germany
1111,Lars Wingefors,2.8,video games,Sweden,44,TRUE,,,,Sweden
1111,Wong Kwong Yu & family,2.8,retail,China,51,TRUE,,,,China
1111,Xiong Wu,2.8,software,China,45,TRUE,,,,China
1111,Xu Jinfu,2.8,chemicals,China,57,TRUE,,,,China
1111,Tony Xu,2.8,food delivery service,United States,36,TRUE,1985-01-01,Nanjing,,People's Republic of China
1111,Xu Zhihan,2.8,electronics,China,48,TRUE,,,,China
1111,Zhong Ruonong & family,2.8,electronics,China,58,TRUE,,,,China
1174,Miriam Baumann-Blocher,2.7,chemicals,Switzerland,46,FALSE,,,,Switzerland
1174,Timothy Boyle,2.7,Columbia Sportswear,United States,71,TRUE,,,,United States
1174,John Paul DeJoria,2.7,"hair products, tequila",United States,77,TRUE,1944-04-13,Echo Park,California,United States
1174,Mitchell Goldhar,2.7,real estate,Canada,59,TRUE,,,,Canada
1174,Luciano Hang,2.7,department stores,Brazil,58,TRUE,,,,Brazil
1174,Georg Haub,2.7,retail,Germany,59,FALSE,,,,Germany
1174,Victor Jacobsson,2.7,fintech,Sweden,39,TRUE,,,,Sweden
1174,James Jannard,2.7,sunglasses,United States,71,TRUE,,,,United States
1174,Vinod Khosla,2.7,venture capital,United States,66,TRUE,1955-01-28,Delhi,,India
1174,Valentin Kipyatkov,2.7,computer software,Russia,44,TRUE,,,,Russia
1174,Lim Kok Thay,2.7,casinos,Malaysia,69,FALSE,,,,Malaysia
1174,Lu Zhiqiang,2.7,real estate,China,68,TRUE,,,,China
1174,Sergio Mantegazza,2.7,travel,Switzerland,93,TRUE,,,,Switzerland
1174,Franziska Wuerbser & Gabriella Meister,2.7,appliances,Germany,,FALSE,,,,Germany
1174,Nan Cunhui,2.7,power equipment,China,57,TRUE,,,,China
1174,Ou Zongrong & family,2.7,real estate,China,57,TRUE,,,,China
1174,Sean Parker,2.7,Facebook,United States,41,TRUE,1979-12-03,Herndon,Virginia,United States
1174,Richard Peery,2.7,real estate,United States,82,TRUE,1938-10-00,San Mateo,,United States
1174,"H. Ross Perot, Jr.",2.7,real estate,United States,62,FALSE,,,,United States
1174,Su Suyu & family,2.7,"utilities, real estate",China,72,TRUE,,,,China
1174,Sun Shoukuan,2.7,"metals, coal",China,71,TRUE,,,,China
1174,Harley Sy,2.7,diversified,Philippines,61,FALSE,,,,Philippines
1174,"Henry Sy, Jr.",2.7,diversified,Philippines,68,FALSE,,,,Philippines
1174,Teresita Sy-Coson,2.7,diversified,Philippines,70,FALSE,,,,Philippines
1174,Tao Yuequn,2.7,Contact Lens,China,61,TRUE,,,,China
1174,Tong Jinquan,2.7,real estate,China,66,TRUE,,,,China
1174,Tsai Ming-kai,2.7,semiconductors,Taiwan,71,TRUE,,,,Taiwan
1174,Yitzhak Tshuva,2.7,real estate,Israel,72,TRUE,,,,Israel
1174,Oprah Winfrey,2.7,TV shows,United States,67,TRUE,1954-01-29,Kosciusko,Mississippi,United States
1174,Zhang Wanzhen,2.7,electronics components,China,71,TRUE,,,,China
1174,Mortimer Zuckerman,2.7,"real estate, media",United States,83,TRUE,1937-06-04,Montreal,,Canada
1205,Brian Acton,2.6,WhatsApp,United States,49,TRUE,1972-02-17,Michigan,,United States
1205,Rajendra Agarwal,2.6,pharmaceuticals,India,,TRUE,,,,India
1205,John Armitage,2.6,hedge funds,Ireland,61,TRUE,,,,Ireland
1205,Banwari Lal Bawri,2.6,pharmaceuticals,India,68,TRUE,,,,India
1205,Girdhari Lal Bawri,2.6,pharmaceuticals,India,73,TRUE,,,,India
1205,Guilherme Benchimol,2.6,financial services,Brazil,44,TRUE,,,,Brazil
1205,Cai Dongchen,2.6,pharmaceuticals,China,68,TRUE,,,,China
1205,Choo Chong Ngen,2.6,hotels,Singapore,68,TRUE,,,,Singapore
1205,Abilio dos Santos Diniz,2.6,retail,Brazil,84,FALSE,,,,Brazil
1205,"John Dorrance, III.",2.6,Campbell Soup,Ireland,77,FALSE,,,,Ireland
1205,Bruce Flatt,2.6,money management,Canada,55,TRUE,,,,Canada
1205,Stein Erik Hagen,2.6,consumer goods,Norway,64,TRUE,1956-07-22,Oslo,,Norway
1205,Caroline Hagen Kjos,2.6,conglomerate,Norway,37,FALSE,,,,Norway
1205,Hortensia Herrero,2.6,supermarkets,Spain,70,FALSE,,,,Spain
1205,Anthony Hsieh,2.6,mortgage lender,United States,56,TRUE,,,,United States
1205,Hal Jackman,2.6,"insurance, investments",Canada,88,TRUE,,,,Canada
1205,Brad Kelley,2.6,tobacco,United States,64,TRUE,,,,United States
1205,Raj Kumar & Kishin RK,2.6,real estate,Singapore,66,FALSE,,,,Singapore
1205,Adam Kwok,2.6,real estate,Hong Kong,38,FALSE,,,,Hong Kong
1205,Lai Shixian,2.6,sports apparel,China,46,TRUE,,,,China
1205,Stephen Lansdown,2.6,financial services,Guernsey,68,TRUE,,,,Guernsey
1205,K.C. Liu,2.6,manufacturing,Taiwan,67,TRUE,,,,Taiwan
1205,Aloke Lohia,2.6,petrochemicals,India,62,FALSE,,,,India
1205,Kalanithi Maran,2.6,media,India,55,TRUE,,,,India
1205,C. Dean Metropoulos,2.6,investments,United States,75,TRUE,1946-05-18,Tripoli,,Greece
1205,Yuji Otsuka,2.6,"copy machines, software",Japan,67,FALSE,,,,Japan
1205,Daniel Pritzker,2.6,"hotels, investments",United States,61,FALSE,1959-00-00,,,United States
1205,Ren Jianhua,2.6,kitchen appliances,China,64,TRUE,,,,China
1205,Alexey Repik,2.6,pharmaceuticals,Russia,41,TRUE,,,,Russia
1205,Steven Sarowitz,2.6,payroll software,United States,55,TRUE,,,,United States
1205,Yuri Shefler,2.6,alcohol,Russia,53,TRUE,,,,Russia
1205,Shum Chiu Hung & family,2.6,real estate,China,,TRUE,,,,China
1205,Stephen Smith,2.6,finance and investments,Canada,69,TRUE,,,,Canada
1205,Dan Snyder,2.6,Washington Redskins,United States,56,TRUE,,,,United States
1205,Helmut Sohmen,2.6,shipping,Austria,81,FALSE,1939-12-10,Linz,,Austria
1205,Tung Chee Hwa,2.6,shipping,Hong Kong,83,FALSE,,,,Hong Kong
1205,Pieter van der Does,2.6,payments software,Netherlands,52,TRUE,,,,Netherlands
1205,Wim van der Leegte,2.6,manufacturing,Netherlands,73,FALSE,1947-08-23,Nuenen,,Netherlands
1205,Evan Williams,2.6,Twitter,United States,49,TRUE,1972-03-31,Clarks,Nebraska,United States
1205,Wu Guangming,2.6,medical equipment,China,59,TRUE,,,,China
1205,Yang Yuanxi,2.6,video streaming app,China,,TRUE,,,,China
1205,Yu Qibing & family,2.6,glass,China,55,TRUE,,,,China
1205,Charles Zegar,2.6,Bloomberg LP,United States,73,TRUE,1948-01-01,New York City,New York,United States
1205,Zhaojiang Zhu,2.6,Smartphones,China,47,TRUE,,,,China
1249,John Arrillaga,2.5,real estate,United States,84,TRUE,1937-01-01,California,,United States
1249,Carol Jenkins Barnett,2.5,Publix supermarkets,United States,64,FALSE,1956-09-30,Lakeland,Florida,United States
1249,William Berkley,2.5,insurance,United States,74,TRUE,,,,United States
1249,Markus Blocher,2.5,chemicals,Switzerland,50,FALSE,,,,Switzerland
1249,Andrei Bokarev,2.5,"metals, mining",Russia,54,TRUE,,,,Russia
1249,Jim Breyer,2.5,venture capital,United States,59,TRUE,1961-01-01,New Haven,Connecticut,United States
1249,Charles Bronfman,2.5,liquor,Canada,89,FALSE,1931-06-27,Montreal,,Canada
1249,Byju Raveendran and Divya Gokulnath,2.5,education technology,India,39,TRUE,,,,India
1249,Chang Jing,2.5,technology,China,38,TRUE,,,,China
1249,Leon G. Cooperman,2.5,hedge funds,United States,78,TRUE,,,,United States
1249,Jose Luis Cutrale,2.5,orange juice,Brazil,74,FALSE,,,,Brazil
1249,Gerald Ford,2.5,banking,United States,76,TRUE,1913-07-14,Omaha,,United States
1249,Phillip Frost,2.5,pharmaceuticals,United States,84,TRUE,1936-00-00,Philadelphia,,United States
1249,Mikhail Gutseriev,2.5,"oil, real estate",Russia,63,TRUE,,,,Russia
1249,Hans-Werner Hector,2.5,SAP,Germany,81,TRUE,1940-01-17,Kaiserslautern,,Germany
1249,Hu Kun,2.5,medical equipment,China,51,TRUE,,,,China
1249,"Jeremy Jacobs, Sr. & family",2.5,food service,United States,81,FALSE,,,,United States
1249,Mark & Robyn Jones,2.5,insurance,United States,,TRUE,,,,United States
1249,Hans Langer,2.5,3D printing,Germany,69,TRUE,,,,Germany
1249,Lee Hae-jin,2.5,Internet,South Korea,53,TRUE,,,,South Korea
1249,Liang Feng,2.5,manufacturing,China,52,TRUE,,,,China
1249,Lin Ming-hsiung,2.5,supermarkets,Taiwan,71,TRUE,,,,Taiwan
1249,Mohamed Mansour,2.5,diversified,Egypt,73,TRUE,,,,Egypt
1249,Harsh Mariwala,2.5,consumer goods,India,69,FALSE,,,,India
1249,Najib Mikati,2.5,telecom,Lebanon,65,TRUE,,,,Lebanon
1249,Taha Mikati,2.5,telecom,Lebanon,76,TRUE,1944-05-08,,,Lebanon
1249,Pedro Moreira Salles,2.5,"banking, minerals",Brazil,61,FALSE,,,,Brazil
1249,José Neves,2.5,luxury fashion,Portugal,46,TRUE,,,,Portugal
1249,Jerry Ng,2.5,banking,Indonesia,56,TRUE,,,,Indonesia
1249,Nandan Nilekani,2.5,software services,India,65,TRUE,1955-06-02,Vanivilas Women and Children Hospital,,India
1249,Ravi Pillai,2.5,construction,India,67,TRUE,,,,India
1249,Victor Pinchuk,2.5,"steel pipes, diversified",Ukraine,60,TRUE,1960-12-14,Kyiv,,Ukraine
1249,Matthew Prince,2.5,cybersecurity,United States,46,TRUE,1974-11-13,Salt Lake City,Utah,United States
1249,John Pritzker,2.5,"hotels, investments",United States,67,FALSE,1953-01-01,Chicago,,United States
1249,Rajan Raheja & family,2.5,diversified,India,66,FALSE,,,,India
1249,Matthias Reinhart,2.5,finance,Switzerland,61,TRUE,,,,Switzerland
1249,Ruan Shuilong & family,2.5,chemicals,China,85,TRUE,,,,China
1249,Rodney Sacks,2.5,energy drinks,United States,71,TRUE,1950-01-01,South Africa,,South Africa
1249,Carlos Sanchez,2.5,generic drugs,Brazil,59,FALSE,,,,Brazil
1249,Kavitark Ram Shriram,2.5,"venture capital, Google",United States,64,TRUE,,,,United States
1249,André Street,2.5,fintech,Brazil,37,TRUE,,,,Brazil
1249,Sun Mengquan & family,2.5,edible oil,China,71,TRUE,,,,China
1249,Daniel Sundheim,2.5,hedge funds,United States,44,TRUE,,,,United States
1249,Torsten Toeller,2.5,pet food,Germany,55,TRUE,,,,Germany
1249,Peter Unger,2.5,auto repair,Germany,76,TRUE,1944-08-02,Krajková,,Czech Republic
1249,Wang Wenmo,2.5,sports apparel,China,64,TRUE,,,,China
1249,Xie Juhua & family,2.5,pharmaceuticals,China,70,FALSE,,,,China
1249,Xu Shaochun,2.5,software,China,58,TRUE,,,,China
1249,Eddie & Sol Zakay,2.5,real estate,United Kingdom,,TRUE,,,,United Kingdom
1249,Zhao Tao,2.5,pharmaceuticals,Singapore,55,FALSE,,,,Singapore
1299,Michael Ashley,2.4,sports retailing,United Kingdom,56,TRUE,,,,United Kingdom
1299,Yvonne Bauer,2.4,media,Germany,44,FALSE,,,,Germany
1299,Alberto Bombassei,2.4,automotive brakes,Italy,80,FALSE,,,,Italy
1299,Richard Chandler,2.4,investments,New Zealand,62,FALSE,,New Zealand,,New Zealand
1299,David Chen,2.4,online games,Singapore,40,TRUE,,,,Singapore
1299,Chen Jinxia,2.4,investments,China,53,FALSE,,,,China
1299,Chen Xiao Ying,2.4,health information,China,58,TRUE,,,,China
1299,Chen Xueli,2.4,pharmaceuticals,China,69,TRUE,,,,China
1299,Kiat Chiaravanont,2.4,diversified,Thailand,,FALSE,,,,Thailand
1299,Todd Christopher,2.4,hair care products,United States,58,TRUE,1963-01-01,,,United States
1299,Mark Coombs,2.4,finance,United Kingdom,60,TRUE,1960-04-01,,,United Kingdom
1299,Luigi Cremonini & family,2.4,meat processing,Italy,82,TRUE,,,,Italy
1299,Smita Crishna-Godrej,2.4,consumer goods,India,70,FALSE,,,,India
1299,Dai Lizhong,2.4,medical testing,China,52,TRUE,,,,China
1299,Eduardo de Pontes,2.4,payments processing,Brazil,41,TRUE,,,,Brazil
1299,Chetan Dube,2.4,technology,United States,55,TRUE,,,,United States
1299,Stephen Feinberg,2.4,private equity,United States,61,TRUE,,,,United States
1299,Abhay Firodia,2.4,automobiles,India,76,FALSE,,,,India
1299,Fu Mingkang & family,2.4,manufacturing,China,58,TRUE,,,,China
1299,Gao Jifan & family,2.4,solar equipment,China,56,TRUE,,,,China
1299,Geng Jianming,2.4,real estate,China,58,TRUE,,,,China
1299,Sebastian Glaser,2.4,sensor technology,Germany,,FALSE,,,,Germany
1299,Adi Godrej,2.4,consumer goods,India,79,FALSE,,,,India
1299,Jamshyd Godrej,2.4,consumer goods,India,72,FALSE,,,,India
1299,Nadir Godrej,2.4,consumer goods,India,70,FALSE,,,,India
1299,Philip & Cristina Green,2.4,fashion retail,United Kingdom,69,TRUE,,,,United Kingdom
1299,Lawrence Ho,2.4,casinos,Hong Kong,44,FALSE,,,,Hong Kong
1299,Donald Horton,2.4,homebuilding,United States,71,TRUE,,,,United States
1299,Douglas Hsu,2.4,diversified,Taiwan,78,FALSE,,,,Taiwan
1299,Koo Kwang-mo,2.4,LG,South Korea,43,FALSE,,,,South Korea
1299,Jonathan Kwok,2.4,Real Estate,Hong Kong,29,FALSE,,,,Hong Kong
1299,Luo Yangyong & family,2.4,mining,China,45,TRUE,,,,China
1299,Gail Miller,2.4,car dealerships,United States,77,TRUE,1943-10-14,Sandy,Utah,United States
1299,Robert Miller,2.4,retail,United Kingdom,75,TRUE,,,,United Kingdom
1299,Vadim Moshkovich,2.4,"agriculture, land",Russia,54,TRUE,,,,Russia
1299,Erwin Franz Mueller,2.4,drugstores,Germany,88,TRUE,,,,Germany
1299,Rishad Naoroji,2.4,consumer goods,India,69,FALSE,1951-08-30,,,India
1299,Madhukar Parekh,2.4,adhesives,India,75,FALSE,,,,India
1299,Gregorio Perez Companc & family,2.4,oil & gas,Argentina,85,TRUE,,,,Argentina
1299,Dmitry Pumpyansky,2.4,steel pipes,Russia,57,TRUE,,,,Russia
1299,Austin Russell,2.4,★,United States,26,TRUE,,,,United States
1299,Hussain Sajwani,2.4,real estate,United Arab Emirates,68,TRUE,,,,United Arab Emirates
1299,Jean Salata,2.4,finance,Chile,55,TRUE,,,,Chile
1299,Karin Sartorius-Herbst,2.4,biopharmaceuticals,Germany,,FALSE,,,,Germany
1299,Alice Schwartz,2.4,biotech,United States,94,TRUE,1926-01-01,,,United States
1299,Antonio Luiz Seabra,2.4,cosmetics,Brazil,78,TRUE,,,,Brazil
1299,Shen Wenrong,2.4,steel production,China,75,TRUE,,,,China
1299,Renate Sick-Glaser,2.4,sensor technology,Germany,,FALSE,,,,Germany
1299,William Stone,2.4,software,United States,66,TRUE,1955-01-01,,,United States
1299,Elizabeth Sy,2.4,diversified,Philippines,68,FALSE,,,,Philippines
1299,Tony Tan Caktiong & family,2.4,food,Philippines,68,TRUE,,,,Philippines
1299,Tang Jinkui & family,2.4,"textiles, petrochemicals",China,65,TRUE,,,,China
1299,Roman Trotsenko,2.4,"transport, engineering, real estate",Russia,50,TRUE,,,,Russia
1299,Donald Trump,2.4,real estate,United States,74,FALSE,1946-06-14,Jamaica Hospital Medical Center,New York,United States
1299,T.Y. Tsai,2.4,finance,Taiwan,68,FALSE,,,,Taiwan
1299,John Tyson,2.4,food processing,United States,67,FALSE,,,,United States
1299,David Wertheim,2.4,Coca Cola Israel,Israel,63,FALSE,,,,Israel
1299,Xiong Shaoming,2.4,e-cigarettes,China,50,TRUE,,,,China
1299,Yang Jianliang & family,2.4,machinery,China,51,TRUE,,,,China
1299,Michael Ying,2.4,retail,Hong Kong,71,TRUE,,,,Hong Kong
1299,Zhang Ning & family,2.4,chemicals,Canada,47,TRUE,,,,Canada
1299,Zhang Zhixiang,2.4,steel,China,54,TRUE,,,,China
1299,Zhao Hongfei,2.4,software,China,46,TRUE,,,,China
1362,Bill and Jean Adderley & family,2.3,home furnishings,United Kingdom,73,TRUE,,,,United Kingdom
1362,Bill Alfond,2.3,shoes,United States,72,FALSE,1948-01-01,,,United States
1362,Susan Alfond,2.3,shoes,United States,75,FALSE,1946-01-01,,,United States
1362,Ted Alfond,2.3,shoes,United States,76,FALSE,1944-01-01,,,United States
1362,Carlos Ardila Lülle,2.3,"soft drinks, diversified",Colombia,90,TRUE,1930-07-04,Bucaramanga,,Colombia
1362,Semahat Sevim Arsel,2.3,diversified,Turkey,92,FALSE,,,,Turkey
1362,Sezai Bacaksiz,2.3,diversified,Turkey,71,TRUE,,,,Turkey
1362,Suhail Bahwan,2.3,diversified,Oman,82,TRUE,1939-05-22,Sur,,Oman
1362,Bang Jun-hyuk,2.3,online gaming,South Korea,52,TRUE,,,,South Korea
1362,Bang Shi-hyuk,2.3,entertainment,South Korea,48,TRUE,,,,South Korea
1362,Anand Burman,2.3,consumer goods,India,69,FALSE,,,,India
1362,Cao Longxiang & family,2.3,pharmaceuticals,China,63,TRUE,,,,China
1362,Vanich Chaiyawan,2.3,"insurance, beverages",Thailand,89,TRUE,,,,Thailand
1362,Chen Zhisong,2.3,communication equipment,China,55,TRUE,,,,China
1362,Jim Coulter,2.3,private equity,United States,61,TRUE,,,,United States
1362,"Edward DeBartolo, Jr.",2.3,shopping centers,United States,74,FALSE,,,,United States
1362,Maria Del Pino,2.3,construction,Spain,65,FALSE,,,,Spain
1362,Deng Yingzhong,2.3,paper,China,70,TRUE,,,,China
1362,Bob Ell,2.3,real estate,Australia,76,TRUE,,,,Australia
1362,Sandeep Engineer,2.3,plastic pipes,India,59,TRUE,,,,India
1362,Fong Yun Wah,2.3,real estate,Hong Kong,96,FALSE,,,,Hong Kong
1362,Lindsay Fox,2.3,"logistics, real estate",Australia,84,TRUE,,,,Australia
1362,Mario Germano Giuliani,2.3,pharmaceuticals,Switzerland,49,FALSE,,,,Switzerland
1362,Harsh Goenka,2.3,diversified,India,63,FALSE,,,,India
1362,Noam Gottesman,2.3,hedge funds,United States,59,TRUE,1961-05-00,Israel,,Israel
1362,Joseph Grendys,2.3,poultry processing,United States,59,TRUE,1980-01-01,Chicago,Illinois,United States
1362,Guan Yihong,2.3,restaurant,China,,TRUE,,,,China
1362,David Hains,2.3,Investments,Australia,90,TRUE,,,,Australia
1362,Michael Hintze,2.3,investment,Australia,67,TRUE,,,,Australia
1362,Stewart Horejsi & family,2.3,Berkshire Hathaway,United States,83,TRUE,1938-01-01,Salina,Kansas,United States
1362,Hua Xuande & family,2.3,pharmaceuticals,China,77,TRUE,,,,China
1362,Jared Isaacman,2.3,payment processing,United States,38,TRUE,1983-02-11,Westfield,,United States
1362,David Jiang,2.3,e-cigarettes,China,42,TRUE,,,,China
1362,Jiang Weiping & family,2.3,chemicals,China,66,TRUE,,,,China
1362,Boris Jordan,2.3,cannabis,United States,54,TRUE,1966-06-02,Sea Cliff,New York,United States
1362,Baba Kalyani,2.3,engineering,India,72,FALSE,,,,India
1362,Jim Kavanaugh,2.3,IT provider,United States,58,TRUE,1963-01-01,United States,,United States
1362,Mustafa Rahmi Koc,2.3,diversified,Turkey,90,FALSE,,,,Turkey
1362,Eiichi Kuriwada,2.3,package delivery,Japan,74,TRUE,,,,Japan
1362,Lai Jianfa,2.3,express delivery,China,,TRUE,,,,China
1362,Lam Kong,2.3,pharmaceuticals,China,56,TRUE,,,,China
1362,David Xueling Li,2.3,live streaming service,China,48,TRUE,,,,China
1362,Li Xuhui,2.3,soy sauce,China,52,TRUE,,,,China
1362,Liang Zhaoxian,2.3,appliances,China,56,FALSE,,,,China
1362,Liu Ming Chung,2.3,paper,Brazil,58,TRUE,,,,Brazil
1362,Alexander Mamut,2.3,investments,Russia,61,TRUE,1960-01-29,Moscow,,Russia
1362,Daniel Mate,2.3,"mining, commodities",Spain,57,TRUE,,,,Spain
1362,Clayton Mathile,2.3,pet food,United States,80,TRUE,,,,United States
1362,Aristotelis Mistakidis,2.3,"mining, commodities",Greece,59,TRUE,,,,Greece
1362,Fernando Roberto Moreira Salles,2.3,"banking, minerals",Brazil,74,FALSE,,,,Brazil
1362,Joao Moreira Salles,2.3,"banking, minerals",Brazil,59,FALSE,,,,Brazil
1362,Walther Moreira Salles Junior,2.3,"banking, minerals",Brazil,65,FALSE,,,,Brazil
1362,Eugene Murtagh,2.3,building materials,Ireland,78,TRUE,,,,Ireland
1362,Nihat Ozdemir,2.3,diversified,Turkey,71,TRUE,,,,Turkey
1362,Gretel Packer,2.3,casinos,Australia,55,FALSE,,,,Australia
1362,Andrew Paradise,2.3,★,United States,39,TRUE,1982-04-10,,,United States
1362,Karl-Johan Persson,2.3,H&M,Sweden,46,FALSE,,,,Sweden
1362,Tom Persson,2.3,H&M,Sweden,36,FALSE,,,,Sweden
1362,Stewart Rahr,2.3,drug distribution,United States,75,FALSE,1946-01-01,Queens,New York,United States
1362,Krit Ratanarak,2.3,"media, real estate",Thailand,75,FALSE,,,,Thailand
1362,Michael Saylor,2.3,cryptocurrency,United States,56,TRUE,,,,United States
1362,"Karl Scheufele, III. & family",2.3,jewelry,Switzerland,82,TRUE,,,,Switzerland
1362,Stephan Schmidheiny,2.3,investments,Switzerland,73,FALSE,1947-10-29,St. Gallen,,Switzerland
1362,Vijay Shekhar Sharma,2.3,financial technology,India,42,TRUE,1978-07-15,Aligarh,,India
1362,Charlotte Soderstrom,2.3,H&M,Sweden,44,FALSE,,,,Sweden
1362,Sun Huaiqing & family,2.3,cosmetics,China,51,TRUE,,,,China
1362,Sze Man Bok,2.3,hygiene products,China,71,TRUE,,,,China
1362,Katsumi Tada,2.3,real estate,Japan,75,TRUE,,,,Japan
1362,Ted Turner,2.3,cable television,United States,82,FALSE,1938-11-19,Cincinnati,,United States
1362,Jitendra Virwani,2.3,real estate,India,55,FALSE,,,,India
1362,Arkady Volozh,2.3,search engine,Russia,57,TRUE,,,,Russia
1362,Lang Walker,2.3,real estate,Australia,75,TRUE,,,,Australia
1362,Wei Ying-Chiao,2.3,"food, beverages",Taiwan,66,TRUE,,,,Taiwan
1362,Wu Zhongyi,2.3,electronics,China,47,TRUE,,,,China
1362,Elaine Wynn,2.3,"casinos, hotels",United States,79,TRUE,1942-04-28,New York City,New York,United States
1362,Xu Chuanhua & family,2.3,"chemicals, logistics",China,86,TRUE,,,,China
1362,Jerry Yang,2.3,Yahoo,United States,52,TRUE,1968-11-06,Taipei,,Taiwan
1362,Yang Weidong & family,2.3,chemicals,China,52,TRUE,,,,China
1362,Barry Zekelman,2.3,steel,Canada,54,FALSE,,,,Canada
1362,Zhang Xuezheng,2.3,telecom,China,45,TRUE,,,,China
1362,Zhang Yin,2.3,paper manufacturing,China,64,TRUE,1957-01-01,Shaoguan,,People's Republic of China
1362,Kostyantin Zhevago,2.3,mining,Ukraine,47,TRUE,1974-01-07,Iultin,,Russia
1444,Jose Joao Abdalla Filho,2.2,investments,Brazil,75,FALSE,,,,Brazil
1444,Abdulla Al Futtaim & family,2.2,"auto dealers, investments",United Arab Emirates,,FALSE,,,,United Arab Emirates
1444,Ramon Ang,2.2,Diversified,Philippines,67,TRUE,,,,Philippines
1444,Bill Austin,2.2,hearing aids,United States,79,TRUE,,,,United States
1444,Acharya Balkrishna,2.2,consumer goods,India,48,TRUE,,,,India
1444,Richard Barton,2.2,Zillow,United States,53,TRUE,1790-08-30,Newport,,United Kingdom
1444,Edward Bass,2.2,"oil, investments",United States,75,FALSE,1726-11-23,Dorchester,,United States
1444,Thor Bjorgolfsson,2.2,investments,Iceland,54,TRUE,,,,Iceland
1444,Nikolai Buinov,2.2,"oil, gas",Russia,53,TRUE,,,,Russia
1444,Bruce Cheng,2.2,electronics,Taiwan,85,TRUE,,,,Taiwan
1444,Chin Jong Hwa,2.2,auto parts,Taiwan,62,TRUE,,,,Taiwan
1444,Jai Hari & Yadu Hari Dalmia & family,2.2,cement,India,,FALSE,,,,India
1444,Dermot Desmond,2.2,finance,Ireland,70,TRUE,,,,Ireland
1444,K. Dinesh,2.2,software services,India,66,TRUE,,,,India
1444,"Frank Fertitta, III.",2.2,"casinos, mixed martial arts",United States,59,FALSE,,,,United States
1444,Lorenzo Fertitta,2.2,"casinos, mixed martial arts",United States,52,FALSE,1969-01-03,Las Vegas,,United States
1444,Maria Franca Fissolo,2.2,"Nutella, chocolates",Italy,86,FALSE,,,,Italy
1444,Serge Godin,2.2,information technology,Canada,71,TRUE,,,,Canada
1444,Gu Wei,2.2,consumer electronics,China,56,TRUE,,,,China
1444,Jeffrey Gundlach,2.2,investments,United States,62,TRUE,1959-10-30,Amherst,New York,United States
1444,Guo Jiangang,2.2,household appliances,China,54,TRUE,,,,China
1444,Carlos Hank Rhon,2.2,banking,Mexico,73,FALSE,,,,Mexico
1444,Gerry Harvey,2.2,retail,Australia,81,TRUE,,,,Australia
1444,Huang Guanlin,2.2,"textiles, apparel",China,56,TRUE,,,,China
1444,Huang Wei,2.2,real estate,China,61,TRUE,,,,China
1444,Hui Lin Chit,2.2,hygiene products,China,67,TRUE,,,,China
1444,Randal J. Kirk,2.2,pharmaceuticals,United States,67,TRUE,1954-03-01,Pleasanton,,United States
1444,Leo Koguan,2.2,IT provider,United States,66,TRUE,1955-01-01,,,United States
1444,Miguel Krigsner,2.2,cosmetics,Brazil,71,TRUE,,,,Brazil
1444,Kwek Leng Kee,2.2,diversified,Singapore,66,FALSE,,,,Singapore
1444,Thomas Kwok,2.2,real estate,Hong Kong,69,FALSE,,,,Hong Kong
1444,Lau Cho Kun,2.2,"palm oil, property",Malaysia,85,FALSE,,,,Malaysia
1444,Jeff Lawson,2.2,software,United States,43,TRUE,,,,United States
1444,Max Levchin,2.2,fintech,United States,45,TRUE,1975-07-11,Kyiv,,Ukraine
1444,Li Guoqing,2.2,Petro Fibre,China,51,TRUE,,,,China
1444,Li Shuirong,2.2,petrochemicals,China,64,TRUE,,,,China
1444,Li Yongqing,2.2,Petro Firbe,China,56,TRUE,,,,China
1444,Liang Xinjun,2.2,conglomerate,China,53,TRUE,,,,China
1444,Lin Chang Su-O,2.2,real estate,Taiwan,80,FALSE,,,,Taiwan
1444,Lin Fanlian,2.2,"energy, real estate",China,59,TRUE,,,,China
1444,Scott Lin,2.2,optical components,Taiwan,88,TRUE,,,,Taiwan
1444,Mao Zhongwu,2.2,manufacturing,China,58,TRUE,,,,China
1444,David McMurtry,2.2,manufacturing,United Kingdom,81,TRUE,,,,United Kingdom
1444,Rubens Menin Teixeira de Souza,2.2,"home building, banking",Brazil,65,TRUE,,,,Brazil
1444,Mi Enhua,2.2,retail,China,63,TRUE,,,,China
1444,Bob Parsons,2.2,web hosting,United States,70,TRUE,1950-11-27,Baltimore,Maryland,United States
1444,Catherine Phillips,2.2,investments,Canada,,TRUE,,,,Canada
1444,John Phillips,2.2,investments,Canada,70,TRUE,,,,Canada
1444,Arvind Poddar,2.2,tires,India,63,FALSE,,,,India
1444,Qian Ying,2.2,pig breeding,China,55,TRUE,,,,China
1444,Phillip T. (Terry) Ragon,2.2,health IT,United States,71,TRUE,,,,United States
1444,Alberto Roemmers,2.2,pharmaceuticals,Argentina,94,FALSE,,,,Argentina
1444,Shashi & Ravi Ruia,2.2,diversified,India,,FALSE,,,,India
1444,Vlad Shmunis,2.2,cloud technology,United States,60,TRUE,,,,United States
1444,Alberto Siccardi & family,2.2,medical devices,Switzerland,77,TRUE,,,,Switzerland
1444,Sebastian Siemiatkowski,2.2,fintech,Sweden,39,TRUE,,,,Sweden
1444,Salil Singhal,2.2,agrochemicals,India,73,FALSE,,,,India
1444,Dean Solon,2.2,solar systems,United States,56,TRUE,,,,United States
1444,Timothy Springer,2.2,biotech,United States,73,TRUE,,,,United States
1444,Peter Spuhler,2.2,train cars,Switzerland,61,TRUE,1959-01-09,Seville,,Spain
1444,Tang Yiu,2.2,fashion retail,Hong Kong,87,TRUE,,,,Hong Kong
1444,Tran Dinh Long,2.2,steel,Vietnam,60,TRUE,,,,Vietnam
1444,Anna Katharina Viessmann,2.2,heating and cooling equipment,Germany,,FALSE,,,,Germany
1444,David Walentas,2.2,real estate,United States,82,TRUE,1938-00-00,Rochester,New York,United States
1444,Wu Lanlan & family,2.2,packaging,China,47,TRUE,,,,China
1444,Wu Yiling,2.2,pharmaceuticals,China,71,TRUE,,,,China
1444,Xiang Wenbo,2.2,manufacturing,China,58,TRUE,,,,China
1444,Xie Liangzhi & family,2.2,biotech,China,55,TRUE,,,,China
1444,Xu Yuejuan,2.2,Petro Fibre,China,59,TRUE,,,,China
1444,Shintaro Yamada,2.2,mobile apps,Japan,43,TRUE,,,,Japan
1444,Yang Jian,2.2,real estate,China,49,TRUE,,,,China
1444,Gavril Yushvaev,2.2,"precious metals, real estate",Russia,63,TRUE,,,,Russia
1444,Zhang Jingzhang & family,2.2,precision machinery,China,85,TRUE,,,,China
1517,Michael Ashcroft,2.1,security,United Kingdom,75,TRUE,1946-03-04,Chichester,,United Kingdom
1517,George Bishop,2.1,oil & gas,United States,83,TRUE,1937-01-01,,,United States
1517,Julio Bozano,2.1,banking,Brazil,85,TRUE,1936-11-08,Rio Grande do Sul,,Brazil
1517,Herb Chambers,2.1,car dealerships,United States,79,TRUE,1941-11-15,Dorchester,,United States
1517,Andrew & Peggy Cherng,2.1,restaurants,United States,,TRUE,,,,United States
1517,Jacques D'Amours,2.1,retail,Canada,64,TRUE,,,,Canada
1517,Ray Davis,2.1,pipelines,United States,79,TRUE,,,,United States
1517,Diao Zhizhong,2.1,software,China,57,TRUE,,,,China
1517,Michael Federmann & family,2.1,"defense, hotels",Israel,77,TRUE,,,,Israel
1517,William Fisher,2.1,Gap,United States,64,FALSE,,,,United States
1517,Bernard Fraisse,2.1,pharmaceuticals,France,64,TRUE,1956-01-01,,,France
1517,Fabricio Garcia,2.1,retail,Brazil,43,FALSE,,,,Brazil
1517,Flavia Bittar Garcia Faleiros,2.1,retail,Brazil,40,FALSE,,,,Brazil
1517,Gordon Getty,2.1,Getty Oil,United States,87,FALSE,1933-12-20,Los Angeles,California,United States
1517,Philippe Ginestet & family,2.1,retail stores,France,67,TRUE,,,,France
1517,Gong Yingying,2.1,health IT,China,36,TRUE,,,,China
1517,Lutz Mario Helmig,2.1,hospitals,Germany,74,TRUE,,,,Germany
1517,Ilkka Herlin,2.1,"elevators, escalators",Finland,62,FALSE,,,,Finland
1517,Arthur Xiaobo Hong,2.1,e-commerce,China,49,TRUE,,,,China
1517,Hong Feng,2.1,smartphones,China,44,TRUE,,,,China
1517,Huang Shih Tsai,2.1,real estate,Hong Kong,69,TRUE,,,,Hong Kong
1517,Jiang Yehua & family,2.1,real estate,China,58,TRUE,,,,China
1517,Keeree Kanjanapas,2.1,transportation,Thailand,70,TRUE,,,,Thailand
1517,Alexander Karp,2.1,software firm,United States,53,TRUE,,,,United States
1517,Bruce Karsh,2.1,private equity,United States,65,TRUE,1955-10-10,,,United States
1517,Mustafa Kucuk,2.1,fashion retail,Turkey,57,TRUE,,,,Turkey
1517,Dominika Kulczyk,2.1,diversified,Poland,43,FALSE,,,,Poland
1517,Philippe Laffont,2.1,hedge fund,United States,53,TRUE,1968-00-00,,,United States
1517,Henry Laufer,2.1,hedge funds,United States,75,TRUE,1945-00-00,,,United States
1517,Frank Laukien,2.1,scientific equipment,United States,61,FALSE,,Stuttgart,,Germany
1517,Mark Leonard & family,2.1,software,Canada,65,TRUE,,,,Canada
1517,Li Wanqiang,2.1,smartphones,China,43,TRUE,,,,China
1517,Li Weiwei,2.1,online games,China,44,TRUE,,,,China
1517,Lin Chen-hai,2.1,real estate,Taiwan,74,TRUE,,,,Taiwan
1517,Lin Yinsun,2.1,agribusiness,China,57,TRUE,,,,China
1517,Liu Zhongtian & family,2.1,aluminum products,China,57,TRUE,,,,China
1517,Daniel Lubetzky,2.1,snack bars,United States,52,TRUE,1968-01-01,Mexico City,,Mexico
1517,Prayudh Mahagitsiri,2.1,"coffee, shipping",Thailand,75,FALSE,,,,Thailand
1517,Igor Makarov,2.1,investments,Russia,59,TRUE,,,,Russia
1517,Kishore Mariwala,2.1,consumer goods,India,86,FALSE,,,,India
1517,Howard Marks,2.1,private equity,United States,75,TRUE,1945-08-13,Kenfig Hill,,United Kingdom
1517,Katarina Martinson,2.1,investments,Sweden,40,FALSE,,,,Sweden
1517,Vincent McMahon,2.1,entertainment,United States,75,TRUE,,,,United States
1517,David Murdock,2.1,"Dole, real estate",United States,98,TRUE,,,,United States
1517,Vikas Oberoi,2.1,real estate,India,50,FALSE,,,,India
1517,Erik Paulsson & family,2.1,"construction, real estate",Sweden,79,TRUE,,,,Sweden
1517,Roger Penske,2.1,cars,United States,84,TRUE,1937-02-20,Shaker Heights,Ohio,United States
1517,Florentino Perez,2.1,construction,Spain,74,TRUE,,,,Spain
1517,Phil Ruffin,2.1,"casinos, real estate",United States,86,TRUE,1935-01-01,Potter County,Texas,United States
1517,Richard Sands,2.1,liquor,United States,70,FALSE,,,,United States
1517,Robert Sands,2.1,liquor,United States,62,FALSE,,,,United States
1517,Dieter Schnabel,2.1,chemicals,Germany,75,FALSE,,,,Germany
1517,Christiane Schoeller,2.1,publishing,Germany,,FALSE,,,,Germany
1517,Jeffrey Talpins,2.1,hedge fund,United States,46,TRUE,,,,United States
1517,Timur Turlov,2.1,stock brokerage,Russia,33,TRUE,,,,Russia
1517,Sandro Veronesi & family,2.1,fashion,Italy,61,TRUE,,,,Italy
1517,Wang Chou-hsiong,2.1,footwear,Taiwan,80,TRUE,,,,Taiwan
1517,Wang Minwen,2.1,semiconductor,China,57,TRUE,,,,China
1517,Weng Xianding,2.1,medical devices,China,59,TRUE,,,,China
1517,Michael Xie,2.1,cybersecurity,United States,52,TRUE,1969-01-01,,,United States
1517,Yuan Fugen & family,2.1,metal processing,China,70,TRUE,,,,China
1517,Zhao Fenggang,2.1,batteries,China,55,TRUE,,,,China
1517,Zhou Zongwen & family,2.1,jewelry,China,64,TRUE,,,,China
1580,S. Daniel Abraham,2,Slim-Fast,United States,96,TRUE,1924-08-15,Long Beach,New York,United States
1580,Isak Andic & family,2,fashion retail,Spain,67,TRUE,1953-10-20,Istanbul,,Turkey
1580,Roberto Angelini Rossi,2,"forestry, mining",Chile,72,FALSE,,,,Chile
1580,Masaaki Arai,2,home sales,Japan,55,TRUE,,,,Japan
1580,George Argyros & family,2,"real estate, investments",United States,84,TRUE,,,,United States
1580,Pavel Baudis,2,software,Czechia,60,TRUE,,,,Czechia
1580,Anne Beaufour,2,pharmaceuticals,France,57,FALSE,,,,France
1580,Henri Beaufour,2,pharmaceuticals,France,55,FALSE,1965-01-06,Neuilly-sur-Seine,,France
1580,Brett Blundy,2,"retail, agribusiness",Australia,61,TRUE,,,,Australia
1580,J. Hyatt Brown,2,insurance,United States,83,FALSE,1937-07-12,Orlando,,United States
1580,Dai Wenjun,2,food,China,52,TRUE,,,,China
1580,Sol Daurella,2,Coca-Cola bottler,Spain,55,FALSE,,,,Spain
1580,John de Mol,2,TV programs,Netherlands,66,TRUE,,,,Netherlands
1580,Dou Zhenggang,2,"energy, chemicals",China,67,TRUE,,,,China
1580,Glenn Dubin,2,hedge funds,United States,64,TRUE,1957-04-13,New York City,New York,United States
1580,John Elkann,2,"FIAT, investments",Italy,45,FALSE,1976-04-01,New York City,New York,United States
1580,Ibrahim Erdemoglu,2,carpet,Turkey,58,TRUE,,,,Turkey
1580,Andy Fang,2,food delivery app,United States,28,TRUE,1992-01-01,,,United States
1580,Fang Hongbo,2,home appliances,China,54,TRUE,,,,China
1580,Kenneth Feld & family,2,live entertainment,United States,72,FALSE,,,,United States
1580,Walter Frey,2,car dealerships,Switzerland,77,FALSE,,,,Switzerland
1580,Yasuhiro Fukushima,2,video games,Japan,73,TRUE,,,,Japan
1580,Dennis Gillings,2,drug testing,United Kingdom,77,TRUE,1944-04-25,London,,United Kingdom
1580,Sam Goi,2,frozen foods,Singapore,74,TRUE,,,,Singapore
1580,Bahaa Hariri,2,"real estate, investments",Lebanon,55,FALSE,1966-01-01,Lebanon,,Lebanon
1580,Ilona Herlin,2,"elevators, escalators",Finland,56,FALSE,,,,Finland
1580,Jeffery Hildebrand,2,oil,United States,62,TRUE,1959-00-00,Texas,,United States
1580,J. Tomilson Hill,2,investments,United States,72,TRUE,1940-00-00,New York City,New York,United States
1580,Orion Hindawi,2,software,United States,41,TRUE,1980-01-01,,,United States
1580,Reid Hoffman,2,LinkedIn,United States,53,TRUE,1967-08-05,Stanford,California,United States
1580,Hou Juncheng,2,cosmetics,China,56,TRUE,,,,China
1580,W. Herbert Hunt,2,oil,United States,92,FALSE,,,,United States
1580,George Joseph,2,insurance,United States,99,TRUE,,,,United States
1580,Ke Yunfeng & family,2,retailing,China,54,TRUE,,,,China
1580,Sergei Kolesnikov,2,building materials,Russia,49,TRUE,,,,Russia
1580,Thomas Lee,2,private equity,United States,77,TRUE,,,,United States
1580,Peter Leibinger,2,machine tools,Germany,54,FALSE,,,,Germany
1580,Regine Leibinger,2,machine tools,Germany,58,FALSE,,,,Germany
1580,Nicola Leibinger-Kammueller,2,manufacturing,Germany,61,FALSE,,,,Germany
1580,Solomon Lew,2,retail,Australia,76,TRUE,,,,Australia
1580,Li Yong,2,education,China,44,TRUE,,,,China
1580,Liu Yachao,2,education,China,40,TRUE,,,,China
1580,Jeffrey Lorberbaum,2,flooring,United States,66,FALSE,1954-10-24,,,United States
1580,Jed McCaleb,2,cryptocurrency,United States,46,TRUE,1975-00-00,Fayetteville,,United States
1580,Craig McCaw,2,telecom,United States,71,FALSE,1949-08-11,Centralia,Washington,United States
1580,Miao Yongjun,2,clinical diagnostics,China,53,TRUE,,,,China
1580,Robert Miller,2,electronics components,Canada,75,TRUE,,,,Canada
1580,Charles Munger,2,Berkshire Hathaway,United States,97,TRUE,,,,United States
1580,David Nahmad,2,art collection,Monaco,74,TRUE,,,,Monaco
1580,Jonathan Nelson,2,private equity,United States,64,TRUE,,,,United States
1580,Pierre Karl Péladeau,2,media,Canada,59,FALSE,,,,Canada
1580,Kevin Plank,2,Under Armour,United States,48,TRUE,1972-08-13,Kensington,Maryland,United States
1580,Alberto Prada,2,luxury goods,Italy,67,FALSE,,,,Italy
1580,Marina Prada,2,luxury goods,Italy,75,FALSE,,,,Italy
1580,Mahendra Prasad,2,pharmaceuticals,India,81,TRUE,,,,India
1580,Jennifer Pritzker,2,"hotels, investments",United States,70,FALSE,1950-08-13,Chicago,,United States
1580,Linda Pritzker,2,"hotels, investments",United States,67,FALSE,1953-01-01,Oberlin,,United States
1580,"Joe Rogers, Jr.",2,Waffle House,United States,,FALSE,,,,United States
1580,Igor Rybakov,2,building materials,Russia,48,TRUE,,,,Russia
1580,Sathien Setthasit,2,energy drinks,Thailand,67,TRUE,,,,Thailand
1580,Mikhail Shelkov,2,titanium,Russia,52,TRUE,,,,Russia
1580,Shen Xiqiang & family,2,chemical,China,73,TRUE,,,,China
1580,Thaksin Shinawatra,2,investments,Thailand,71,TRUE,1949-07-26,San Kamphaeng,,Thailand
1580,Martua Sitorus,2,palm oil,Indonesia,61,TRUE,,,,Indonesia
1580,Sylvia Stroeher,2,cosmetics,Germany,65,FALSE,,,,Germany
1580,Alexander Svetakov,2,real estate,Russia,53,TRUE,,,,Russia
1580,Stanley Tang,2,food delivery app,United States,28,TRUE,1992-01-01,,,United States
1580,Tang Xiuguo,2,manufacturing,China,57,TRUE,,,,China
1580,Alain Taravella,2,real estate development,France,73,TRUE,,,,France
1580,Wichai Thongtang,2,investments,Thailand,74,TRUE,,,,Thailand
1580,Arvind Tiku,2,"oil & gas, investments",India,51,TRUE,,,,India
1580,Hamdi Ulukaya,2,greek yogurt,Turkey,48,TRUE,,,,Turkey
1580,Georg von Opel,2,"real estate, investments",Switzerland,55,FALSE,,,,Switzerland
1580,Wang Chaobin,2,real estate,China,65,TRUE,,,,China
1580,Wang Zhenghua,2,budget airline,China,77,TRUE,,,,China
1580,Wei Ing-Chou,2,"food, beverages",Taiwan,67,TRUE,,,,Taiwan
1580,Horst Wortmann,2,footwear,Germany,79,TRUE,,,,Germany
1580,Wu Junbao,2,education,China,55,TRUE,,,,China
1580,Wu Kai,2,batteries,China,53,TRUE,,,,China
1580,Amy Wyss,2,medical equipment,United States,50,FALSE,1971-00-00,Boulder,Colorado,United States
1580,Xue Xiangdong & family,2,software,China,62,TRUE,,,,China
1580,Yan Zhi,2,real estate,China,48,TRUE,,,,China
1580,William Young,2,plastics,United States,80,TRUE,,,,United States
1580,Zhang Xuansong,2,supermarkets,China,49,TRUE,,,,China
1664,Noubar Afeyan,1.9,biotech,United States,58,TRUE,1962-07-25,Beirut,,Lebanon
1664,Aziz Akhannouch & family,1.9,"petroleum, diversified",Morocco,60,FALSE,1961-08-16,Tafraout,,Morocco
1664,Joao Alves de Queiroz Filho,1.9,pharmaceuticals,Brazil,68,TRUE,,,,Brazil
1664,Andrey Andreev,1.9,online dating,United Kingdom,47,TRUE,,,,United Kingdom
1664,Felix Baker,1.9,biotech investing,United States,52,TRUE,,,,United States
1664,Julian Baker,1.9,investing,United States,54,TRUE,,,,United States
1664,Lee Bass,1.9,"oil, investments",United States,64,FALSE,1956-00-00,,,United States
1664,Andrey Blokh,1.9,cannabis,Russia,57,TRUE,,,,Russia
1664,Josef Boquoi & family,1.9,frozen foods,Germany,87,TRUE,,,,Germany
1664,Nicola Bulgari,1.9,luxury goods,Italy,80,FALSE,,,,Italy
1664,Chen Shiliang,1.9,polyester,China,57,TRUE,,,,China
1664,Chen Tei-fu,1.9,herbal products,Taiwan,73,TRUE,,,,Taiwan
1664,Chung Yong-jin,1.9,retail,South Korea,52,FALSE,,,,South Korea
1664,Thierry Cruanes,1.9,software,United States,53,TRUE,,,,United States
1664,Benoit Dageville,1.9,software,United States,54,TRUE,,,,United States
1664,Beda Diethelm,1.9,hearing aids,Switzerland,80,TRUE,,,,Switzerland
1664,James Dinan,1.9,hedge funds,United States,61,TRUE,,,,United States
1664,Mark Dixon,1.9,office real estate,United Kingdom,61,TRUE,,,,United Kingdom
1664,Bulent Eczacibasi,1.9,"pharmaceuticals, diversified",Turkey,71,FALSE,,,,Turkey
1664,Fred Ehrsam,1.9,cryptocurrency exchange,United States,32,TRUE,1988-05-10,,,United States
1664,Francois Feuillet,1.9,"motorhomes, RVs",France,72,FALSE,,,,France
1664,Robert Fisher,1.9,Gap,United States,67,FALSE,,,,United States
1664,"William Foley, II.",1.9,★,United States,76,TRUE,,,,United States
1664,Gao Yi & family,1.9,pharmaceuticals,China,52,TRUE,,,,China
1664,Gao Yu,1.9,information technology,China,,TRUE,,,,China
1664,Sanjiv Goenka,1.9,diversified,India,60,FALSE,,,,India
1664,Surjit Kumar Gupta,1.9,electrical equipment,India,79,FALSE,,,,India
1664,Yusuf Hamied,1.9,pharmaceuticals,India,84,FALSE,,,,India
1664,Shmuel Harlap,1.9,automotive,Israel,76,FALSE,,,,Israel
1664,Bill Haslam,1.9,gas stations,United States,62,FALSE,1958-08-23,Knoxville,Tennessee,United States
1664,Roberto Hernandez Ramirez,1.9,banking,Mexico,79,TRUE,,,,Mexico
1664,Huang Jiangji,1.9,smartphones,Hong Kong,,TRUE,,,,Hong Kong
1664,Stanley Hubbard,1.9,DirecTV,United States,87,FALSE,1933-01-01,,,United States
1664,Arthur Irving,1.9,oil,Canada,91,FALSE,1930-07-14,Saint John,,Canada
1664,Hamilton James,1.9,investments,United States,69,TRUE,,,,United States
1664,Jiang Zhaobai,1.9,real estate,China,57,TRUE,,,,China
1664,Ke Jinlong & family,1.9,retailing,China,,TRUE,,,,China
1664,Ke Kangbao & family,1.9,retailing,China,58,TRUE,,,,China
1664,Michael Kim,1.9,private equity,United States,57,TRUE,1964-01-01,,,United States
1664,Ipek Kirac,1.9,diversified,Turkey,36,FALSE,,,,Turkey
1664,Kurt Krieger,1.9,furniture retailing,Germany,73,TRUE,,,,Germany
1664,Christopher Kwok,1.9,real estate,Hong Kong,35,FALSE,,,,Hong Kong
1664,Edward Kwok,1.9,real estate,Hong Kong,40,FALSE,,,,Hong Kong
1664,Alexis Lê-Quôc,1.9,cloud computing,United States,,,,,,United States
1664,Li Guangyu,1.9,education,China,57,TRUE,,,,China
1664,Li Hongjing,1.9,auto parts,China,53,TRUE,,,,China
1664,Li Jiaquan,1.9,chemicals,China,57,TRUE,,,,China
1664,Li Min,1.9,semiconductor,China,55,TRUE,,,,China
1664,Lin Dingqiang & family,1.9,real estate,Hong Kong,54,TRUE,,,,Hong Kong
1664,Louise Lindh,1.9,investments,Sweden,41,FALSE,,,,Sweden
1664,Yusaku Maezawa,1.9,online retail,Japan,45,TRUE,1975-11-22,Kamagaya,,Japan
1664,Anand Mahindra,1.9,diversified,India,66,FALSE,1955-05-01,Mumbai,,India
1664,Willy Michel,1.9,medical devices,Switzerland,74,TRUE,,,,Switzerland
1664,Lachhman Das Mittal,1.9,tractors,India,90,FALSE,,,,India
1664,Ermirio Pereira de Moraes,1.9,diversified,Brazil,88,FALSE,,,,Brazil
1664,Maria Helena Moraes Scripilliti,1.9,diversified,Brazil,90,FALSE,,,,Brazil
1664,Stefan Olsson,1.9,diversified,Sweden,72,FALSE,,,,Sweden
1664,Peng Yongdong,1.9,real estate,China,41,TRUE,,,,China
1664,Olivier Pomel,1.9,cloud computing,France,44,TRUE,,,,France
1664,Larry Robbins,1.9,hedge funds,United States,51,TRUE,1969-01-01,Illinois,,United States
1664,Brian Roberts,1.9,Comcast,United States,61,FALSE,,,,United States
1664,Christopher Rokos,1.9,hedge fund,United Kingdom,50,TRUE,,,,United Kingdom
1664,S.D. Shibulal,1.9,software services,India,,,,,,India
1664,Evgeny (Eugene) Shvidler,1.9,"oil & gas, investments",United States,,,,,,United States
1664,Frank Slootman,1.9,software,United States,62,TRUE,1958-00-00,,,United States
1664,Sergio Stevanato,1.9,medical packaging,Italy,78,TRUE,,,,Italy
1664,Kevin Systrom,1.9,Instagram,United States,37,TRUE,1983-12-30,Holliston,,United States
1664,Tan Lili,1.9,feed,China,,TRUE,,,,China
1664,David Teoh & family,1.9,telecom,Australia,65,TRUE,,,,Australia
1664,Patrizio Vinciarelli,1.9,electronic components,United States,74,TRUE,,,,United States
1664,Todd Wagner,1.9,online media,United States,60,TRUE,1960-08-02,Gary,,United States
1664,Wan Long,1.9,food,China,80,TRUE,1940-01-01,,,China
1664,Wang Jian,1.9,healthcare services,China,,,,,,China
1664,Wang Jilei,1.9,logistics,China,56,TRUE,,,,China
1664,Wang Junshi & family,1.9,solar energy,China,72,TRUE,,,,China
1664,Wei Yin-Chun,1.9,"food, beverages",Taiwan,64,TRUE,,,,Taiwan
1664,Wei Yin-Heng,1.9,"food, beverages",Taiwan,62,TRUE,,,,Taiwan
1664,Stephen Winn,1.9,real estate services,United States,74,TRUE,,,,United States
1664,Gordon Wu,1.9,real estate,Hong Kong,85,TRUE,,,,Hong Kong
1664,Yang Xuegang,1.9,coking,China,56,TRUE,,,,China
1664,Yu Huijiao,1.9,package delivery,China,55,TRUE,,,,China
1664,Zeng Kaitian,1.9,online games,China,46,TRUE,,,,China
1664,Changpeng Zhao,1.9,cryptocurrency exchange,China,45,TRUE,1977-09-10,Jiangsu,,People's Republic of China
1664,Zhu Xingliang,1.9,construction,China,62,TRUE,,,,China
1664,Zhu Yiwen & family,1.9,healthcare,China,,TRUE,,,,China
1664,Anita Zucker,1.9,chemicals,United States,69,FALSE,1952-05-11,Charleston,,United States
1750,Mohamed Al Fayed,1.8,"retail, investments",Egypt,92,TRUE,,,,Egypt
1750,Leslie Alexander,1.8,sports team,United States,77,TRUE,,,,United States
1750,Joachim Ante,1.8,game software,Germany,38,TRUE,,,,Germany
1750,Roman Avdeev,1.8,"banking, development",Russia,53,TRUE,1967-07-17,Odintsovo,,Russia
1750,Arun Bharat Ram,1.8,chemicals,India,80,FALSE,,,,India
1750,O. Francis Biondi,1.8,hedge funds,United States,,,,,,United States
1750,John Bloor,1.8,"real estate, manufacturing",United Kingdom,77,TRUE,,,,United Kingdom
1750,Vladimir Bogdanov,1.8,oil,Russia,69,TRUE,,,,Russia
1750,David Booth,1.8,mutual funds,United States,75,TRUE,,,,United States
1750,Cai Mingtong,1.8,electronic components,China,69,TRUE,,,,China
1750,Yvon Chouinard,1.8,Patagonia,United States,82,TRUE,1938-11-09,Lewiston,Maine,United States
1750,Jack Cockwell,1.8,"real estate, private equity",Canada,80,TRUE,,,,Canada
1750,Kommer Damen,1.8,shipbuilding,Netherlands,77,FALSE,,,,Netherlands
1750,D. Leopoldo Del Pino,1.8,construction,Spain,,,,,,Spain
1750,Jamie Dimon,1.8,banking,United States,65,TRUE,1956-03-13,New York City,New York,United States
1750,Robert Duggan,1.8,pharmaceuticals,United States,77,TRUE,1944-01-01,Oakland,California,United States
1750,Faruk Eczacibasi,1.8,"pharmaceuticals, diversified",Turkey,66,FALSE,,,,Turkey
1750,N. Murray Edwards,1.8,oil & gas,Canada,,,,,,Canada
1750,Anthony Eisen,1.8,fintech,Australia,49,TRUE,,,,Australia
1750,Ali Erdemoglu,1.8,carpet,Turkey,61,TRUE,,,,Turkey
1750,James France,1.8,"Nascar, racing",United States,76,FALSE,,,,United States
1750,Mario Gabelli,1.8,money management,United States,79,TRUE,1942-06-19,New York City,New York,United States
1750,Reinold Geiger,1.8,beauty products,Austria,73,TRUE,1947-07-10,Dornbirn,,Austria
1750,Rolf Gerling,1.8,insurance,Germany,66,FALSE,1954-12-15,Cologne,,Germany
1750,Ali Ghodsi,1.8,data analytics,Sweden,42,TRUE,,,,Sweden
1750,Carl Hansen,1.8,biotech,Canada,47,TRUE,,,,Canada
1750,He Xinming family,1.8,ceramic,China,,,,,,China
1750,William Heinecke,1.8,hotels,Thailand,71,TRUE,,,,Thailand
1750,Brian Higgins,1.8,hedge funds,United States,56,TRUE,1959-10-06,Buffalo,New York,United States
1750,David Hindawi,1.8,software,United States,76,TRUE,1944-01-01,,,United States
1750,Drew Houston,1.8,cloud storage service,United States,38,TRUE,1983-03-04,Acton,Massachusetts,United States
1750,Thomas James,1.8,finance,United States,78,FALSE,1943-01-01,,,United States
1750,Stephen Jarislowsky,1.8,money management,Canada,95,TRUE,,,,Canada
1750,Jin Huiming,1.8,real estate,China,68,TRUE,,,,China
1750,Willis Johnson,1.8,damaged cars,United States,73,TRUE,1947-01-01,Oklahoma,,United States
1750,Dmitry Kamenshchik,1.8,airport,Russia,53,TRUE,,,,Russia
1750,Ihor Kolomoyskyy,1.8,"banking, investments",Ukraine,58,TRUE,,,,Ukraine
1750,Marc Lasry,1.8,hedge funds,United States,60,TRUE,1961-01-01,Morocco,,Morocco
1750,Lee Boo-jin,1.8,Samsung,South Korea,50,FALSE,,,,South Korea
1750,Lei Jufang,1.8,pharmaceuticals,China,68,TRUE,,,,China
1750,Wolfgang Leitner,1.8,engineering,Austria,68,TRUE,1953-03-27,Graz,,Austria
1750,Li Rucheng,1.8,apparel,China,69,TRUE,,,,China
1750,Vincent Lo,1.8,real estate,Hong Kong,72,FALSE,,,,Hong Kong
1750,Juan Lopez-Belmonte Lopez & family,1.8,pharmacueticals,Spain,,FALSE,,,,Spain
1750,Lv Dalong,1.8,telecom services,China,59,TRUE,,,,China
1750,Joao Roberto Marinho,1.8,media,Brazil,67,FALSE,,,,Brazil
1750,Jose Roberto Marinho,1.8,media,Brazil,65,FALSE,,,,Brazil
1750,Roberto Irineu Marinho,1.8,media,Brazil,73,FALSE,,,,Brazil
1750,Miao Shouliang,1.8,real estate,China,66,TRUE,,,,China
1750,Romano Minozzi,1.8,"utilities, diversified",Italy,86,TRUE,,,,Italy
1750,Nick Molnar,1.8,fintech,Australia,30,TRUE,,,,Australia
1750,Oei Hong Leong,1.8,investments,Singapore,73,FALSE,1948-01-01,,,Singapore
1750,Kazuo Okada,1.8,casinos,Japan,78,TRUE,1942-01-01,Osaka,,Japan
1750,John Oyler,1.8,biotech,United States,53,TRUE,,,,United States
1750,Husnu Ozyegin,1.8,"finance, diversified",Turkey,76,TRUE,,,,Turkey
1750,Tor Peterson,1.8,commodities,United States,56,TRUE,,,,United States
1750,Jorge Pinheiro Koren de Lima,1.8,"hospitals, health insurance",Brazil,48,FALSE,,,,Brazil
1750,Candido Pinheiro Koren de Lima Junior,1.8,"hospitals, health insurance",Brazil,50,FALSE,,,,Brazil
1750,Pu Zhongjie & family,1.8,medical equipment,China,58,TRUE,,,,China
1750,Qin Long,1.8,tire,China,55,TRUE,,,,China
1750,Alvaro Saieh Bendeck,1.8,banking,Chile,71,TRUE,,,,Chile
1750,Glenn Sanford,1.8,real estate brokerage,United States,54,TRUE,,,,United States
1750,Leonard Schleifer,1.8,pharmaceuticals,United States,68,TRUE,1952-07-00,,,United States
1750,Shang Xiaobo & family,1.8,Manufacturing,China,47,TRUE,,,,China
1750,Shi Wen-long,1.8,plastics,Taiwan,93,TRUE,,,,Taiwan
1750,Shi Yifeng,1.8,medical cosmetics,China,47,TRUE,,,,China
1750,Sergei Studennikov,1.8,"liquor stores, supermarkets",Russia,54,TRUE,,,,Russia
1750,Sun Guangxin,1.8,diversified,China,58,TRUE,,,,China
1750,Henry Swieca,1.8,hedge funds,United States,63,TRUE,1957-00-00,New York City,New York,United States
1750,Tan Yu Yeh,1.8,retail,Malaysia,50,TRUE,,,,Malaysia
1750,Torbjorn Tornqvist,1.8,oil trading,Sweden,67,TRUE,,,,Sweden
1750,Martin Viessmann,1.8,heating and cooling equipment,Germany,67,FALSE,,,,Germany
1750,Wang Lizhan,1.8,sauce,China,,TRUE,,,,China
1750,Wei Lidong & family,1.8,software,China,45,TRUE,,,,China
1750,Kanye West,1.8,"music, sneakers",United States,43,TRUE,1977-06-08,Atlanta,Georgia,United States
1750,Wu Bo,1.8,machinery,China,67,TRUE,,,,China
1750,Wu Kaiting,1.8,electronics,Hong Kong,51,TRUE,,,,Hong Kong
1750,Wu Xushun & family,1.8,internet,China,73,TRUE,,,,China
1750,Xu Guozhong & family,1.8,Motors,China,57,TRUE,,,,China
1750,Yang Tingdong,1.8,brewery,China,60,TRUE,,,,China
1750,Zhang Xuexin & family,1.8,aluminum,China,73,TRUE,,,,China
1750,Zhang Yubai,1.8,wine,China,56,TRUE,,,,China
1750,Zhao Weiguo,1.8,IT products,China,54,TRUE,,,,China
1833,Chirayu Amin,1.7,pharmaceuticals,India,74,FALSE,,,,India
1833,Marc Andreessen,1.7,venture capital investing,United States,49,TRUE,1971-07-09,Cedar Falls,Iowa,United States
1833,Vasily Anisimov,1.7,real estate,Russia,69,TRUE,,,,Russia
1833,Sabrina Benetton,1.7,"fashion retail, investments",Italy,47,FALSE,,,,Italy
1833,Nicolas Berggruen,1.7,investments,United States,59,FALSE,1961-08-10,Paris,,France
1833,Alex Birkenstock,1.7,shoes,Germany,52,FALSE,,,,Germany
1833,Christian Birkenstock,1.7,shoes,Germany,48,FALSE,,,,Germany
1833,Henadiy Boholyubov,1.7,"banking, investments",Ukraine,59,TRUE,,,,Ukraine
1833,Peter Buck,1.7,Subway sandwich shops,United States,90,TRUE,1956-12-06,Berkeley,,United States
1833,Saket Burman,1.7,consumer goods,United Kingdom,44,FALSE,,,,United Kingdom
1833,Stewart Butterfield,1.7,messaging software,Canada,48,TRUE,1973-03-21,Lund,,Canada
1833,Giuliana Caprotti,1.7,supermarkets,Italy,80,FALSE,,,,Italy
1833,Marina Caprotti,1.7,supermarkets,Italy,43,FALSE,,,,Italy
1833,R.G. Chandramogan,1.7,dairy,India,,,,,,India
1833,Richard Chang,1.7,"real estate, electronics",Taiwan,74,TRUE,,,,Taiwan
1833,Chao Teng-hsiung,1.7,real estate,Taiwan,76,TRUE,,,,Taiwan
1833,Chen Guoxiang & family,1.7,real estate,China,70,TRUE,,,,China
1833,Tony Chen,1.7,electronics,Taiwan,71,TRUE,,,,Taiwan
1833,Chen Wenyuan & family,1.7,testing equipment,China,53,TRUE,,,,China
1833,Chen Xueling,1.7,stationery,China,53,TRUE,,,,China
1833,Cheng Xianfeng,1.7,pharmaceuticals,China,52,TRUE,,,,China
1833,Daniel Chiu,1.7,oil & gas,Hong Kong,60,TRUE,,,,Hong Kong
1833,Ivan Chrenko,1.7,real estate,Slovakia,53,TRUE,1967-01-01,Šaľa,,Slovakia
1833,Brunello Cucinelli & family,1.7,fashion,Italy,67,TRUE,,,,Italy
1833,Alexandra Daitch,1.7,Cargill,United States,58,FALSE,,,,United States
1833,Henry Engelhardt,1.7,insurance,United States,63,TRUE,1958-01-17,Chicago,,United States
1833,Philip Fayer,1.7,online payments,Canada,,TRUE,,,,Canada
1833,David Feffer,1.7,pulp and paper,Brazil,64,FALSE,,,,Brazil
1833,Paul Foster,1.7,oil refining,United States,63,TRUE,1958-01-01,,,United States
1833,Bernd Freier,1.7,fashion retail,Germany,64,TRUE,,,,Germany
1833,Robert Friedland,1.7,mining,United States,70,TRUE,1950-08-18,Chicago,,United States
1833,Giammaria Giuliani,1.7,pharmaceuticals,Switzerland,43,FALSE,,,,Switzerland
1833,G. Gnanalingam,1.7,ports,Malaysia,76,TRUE,,,,Malaysia
1833,Christopher Goldsbury,1.7,salsa,United States,78,FALSE,,,,United States
1833,Said Gutseriev,1.7,"oil, retail",Russia,33,TRUE,,,,Russia
1833,Chang-Woo Han & family,1.7,pachinko parlors,Japan,90,TRUE,,,,Japan
1833,John Hancock,1.7,mining,Australia,45,FALSE,1737-01-23,Braintree,Massachusetts,United States
1833,Patrick Hanrahan,1.7,software,United States,65,TRUE,,,,United States
1833,Christoph Henkel,1.7,consumer goods,Germany,63,FALSE,,,,Germany
1833,Anurang Jain,1.7,auto parts,India,59,TRUE,,,,India
1833,Devendra Jain,1.7,chemicals,India,92,FALSE,,,,India
1833,Jia Tianjiang & family,1.7,non-ferrous metals,China,58,TRUE,,,,China
1833,Eric Jing,1.7,e-commerce,China,48,TRUE,,,,China
1833,Chatchai Kaewbootta,1.7,auto loans,Thailand,69,TRUE,,,,Thailand
1833,Sergei Katsiev,1.7,"retail, wholesale",Russia,63,TRUE,,,,Russia
1833,Kim Sang-yeol,1.7,construction,South Korea,60,TRUE,,,,South Korea
1833,Kagemasa Kozuki,1.7,video games,Japan,80,TRUE,,,,Japan
1833,Edward Lampert,1.7,Sears,United States,58,TRUE,,,,United States
1833,Lee Joon-ho,1.7,online games,South Korea,56,TRUE,,,,South Korea
1833,Lee Seo-hyun,1.7,Samsung,South Korea,47,FALSE,,,,South Korea
1833,Jimmy John Liautaud,1.7,sandwich chain,United States,57,TRUE,1964-01-12,Arlington Heights,,United States
1833,David Lichtenstein,1.7,real estate,United States,59,TRUE,1960-01-01,Brooklyn,New York,United States
1833,Bill Liu,1.7,electronics,China,38,TRUE,,,,China
1833,Lu Di,1.7,drones,China,,TRUE,,,,China
1833,Ma Xiuhui,1.7,LED lighting,China,50,TRUE,,,,China
1833,Sarah MacMillan,1.7,Cargill,United States,67,FALSE,,,,United States
1833,Yves-Loic Martin,1.7,laboratory services,France,55,TRUE,,,,France
1833,Todd McKinnon,1.7,software,United States,49,TRUE,,,,United States
1833,Shalom Meckenzie,1.7,★,Israel,44,TRUE,,,,Israel
1833,Gary Michelson,1.7,medical patents,United States,72,TRUE,,,,United States
1833,Narendrakumar Parekh,1.7,adhesives,India,83,FALSE,,,,India
1833,Jorge Perez,1.7,real estate,United States,71,TRUE,,,,United States
1833,Markus Persson,1.7,computer games,Sweden,41,TRUE,,,,Sweden
1833,Nicholas Pritzker,1.7,"hotels, investments",United States,77,FALSE,,,,United States
1833,Theodore Rachmat,1.7,diversified,Indonesia,77,FALSE,,,,Indonesia
1833,Megdet Rahimkulov & family,1.7,investments,Russia,75,TRUE,,,,Russia
1833,Jerry Reinsdorf,1.7,sports teams,United States,85,TRUE,1936-02-25,Brooklyn,New York,United States
1833,Mochtar Riady & family,1.7,diversified,Indonesia,91,TRUE,,,,Indonesia
1833,Bianca Rinehart,1.7,mining,Australia,44,FALSE,,,,Australia
1833,Ginia Rinehart,1.7,mining,Australia,34,FALSE,,,,Australia
1833,Fernando Roig,1.7,supermarkets,Spain,73,FALSE,,,,Spain
1833,Sheryl Sandberg,1.7,Facebook,United States,51,TRUE,1969-08-28,"Washington, D.C.",,United States
1833,Andres Santo Domingo,1.7,beer,United States,42,FALSE,,,,United States
1833,Ivan Savvidis,1.7,agribusiness,Russia,62,TRUE,,,,Russia
1833,Shao Genhuo,1.7,agribusiness,China,55,TRUE,,,,China
1833,Shao Qinxiang,1.7,diversified,China,66,TRUE,,,,China
1833,Rajju Shroff,1.7,agrochemicals,India,87,TRUE,,,,India
1833,Lucy Stitzer,1.7,Cargill,United States,61,FALSE,,,,United States
1833,Djoko Susanto,1.7,supermarkets,Indonesia,71,TRUE,,,,Indonesia
1833,Peter Szulczewski,1.7,e-commerce,Canada,39,TRUE,,,,Canada
1833,Vonnarat Tangkaravakoon,1.7,"wire & cables, paints",Thailand,49,FALSE,,,,Thailand
1833,Ion Tiriac,1.7,"banking, insurance",Romania,81,TRUE,,,,Romania
1833,Robert Toennies,1.7,meat processing,Germany,42,FALSE,,,,Germany
1833,Tung Ching Sai,1.7,manufacturing,China,56,TRUE,,,,China
1833,Pavel Tykac,1.7,coal mines,Czechia,56,TRUE,,,,Czechia
1833,Rufino Vigil Gonzalez,1.7,steel,Mexico,72,TRUE,,,,Mexico
1833,Wang Junmin,1.7,pharmaceuticals,China,52,TRUE,,,,China
1833,Wang Yanqing & family,1.7,carbon fiber products,China,55,TRUE,,,,China
1833,Charlotte Colket Weber,1.7,Campbell Soup,United States,78,FALSE,,,,United States
1833,Hope Welker,1.7,mining,Australia,35,FALSE,,,,Australia
1833,Wu Ying,1.7,materials,China,57,TRUE,1981-05-20,Dongyang,,People's Republic of China
1833,Wu Yulan,1.7,pharmaceuticals,China,51,TRUE,,,,China
1833,Xie Weitong,1.7,cobalt,Taiwan,64,TRUE,,,,Taiwan
1833,Xu Xudong & family,1.7,auto parts,China,51,TRUE,,,,China
1833,Yang Yunyun,1.7,retail,China,44,TRUE,,,,China
1833,Ye Yanqiao,1.7,soy sauce,China,51,TRUE,,,,China
1833,Zeng Chaoyi,1.7,aluminum products,China,52,TRUE,,,,China
1833,Zhang Guiping & family,1.7,real estate,China,69,TRUE,,,,China
1931,Faisal Bin Qassim Al Thani,1.6,"hotels, diversified",Qatar,73,TRUE,,,,Qatar
1931,Patricia Angelini Rossi,1.6,"forestry, mining",Chile,67,FALSE,,,,Chile
1931,Lesley Bamberger,1.6,real estate,Netherlands,55,FALSE,,,,Netherlands
1931,William Boyd,1.6,"casinos, banking",United States,89,FALSE,,,,United States
1931,Bernhard Braun-Luedicke,1.6,medical technology,Germany,44,FALSE,,,,Germany
1931,Eva Maria Braun-Luedicke,1.6,medical technology,Germany,34,FALSE,,,,Germany
1931,Friederike Braun-Luedicke,1.6,medical technology,Germany,37,FALSE,,,,Germany
1931,Amit Burman,1.6,consumer goods,India,51,FALSE,,,,India
1931,Jean-Pierre Cayard,1.6,spirits,France,78,FALSE,,,,France
1931,Chen Kaichen,1.6,household chemicals,China,,TRUE,,,,China
1931,Chen Qiongxiang,1.6,batteries,China,,TRUE,,,,China
1931,Chen Xuehua,1.6,nonferrous,China,60,TRUE,,,,China
1931,Chen Yung-tai,1.6,real estate,Taiwan,85,TRUE,,,,Taiwan
1931,Chen Zemin & family,1.6,food,China,78,TRUE,,,,China
1931,Ryan Cohen,1.6,investments,Canada,35,TRUE,,,,Canada
1931,Norbert Dentressangle,1.6,"transport, logistics",France,66,TRUE,,,,France
1931,Mohammed Dewji,1.6,diversified,Tanzania,45,FALSE,,,,Tanzania
1931,Ding Lieming & family,1.6,pharmaceuticals,China,57,TRUE,,,,China
1931,Domenico Dolce,1.6,luxury goods,Italy,62,TRUE,1958-08-13,Polizzi Generosa,,Italy
1931,Lisa Draexlmaier,1.6,auto parts,Germany,30,FALSE,,,,Germany
1931,Alfredo Egydio Arruda Villela Filho,1.6,banking,Brazil,51,FALSE,,,,Brazil
1931,Daniel Feffer,1.6,pulp and paper,Brazil,61,FALSE,,,,Brazil
1931,Jorge Feffer,1.6,pulp and paper,Brazil,56,FALSE,,,,Brazil
1931,Ruben Feffer,1.6,pulp and paper,Brazil,,FALSE,,,,Brazil
1931,Henrik Fisker,1.6,★,United States,57,TRUE,1963-08-10,Denmark,,Kingdom of Denmark
1931,Miguel Fluxa Rossello,1.6,hotels,Spain,82,FALSE,,,,Spain
1931,Donald Foss,1.6,auto loans,United States,76,TRUE,1945-01-01,,,United States
1931,Susumu Fujita,1.6,internet media,Japan,47,TRUE,,,,Japan
1931,Stefano Gabbana,1.6,luxury goods,Italy,58,TRUE,1962-11-14,Milan,,Italy
1931,Alexandre Grendene Bartelle,1.6,shoes,Brazil,71,TRUE,1950-01-02,Farroupilha,,Brazil
1931,Geeta Gupta-Fisker,1.6,★,United Kingdom,46,TRUE,,,,United Kingdom
1931,Heikki Herlin,1.6,"elevators, escalators",Finland,34,FALSE,,,,Finland
1931,Asok Kumar Hiranandani,1.6,real estate,Singapore,66,FALSE,,,,Singapore
1931,Niranjan Hiranandani,1.6,real estate,India,71,TRUE,,,,India
1931,Ho Hung Anh,1.6,"consumer products, banking",Vietnam,50,TRUE,,,,Vietnam
1931,Huang Zhengcong,1.6,electronics,Hong Kong,54,TRUE,,,,Hong Kong
1931,"B. Wayne Hughes, Jr.",1.6,storage facilities,United States,60,FALSE,,,,United States
1931,Jiang Yintai & family,1.6,auto parts,China,70,TRUE,,,,China
1931,Michael Jordan,1.6,"Charlotte Hornets, endorsements",United States,58,TRUE,1963-02-17,Brooklyn,New York,United States
1931,Ke Guihua,1.6,auto parts,China,55,TRUE,,,,China
1931,Alexander Klyachin,1.6,real estate,Russia,53,TRUE,,,,Russia
1931,William Koch,1.6,"oil, investments",United States,81,FALSE,,,,United States
1931,Sebastian Kulczyk,1.6,diversified,Poland,40,FALSE,,,,Poland
1931,Robert Langer,1.6,biotech,United States,72,TRUE,,,,United States
1931,Manuel Lao Hernandez,1.6,casinos,Spain,76,TRUE,,,,Spain
1931,Michael Lee-Chin,1.6,mutual funds,Canada,70,TRUE,,,,Canada
1931,Li Li,1.6,pharmaceuticals,China,57,TRUE,1964-01-01,,,China
1931,Li Zhen & family,1.6,lithium batteries,China,57,TRUE,,,,China
1931,Liang Yanfeng & family,1.6,real estate,China,56,TRUE,,,,China
1931,Jenny Lindén Urnes,1.6,powdered metal,Sweden,50,FALSE,,,,Sweden
1931,Liu Yingqi,1.6,technology,China,44,TRUE,,,,China
1931,Catherine Lozick,1.6,valve manufacturing,United States,76,FALSE,,,,United States
1931,Gary Magness,1.6,"cable TV, investments",United States,67,FALSE,1954-02-26,,,United States
1931,Mao Lixiang & family,1.6,cooking appliances,China,80,TRUE,,,,China
1931,David Mindus,1.6,real estate,Sweden,49,TRUE,,,,Sweden
1931,Massimo Moratti,1.6,oil refinery,Italy,75,FALSE,1945-05-16,Bosco Chiesanuova,,Italy
1931,Mario Moretti Polegato & family,1.6,shoes,Italy,68,TRUE,,,,Italy
1931,Ni Zugen,1.6,appliances,China,64,TRUE,,,,China
1931,Kentaro Ogawa,1.6,restaurants,Japan,72,TRUE,,,,Japan
1931,Tomas Olivo Lopez,1.6,shopping centers,Spain,47,TRUE,,,,Spain
1931,Rubens Ometto Silveira Mello,1.6,"sugar, ethanol",Brazil,71,FALSE,,,,Brazil
1931,Pan Gang,1.6,dairy,China,50,TRUE,,,,China
1931,Ajay Parekh,1.6,adhesives,India,63,FALSE,,,,India
1931,David Paul,1.6,medical devices,United States,54,TRUE,,,,United States
1931,Nelson Peltz,1.6,investments,United States,78,TRUE,1942-06-24,Brooklyn,New York,United States
1931,Petro Poroshenko,1.6,confectionery,Ukraine,55,TRUE,1965-09-26,Bolhrad,,Ukraine
1931,G. Rajendran,1.6,jewellery,India,78,TRUE,,,,India
1931,P.P. Reddy,1.6,infrastructure,India,63,TRUE,,,,India
1931,Francisco Jose Riberas Mera,1.6,"steel, autoparts",Spain,56,FALSE,,,,Spain
1931,Juan Maria Riberas Mera,1.6,"steel, investments",Spain,52,FALSE,,,,Spain
1931,Subhash Runwal,1.6,real estate,India,77,TRUE,,,,India
1931,Deniz Sahenk,1.6,diversified,Turkey,75,FALSE,,,,Turkey
1931,Bhadresh Shah,1.6,engineering,India,69,TRUE,,,,India
1931,Shen Hua & family,1.6,semiconductors,United States,58,TRUE,,,,United States
1931,Barry Silbert,1.6,cryptocurrency,United States,44,TRUE,,,,United States
1931,Leonid Simanovsky,1.6,investments,Russia,71,TRUE,,,,Russia
1931,Peter Sperling,1.6,education,United States,61,FALSE,1960-00-00,,,United States
1931,Sun Weijie,1.6,oilfield equipment,China,57,TRUE,,,,China
1931,Tang Jianfang,1.6,packaged foods,China,,TRUE,,,,China
1931,Prachak Tangkaravakoon,1.6,paints,Thailand,77,TRUE,,,,Thailand
1931,Clemens Toennies,1.6,meat processing,Germany,64,TRUE,,,,Germany
1931,Tran Ba Duong & family,1.6,automotive,Vietnam,61,TRUE,,,,Vietnam
1931,Tseng Cheng,1.6,petrochemicals,Taiwan,59,FALSE,,,,Taiwan
1931,Tung Ching Bor,1.6,manufacturing,China,58,TRUE,,,,China
1931,Shigefumi Wada,1.6,software,Japan,68,TRUE,,,,Japan
1931,Wang Qinghua,1.6,electric equipment,China,55,TRUE,,,,China
1931,Wang Xuechao,1.6,pharmaceuticals,China,,TRUE,,,,China
1931,Wang Yiran,1.6,LCD main board,China,41,TRUE,,,,China
1931,Myron Wentz,1.6,health products,St. Kitts and Nevis,81,TRUE,,,,St. Kitts and Nevis
1931,Ian Wood & family,1.6,energy services,United Kingdom,78,FALSE,,,,United Kingdom
1931,Wu Chaoqun,1.6,chemicals,China,51,TRUE,,,,China
1931,Wu Yingming,1.6,batteries,China,54,TRUE,,,,China
1931,Xie Bingkun & family,1.6,pearlescent pigments,China,54,TRUE,,,,China
1931,Xiu Laigui,1.6,pharmaceuticals,China,66,TRUE,,,,China
1931,Yang Erzhu,1.6,real estate,China,70,TRUE,,,,China
1931,Yang Lijuan,1.6,restaurants,China,43,TRUE,,,,China
1931,Yao Kuizhang,1.6,beverages,China,56,TRUE,,,,China
1931,Yu Peidi,1.6,real estate,Hong Kong,61,TRUE,,,,Hong Kong
1931,David Zalik,1.6,financial technology,United States,47,TRUE,,,,United States
1931,Zhang Cheng Fei,1.6,paper & related products,China,53,TRUE,,,,China
1931,Zhang Keqiang,1.6,real estate,China,61,TRUE,,,,China
1931,Zhang Shilong & family,1.6,semiconductor,China,55,TRUE,,,,China
1931,Zhang Xiaojuan,1.6,logistics,China,51,TRUE,,,,China
1931,Zhang Yuanlin,1.6,real estate,China,45,TRUE,,,,China
2035,Antti Aarnio-Wihuri,1.5,diversified,Finland,81,FALSE,,,,Finland
2035,Hamdi Akin & family,1.5,diversified,Turkey,66,TRUE,,,,Turkey
2035,"Herbert Allen, Jr. & family",1.5,investment banking,United States,81,FALSE,,,,United States
2035,Harindarpal Banga,1.5,commodities,India,70,TRUE,,,,India
2035,Ulrike Baro,1.5,biopharmaceuticals,Germany,,FALSE,,,,Germany
2035,Alex Beard,1.5,"mining, commodities",United Kingdom,53,TRUE,,,,United Kingdom
2035,Barbara Benetton,1.5,"fashion retail, investments",Italy,51,FALSE,,,,Italy
2035,Paolo Bulgari,1.5,luxury goods,Italy,83,FALSE,,,,Italy
2035,Ron Burkle,1.5,"supermarkets, investments",United States,68,TRUE,,,,United States
2035,Ahmet Calik,1.5,"energy, banking, construction",Turkey,63,TRUE,,,,Turkey
2035,Steve Case,1.5,AOL,United States,62,TRUE,1958-08-21,Honolulu,Hawaii,United States
2035,Safra Catz,1.5,software,United States,59,TRUE,1961-12-01,Holon,,Mandatory Palestine
2035,Chen Baohua,1.5,pharmaceutical,China,59,TRUE,,,,China
2035,Chen Xianbao & family,1.5,food,China,61,TRUE,,,,China
2035,Chen Xiaohui,1.5,information technology,China,50,TRUE,,,,China
2035,Manas Chiaravanond,1.5,diversified,Thailand,,FALSE,,,,Thailand
2035,Phongthep Chiaravanont,1.5,diversified,Thailand,69,FALSE,,,,Thailand
2035,Prathip Chiravanond,1.5,diversified,Thailand,,FALSE,,,,Thailand
2035,Alberto Cortina,1.5,investments,Spain,75,TRUE,1947-01-20,Madrid,,Spain
2035,Bharat Desai,1.5,IT consulting,United States,68,TRUE,1953-00-00,Kenya,,Kenya
2035,Tim Draper,1.5,cryptocurrency,United States,62,FALSE,1958-06-11,East Chicago,,United States
2035,John Farber,1.5,chemicals,United States,95,TRUE,1925-08-23,Timișoara,,Kingdom of Romania
2035,Gary Fegel,1.5,"commodities, investments",Switzerland,47,TRUE,,,,Switzerland
2035,John Foley,1.5,Peloton,United States,50,TRUE,,,,United States
2035,Geng Diangen,1.5,Internet,China,64,TRUE,,,,China
2035,Alan Gerry,1.5,cable television,United States,92,TRUE,1929-12-24,Liberty,New York,United States
2035,Esther Grether,1.5,art collection,Switzerland,85,FALSE,1936-04-04,Basel,,Switzerland
2035,Bill Gross,1.5,investments,United States,77,TRUE,,,,United States
2035,Sue Gross,1.5,investments,United States,71,FALSE,1950-01-01,,,United States
2035,Guo Ziwen,1.5,real estate,China,57,TRUE,,,,China
2035,Torstein Hagen,1.5,cruises,Norway,78,TRUE,1943-01-01,Norway,,Norway
2035,Huang Wen Tsai,1.5,real estate,China,67,TRUE,,,,China
2035,Huang Wenbiao,1.5,soy sauce,China,54,TRUE,,,,China
2035,Huh Jae-myung,1.5,electric components,South Korea,50,FALSE,,,,South Korea
2035,Ke Xiping & family,1.5,investments,China,60,TRUE,,,,China
2035,Kim Jun-ki,1.5,diversified,South Korea,76,TRUE,,,,South Korea
2035,Seth Klarman,1.5,investments,United States,64,TRUE,1957-05-21,New York City,New York,United States
2035,Pyotr Kondrashev,1.5,investments,Russia,71,TRUE,,,,Russia
2035,Raymond Kwok,1.5,real estate,Hong Kong,68,FALSE,,,,Hong Kong
2035,Heikki Kyostila,1.5,dental products,Finland,75,TRUE,,,,Finland
2035,Arvind Lal,1.5,medical diagnostics,India,71,FALSE,,,,India
2035,Anthony Langley,1.5,manufacturing,United Kingdom,66,TRUE,,,,United Kingdom
2035,Christian Latouche,1.5,accounting services,France,80,TRUE,,,,France
2035,Gary Lauder,1.5,Estée Lauder,United States,59,FALSE,,,,United States
2035,James Leininger,1.5,medical products,United States,76,TRUE,,,,United States
2035,Lin Zhijun,1.5,medical devices,China,45,TRUE,,,,China
2035,Lin Zhixiong & family,1.5,medical devices,China,47,TRUE,,,,China
2035,Vladimir Litvinenko,1.5,chemical industry,Russia,65,TRUE,,,,Russia
2035,Liu Xiucai & family,1.5,chemicals,United States,64,TRUE,,,,United States
2035,Lu Zongjun,1.5,logistics,China,57,TRUE,,,,China
2035,Duncan MacMillan,1.5,Bloomberg LP,United States,83,TRUE,,,,United States
2035,Youssef Mansour,1.5,diversified,Egypt,75,TRUE,,,,Egypt
2035,George Marcus,1.5,real estate,United States,79,TRUE,,,,United States
2035,Strive Masiyiwa,1.5,telecom,Zimbabwe,60,TRUE,,,,Zimbabwe
2035,Billy Joe (Red) McCombs,1.5,"real estate, oil, cars, sports",United States,93,TRUE,,,,United States
2035,Lorinc Meszaros,1.5,diversified,Hungary,55,TRUE,,,,Hungary
2035,Jerry Moyes,1.5,transportation,United States,77,TRUE,,,,United States
2035,Marius Nacht,1.5,software,Israel,55,TRUE,,,,Israel
2035,Ezra Nahmad,1.5,art,Monaco,75,FALSE,,,,Monaco
2035,Niti Osathanugrah,1.5,"energy drinks,investments",Thailand,47,FALSE,,,,Thailand
2035,Alberto Palatchi,1.5,wedding dresses,Spain,71,TRUE,1949-06-21,Barcelona,,Spain
2035,Sushilkumar Parekh,1.5,adhesives,India,88,FALSE,,,,India
2035,Lirio Parisotto,1.5,investments,Brazil,67,TRUE,,,,Brazil
2035,Mark Pincus,1.5,online games,United States,55,TRUE,1966-02-13,Chicago,Illinois,United States
2035,Michael Polsky,1.5,Electric power,United States,72,TRUE,,,,United States
2035,P.V.Krishna Reddy,1.5,infrastructure,India,51,TRUE,,,,India
2035,Prathap Reddy,1.5,healthcare,India,89,TRUE,,,,India
2035,Satish Reddy,1.5,pharmaceuticals,India,53,FALSE,,,,India
2035,Ren Jinsheng & family,1.5,pharmaceutical,China,58,TRUE,,,,China
2035,Helena Revoredo,1.5,security services,Spain,74,FALSE,1947-01-01,Rosario,,Argentina
2035,Matthew Roszak,1.5,cryptocurrency,United States,48,TRUE,,,,United States
2035,Vinod Saraf,1.5,chemicals,India,68,TRUE,,,,India
2035,Fayez Sarofim,1.5,money management,United States,92,FALSE,1929-01-01,Cairo,,Egypt
2035,Steven Schuurman,1.5,software,Netherlands,45,TRUE,,,,Netherlands
2035,Basudeo Singh,1.5,pharmaceuticals,India,80,TRUE,,,,India
2035,Ryan Smith,1.5,cloud computing,United States,42,TRUE,,,,United States
2035,Peter Sondakh,1.5,investments,Indonesia,71,TRUE,,,,Indonesia
2035,Sun Qinghuan,1.5,lighting,China,47,TRUE,,,,China
2035,Sun Yonghui,1.5,LCD main board,China,50,TRUE,,,,China
2035,Luc Tack,1.5,"textile, chemicals",Belgium,59,TRUE,,,,Belgium
2035,Fernando Trajano,1.5,retail,Brazil,,FALSE,,,,Brazil
2035,August Troendle,1.5,pharmaceutical services,United States,65,TRUE,,,,United States
2035,Kenny Troutt,1.5,telecom,United States,73,TRUE,1948-01-01,Mount Vernon,,United States
2035,John Van Lieshout,1.5,real estate,Australia,75,TRUE,1946-01-01,Netherlands,,Kingdom of the Netherlands
2035,Radha Vembu,1.5,business software,India,48,FALSE,,,,India
2035,Wang Huiwen,1.5,e-commerce,China,43,TRUE,,,,China
2035,Wang Wenbiao,1.5,"natural gas, fertilizers",China,64,TRUE,,,,China
2035,Wang Yaohai,1.5,lighting,China,54,TRUE,,,,China
2035,Wang Zelong,1.5,chemicals,China,24,FALSE,,,,China
2035,Wang Zhentao & family,1.5,vaccine & shoes,China,55,TRUE,,,,China
2035,Wen Yilong,1.5,e-cigarettes,China,32,TRUE,,,,China
2035,Thomas Wu,1.5,finance,Taiwan,71,FALSE,,,,Taiwan
2035,Wu Zhenxing,1.5,soy sauce,China,51,TRUE,,,,China
2035,Xiang Guangming & family,1.5,waste disposal,China,57,TRUE,,,,China
2035,Xu Gang,1.5,Chemicals,China,58,TRUE,,,,China
2035,Xu Wanmao,1.5,education,China,76,TRUE,,,,China
2035,Jane Yan & family,1.5,software,China,51,TRUE,,,,China
2035,Ye Cheng,1.5,conglomerate,China,59,TRUE,,,,China
2035,Yi Dasheng,1.5,conglomerate,China,60,TRUE,,,,China
2035,Yu Rong,1.5,health clinics,China,49,TRUE,,,,China
2035,Yuan Zhimin & family,1.5,plastics,China,60,TRUE,,,,China
2035,Zeng Chaolin,1.5,Aluminium,China,38,FALSE,,,,China
2035,Zhong Sheng Jian,1.5,real estate,Singapore,63,TRUE,,,,Singapore
2035,Zhou Jian,1.5,robotics,China,44,TRUE,,,,China
2035,Zhu Yiming,1.5,semiconductors,China,48,TRUE,,,,China
2035,Zhuang Kuilong & family,1.5,polyester,China,58,TRUE,,,,China
2141,Anu Aga,1.4,engineering,India,78,FALSE,,,,India
2141,Farkhad Akhmedov,1.4,investments,Russia,65,TRUE,1955-09-15,Baku,,Azerbaijan
2141,Alberto Alcocer,1.4,investments,Spain,78,TRUE,1942-12-17,Madrid,,Spain
2141,Alexandra Andresen,1.4,investments,Norway,24,FALSE,1996-07-23,Oslo,,Norway
2141,Katharina Andresen,1.4,investments,Norway,25,FALSE,1995-05-21,Oslo,,Norway
2141,Mori Arkin,1.4,pharmaceuticals,Israel,68,TRUE,1952-10-23,,,Israel
2141,Clifford Asness,1.4,money management,United States,54,TRUE,,,,United States
2141,Nigel Austin,1.4,retail,Australia,50,TRUE,,,,Australia
2141,Ziv Aviram,1.4,automotive technology,Israel,62,TRUE,,,,Israel
2141,Louis Bacon,1.4,hedge funds,United States,64,TRUE,1956-07-25,Raleigh,,United States
2141,Samuel Barata,1.4,drugstores,Brazil,83,TRUE,,,,Brazil
2141,Angela Bennett,1.4,mining,Australia,77,FALSE,,,,Australia
2141,Maurizio Billi,1.4,generic drugs,Brazil,63,FALSE,,,,Brazil
2141,Zadik Bino & family,1.4,"banking, oil",Israel,77,TRUE,,,,Israel
2141,Anna Maria Braun,1.4,medical technology,Germany,42,FALSE,,,,Germany
2141,Johanna Braun,1.4,medical technology,Germany,41,FALSE,,,,Germany
2141,Karl Friedrich Braun,1.4,medical technology,Germany,38,FALSE,,,,Germany
2141,Cai Hao & family,1.4,solar energy,China,50,TRUE,,,,China
2141,Binod Chaudhary,1.4,diversified,Nepal,66,FALSE,,,,Nepal
2141,Chen Liying,1.4,package delivery,China,45,TRUE,,,,China
2141,Chen Qixing,1.4,electronics components,China,61,TRUE,,,,China
2141,Chen Zhuolin,1.4,real estate,China,59,TRUE,,,,China
2141,Fernando Chico Pardo,1.4,airport management,Mexico,69,TRUE,,,,Mexico
2141,Jean-Paul Clozel,1.4,pharmaceuticals,Switzerland,66,TRUE,,,,Switzerland
2141,Jim Crane,1.4,"logistics, baseball",United States,67,TRUE,1954-01-17,,,United States
2141,Ana Lucia de Mattos Barretto Villela,1.4,banking,Brazil,47,FALSE,,,,Brazil
2141,Darwin Deason,1.4,software,United States,80,TRUE,1940-00-00,Rogers,,United States
2141,Sefik Yilmaz Dizdar,1.4,fashion retail,Turkey,83,TRUE,,,,Turkey
2141,James Duff,1.4,"tires, diversified",United States,60,TRUE,1955-09-03,New Orleans,Louisiana,United States
2141,Thomas Duff,1.4,"tires, diversified",United States,64,TRUE,1955-01-01,,,United States
2141,Keith Dunleavy & family,1.4,health IT,United States,51,TRUE,,,,United States
2141,Fang Zhancheng,1.4,soy sauce,China,,TRUE,,,,China
2141,Lloyd Frink,1.4,Zillow,United States,56,TRUE,,,,United States
2141,Gao Yunfeng,1.4,industrial lasers,China,54,TRUE,,,,China
2141,Jayme Garfinkel,1.4,insurance,Brazil,75,FALSE,,,,Brazil
2141,Balkrishan Goenka,1.4,textiles,India,54,TRUE,,,,India
2141,Jitse Groen,1.4,food delivery service,Netherlands,42,TRUE,1978-06-02,Delft,,Netherlands
2141,Mimi Haas,1.4,Levi's jeans,United States,74,FALSE,1946-01-01,New Jersey,,United States
2141,Richard Hayne,1.4,Urban Outfitters,United States,73,TRUE,1947-05-26,,,United States
2141,He Ningning,1.4,electronic components,China,50,TRUE,,,,China
2141,He Yamin & family,1.4,manufacturing,China,64,TRUE,,,,China
2141,Timothy Headington,1.4,"oil & gas, investments",United States,71,FALSE,1950-01-01,,,United States
2141,Christian Herz,1.4,coffee,Germany,,FALSE,,,,Germany
2141,Michaela Herz,1.4,coffee,Germany,,FALSE,,,,Germany
2141,Daniel Hirschfeld,1.4,fashion retail,United States,79,FALSE,,,,United States
2141,Francis Holder,1.4,bakeries,France,80,TRUE,,,,France
2141,Hu Chengzhong,1.4,manufacturing,China,60,TRUE,,,,China
2141,Hu Gengxi & family,1.4,Bio-Pharma,China,57,TRUE,,,,China
2141,Huang Hongyun & family,1.4,real estate,China,54,TRUE,,,,China
2141,Huang Jian,1.4,home appliance,China,54,TRUE,,,,China
2141,Huang Weibin,1.4,home appliances,China,53,TRUE,,,,China
2141,Huang Xiaofen & family,1.4,printed circuit boards,China,59,TRUE,,,,China
2141,Archie Hwang,1.4,semiconductors,Taiwan,68,TRUE,,,,Taiwan
2141,Jay-Z,1.4,Multiple,United States,51,TRUE,1969-12-04,Brooklyn,New York,United States
2141,Johan Johannson,1.4,grocery stores,Norway,54,FALSE,,,,Norway
2141,Scott Kapnick,1.4,private equity,United States,62,TRUE,,,,United States
2141,Sidney Kimmel,1.4,retail,United States,93,TRUE,1928-01-16,Philadelphia,,United States
2141,Christine Knauf,1.4,building materials,Germany,,FALSE,,,,Germany
2141,Karl Knauf,1.4,building materials,Germany,,FALSE,,,,Germany
2141,Andrei Kosogov,1.4,Banking,Russia,60,TRUE,,,,Russia
2141,Guilherme Peirao Leal,1.4,cosmetics,Brazil,71,TRUE,,,,Brazil
2141,Theodore Leonsis,1.4,sports teams,United States,65,TRUE,,,,United States
2141,Li Denghai,1.4,seed production,China,71,TRUE,,,,China
2141,Liang Qin & family,1.4,semiconductor devices,China,49,TRUE,,,,China
2141,Liang Yaoming,1.4,diagnostics,China,57,TRUE,,,,China
2141,Liu Hua,1.4,infant formula,China,48,TRUE,,,,China
2141,Liu Xuejing & family,1.4,"copper, poultry",China,70,TRUE,,,,China
2141,Anatoly Lomakin,1.4,investments,Russia,68,TRUE,,,,Russia
2141,Lu Rongfu,1.4,telecommunication,China,50,TRUE,,,,China
2141,Antonio Marcegaglia,1.4,steel,Italy,57,FALSE,1963-12-12,Mantua,,Italy
2141,Emma Marcegaglia,1.4,steel,Italy,55,FALSE,1965-12-24,Mantua,,Italy
2141,Ilson Mateus,1.4,supermarkets,Brazil,58,TRUE,,,,Brazil
2141,Terence (Terry) Matthews,1.4,telecom,Canada,78,TRUE,,,,Canada
2141,Trevor Milton,1.4,★,United States,39,TRUE,1982-04-06,Layton,,United States
2141,Nirmal Minda,1.4,auto parts,India,63,FALSE,,,,India
2141,Robert Mouawad,1.4,fine jewelry,Lebanon,76,FALSE,,,,Lebanon
2141,Judith Neilson,1.4,investments,Australia,75,FALSE,,,,Australia
2141,Kerr Neilson,1.4,Investments,Australia,71,TRUE,1949-01-01,Johannesburg,,South Africa
2141,Vadim Novinsky,1.4,steel,Ukraine,57,TRUE,,,,Ukraine
2141,John Ocampo,1.4,semiconductors,United States,62,TRUE,,,,United States
2141,Jonathan Oringer,1.4,stock photos,United States,47,TRUE,,,,United States
2141,Andreas Pohl,1.4,mutual funds,Germany,56,FALSE,,,,Germany
2141,"Reinfried Pohl, Jr.",1.4,mutual funds,Germany,61,FALSE,,,,Germany
2141,Qi Jinxing,1.4,real estate,China,59,TRUE,,,,China
2141,Qian Jinghong,1.4,electric scooters,China,48,TRUE,,,,China
2141,Vito Rodriguez Rodriguez,1.4,processed milk,Peru,82,TRUE,1939-06-15,Arequipa,,Peru
2141,Oliver Samwer,1.4,tech investments,Germany,47,TRUE,,,,Germany
2141,Martin Selig,1.4,real estate,United States,83,TRUE,1936-12-00,Germany,,Germany
2141,Airat Shaimiev,1.4,"refinery, chemicals",Russia,59,TRUE,,,,Russia
2141,Amnon Shashua,1.4,automotive technology,Israel,60,TRUE,,,,Israel
2141,Nobutoshi Shimamura,1.4,retail,Japan,95,TRUE,,,,Japan
2141,Michael Spencer,1.4,stock exchange,United Kingdom,65,TRUE,,,,United Kingdom
2141,Edward Stack,1.4,Dick's Sporting Goods,United States,66,TRUE,,,,United States
2141,Thomas Steyer,1.4,hedge funds,United States,63,TRUE,,,,United States
2141,Tan Ruiqing,1.4,chemicals,China,54,TRUE,,,,China
2141,Itaru Tanimura,1.4,heathcare,Japan,56,TRUE,,,,Japan
2141,Sukanto Tanoto,1.4,diversified,Indonesia,71,TRUE,,,,Indonesia
2141,Alexander Tedja,1.4,real estate,Indonesia,75,TRUE,,,,Indonesia
2141,Jim Thompson,1.4,logistics,United States,81,TRUE,1906-03-21,Greenville,Delaware,United States
2141,Jonathan Tisch,1.4,"insurance, NFL team",United States,67,FALSE,1953-12-07,Atlantic City,,United States
2141,Wilma Tisch,1.4,diversified,United States,93,FALSE,1927-00-00,,,United States
2141,Gisele Trajano,1.4,retail,Brazil,,FALSE,,,,Brazil
2141,Jayshree Ullal,1.4,computer networking,United States,60,TRUE,1961-03-27,London,,United Kingdom
2141,Vardis Vardinoyannis & family,1.4,oil and gas,Greece,88,TRUE,,,,Greece
2141,Sunny Varkey,1.4,education,India,64,FALSE,,,,India
2141,Wang Jianfeng & family,1.4,auto parts,China,,TRUE,,,,China
2141,Wang Junjin,1.4,airline,China,52,TRUE,,,,China
2141,Wang Mingwang,1.4,electronics components,China,54,TRUE,,,,China
2141,Wang Xiaoshen,1.4,lithium,China,52,TRUE,,,,China
2141,Werner O. Weber,1.4,electronic components,Switzerland,82,TRUE,,,,Switzerland
2141,Drorit Wertheim,1.4,Coca Cola Israel,Israel,65,FALSE,,,,Israel
2141,"Alfred West, Jr.",1.4,money management,United States,78,TRUE,,,,United States
2141,Wu Po Sum,1.4,real estate,China,70,TRUE,,,,China
2141,Xie Ketao,1.4,education,China,57,TRUE,,,,China
2141,Swift Xie,1.4,drones,China,41,TRUE,,,,China
2141,Yu Guo,1.4,education,China,59,TRUE,,,,China
2141,"Richard Yuengling, Jr.",1.4,beer,United States,78,FALSE,,,,United States
2141,Clayton Zekelman,1.4,steel,Canada,52,FALSE,,,,Canada
2141,Zheng Hong & family,1.4,electronics,China,70,TRUE,,,,China
2141,Shusheng Zheng,1.4,telecom,China,55,TRUE,,,,China
2141,Zhuo Jun,1.4,printed circuit boards,Hong Kong,55,FALSE,,,,Hong Kong
2141,Inigo Zobel,1.4,Diversified,Philippines,64,FALSE,,,,Philippines
2263,Sanjay Agarwal,1.3,banking,India,50,TRUE,,,,India
2263,Hamad bin Jassim bin Jaber Al Thani,1.3,investments,Qatar,61,FALSE,,,,Qatar
2263,Nerio Alessandri,1.3,gym equipment,Italy,60,TRUE,,,,Italy
2263,Mika Anttonen,1.3,oil & gas,Finland,54,TRUE,,,,Finland
2263,Ryuji Arai,1.3,appliances,Japan,74,TRUE,,,,Japan
2263,Mehmet Aydinlar,1.3,hospitals,Turkey,64,TRUE,,,,Turkey
2263,Achal Bakeri,1.3,air coolers,India,61,TRUE,,,,India
2263,Elena Baturina,1.3,"investments, real estate",Russia,58,TRUE,1963-03-08,Moscow,,Russia
2263,Othman Benjelloun & family,1.3,"banking, insurance",Morocco,88,FALSE,1932-11-01,Fez,,Morocco
2263,Oleg Boyko,1.3,diversified,Russia,56,TRUE,1964-09-28,Moscow,,Russia
2263,Ludwig Theodor Braun,1.3,medical technology,Germany,31,FALSE,,,,Germany
2263,Ana Maria Brescia Cafferata,1.3,"mining, banking",Peru,97,FALSE,1920-01-01,,,Peru
2263,Chris Britt,1.3,fintech,United States,48,TRUE,,,,United States
2263,Rafal Brzoska,1.3,parcel lockers,Poland,43,TRUE,,,,Poland
2263,Chuck Bundrant,1.3,fishing,United States,79,TRUE,1942-01-31,Lawrenceburg,Tennessee,United States
2263,Pradip Burman,1.3,consumer goods,India,78,FALSE,,,,India
2263,Cao Xiaochun,1.3,pharmaceuticals,China,52,TRUE,,,,China
2263,Chang Pyung-soon,1.3,educational services,South Korea,70,TRUE,,,,South Korea
2263,Jeffrey Cheah,1.3,property,Malaysia,76,TRUE,,,,Malaysia
2263,Vivien Chen,1.3,real estate,Hong Kong,62,FALSE,,,,Hong Kong
2263,Cheng Lili,1.3,poultry breeding,China,56,TRUE,,,,China
2263,Cho Jung-ho,1.3,finance,South Korea,62,FALSE,,,,South Korea
2263,Cho Jyh-jer,1.3,semiconductors,Taiwan,,TRUE,,,,Taiwan
2263,Chu Jian,1.3,Manufacturing,China,58,TRUE,,,,China
2263,Eduard Chukhlebov,1.3,metallurgy,Russia,57,TRUE,,,,Russia
2263,Turgay Ciner,1.3,diversified,Turkey,65,TRUE,,,,Turkey
2263,Tim Cook,1.3,Apple,United States,60,TRUE,1960-11-01,Mobile,Alabama,United States
2263,Richard Desmond,1.3,publishing,United Kingdom,69,TRUE,,,,United Kingdom
2263,Du Shuanghua,1.3,steel,China,56,TRUE,,,,China
2263,Egon Durban,1.3,private equity,United States,47,TRUE,,,,United States
2263,Eduardo Eurnekian,1.3,"airports, investments",Argentina,88,TRUE,,,,Argentina
2263,Fan Minhua,1.3,pharmaceuticals,China,59,TRUE,,,,China
2263,Feng Chenhui,1.3,Electronics,United States,55,TRUE,,,,United States
2263,Feng Yi,1.3,software,China,47,TRUE,,,,China
2263,John Goff,1.3,real estate,United States,66,TRUE,,,,United States
2263,Kenneth Hao,1.3,private equity,United States,52,TRUE,,,,United States
2263,Ayman Hariri,1.3,"construction, investments",Lebanon,42,FALSE,1978-05-16,Saudi Arabia,,Saudi Arabia
2263,Michael Heine,1.3,financial services,Australia,71,TRUE,,,,Australia
2263,Eduardo Hochschild,1.3,mining,Peru,57,FALSE,,,,Peru
2263,Huang Dawen,1.3,silicon,Hong Kong,60,TRUE,,,,Hong Kong
2263,Huang Shan,1.3,software,China,,,,,,China
2263,Jiang Ganjun,1.3,home & office products,China,57,TRUE,,,,China
2263,Conni Jonsson,1.3,asset management,Sweden,60,TRUE,,,,Sweden
2263,Zbigniew Juroszek & family,1.3,"real estate, gambling",Poland,58,TRUE,,,,Poland
2263,André Kasprzak,1.3,shoes,Denmark,34,FALSE,,,,Denmark
2263,Anna Kasprzak,1.3,shoes,Denmark,31,FALSE,,,,Denmark
2263,Peter Kelly,1.3,I.T.,United Kingdom,63,TRUE,,,,United Kingdom
2263,Kim Nam-jung,1.3,food,South Korea,48,FALSE,,,,South Korea
2263,Hemendra Kothari,1.3,Financial Services,India,74,FALSE,,,,India
2263,Michael Krasny,1.3,retail,United States,67,TRUE,,,,United States
2263,Igor Kudryashkin,1.3,metallurgy,Russia,59,TRUE,,,,Russia
2263,Bernard Lewis & family,1.3,fashion retailer,United Kingdom,95,TRUE,,,,United Kingdom
2263,Li Tan,1.3,pharmaceuticals,China,56,TRUE,,,,China
2263,Liang Guangwei,1.3,conglomerate,China,57,TRUE,,,,China
2263,Liang Jiankun & family,1.3,cobalt mining,China,59,TRUE,,,,China
2263,Liu Jilu & family,1.3,Logistics,China,74,TRUE,,,,China
2263,Mangal Prabhat Lodha,1.3,real estate,India,65,TRUE,,,,India
2263,Brandt Louie,1.3,drugstores,Canada,77,FALSE,,,,Canada
2263,Lu Hongyan,1.3,online games,China,43,TRUE,,,,China
2263,Zhaoxi Lu,1.3,e-commerce,China,52,TRUE,,,,China
2263,Ma Renhe,1.3,"textiles, apparel",China,61,TRUE,,,,China
2263,Deepak Mehta,1.3,chemicals,India,64,FALSE,,,,India
2263,Ulrike Meister,1.3,appliances,Germany,54,FALSE,,,,Germany
2263,Lidiya Mikhailova & family,1.3,agribusiness,Russia,63,TRUE,,,,Russia
2263,Alan Miller & family,1.3,healthcare services,United States,,,,,,United States
2263,Martin Moller Nielsen,1.3,aircraft leasing,Denmark,56,TRUE,,,,Denmark
2263,Greg Mondre,1.3,private equity,United States,46,TRUE,,,,United States
2263,Yoshiko Mori,1.3,real estate,Japan,80,FALSE,,,,Japan
2263,Bob Muglia,1.3,software,United States,61,TRUE,1959-01-01,Connecticut,,United States
2263,George Alexander Muthoot,1.3,financial services,India,65,FALSE,,,,India
2263,George Jacob Muthoot,1.3,financial services,India,68,FALSE,,,,India
2263,George Thomas Muthoot,1.3,financial services,India,70,FALSE,,,,India
2263,Ranjan Pai,1.3,education,India,48,FALSE,,,,India
2263,Antonio Percassi,1.3,"real estate, diversified",Italy,67,TRUE,,,,Italy
2263,Stefan Pierer,1.3,automotive,Austria,64,TRUE,,,,Austria
2263,Qiu Minxiu,1.3,semiconductors,China,75,TRUE,,,,China
2263,Lily Safra,1.3,banking,Monaco,83,FALSE,,,,Monaco
2263,Nobutada Saji,1.3,beverages,Japan,75,FALSE,,,,Japan
2263,Thomas Sandell,1.3,hedge funds,Sweden,60,TRUE,1961-02-01,Sweden,,Sweden
2263,Penny Sanford,1.3,real estate brokerage,United States,55,FALSE,,,,United States
2263,Ilya Scherbovich,1.3,investments,Russia,46,TRUE,,,,Russia
2263,Gerald Schwartz,1.3,finance,Canada,79,TRUE,,,,Canada
2263,Anatoly Sedykh,1.3,steel pipes,Russia,56,TRUE,,,,Russia
2263,Radik Shaimiev,1.3,"refinery, chemicals",Russia,56,TRUE,,,,Russia
2263,Shao Xiaofeng,1.3,e-commerce,China,55,TRUE,,,,China
2263,Shi Xu,1.3,technology,Singapore,57,TRUE,,,,Singapore
2263,Shin Chang-jae,1.3,insurance,South Korea,67,FALSE,,,,South Korea
2263,Ron Sim,1.3,retail,Singapore,62,TRUE,,,,Singapore
2263,Jasminder Singh & family,1.3,hotels,United Kingdom,70,TRUE,1951-04-01,Dar es Salaam,,Tanzania
2263,Jared Smith,1.3,cloud computing,United States,46,TRUE,1990-03-20,Pittsburgh,,United States
2263,Terry Snow,1.3,"airports, real estate",Australia,77,TRUE,,,,Australia
2263,Petter Stordalen & family,1.3,hotels,Norway,58,TRUE,,,,Norway
2263,Dirk Stroeer,1.3,advertising,Germany,52,FALSE,,,,Germany
2263,Satoshi Suzuki,1.3,cosmetics,Japan,67,FALSE,,,,Japan
2263,Tang Zhuang,1.3,electronics,United States,48,TRUE,,,,United States
2263,Joop van den Ende,1.3,TV shows,Netherlands,79,TRUE,,,,Netherlands
2263,Masaru Wasami,1.3,logistics,Japan,75,TRUE,,,,Japan
2263,Wei Shaojun,1.3,real estate,China,58,TRUE,,,,China
2263,Farris Wilks,1.3,natural gas,United States,69,TRUE,,,,United States
2263,Whitney Wolfe Herd,1.3,dating app,United States,31,TRUE,1989-07-01,Salt Lake City,,United States
2263,Wu Yonghua,1.3,apparel,China,50,TRUE,,,,China
2263,Xia Shudong,1.3,IT service,China,48,TRUE,,,,China
2263,Xiong Jun & family,1.3,pharmaceuticals,China,47,TRUE,,,,China
2263,Xu Guangfu & family,1.3,Daqo Group,China,78,TRUE,,,,China
2263,Yang Keng,1.3,real estate,China,60,TRUE,,,,China
2263,Luis Enrique Yarur Rey,1.3,banking,Chile,70,FALSE,,,,Chile
2263,Ye Qiongjiu,1.3,software,China,66,TRUE,,,,China
2263,Yeh Kuo-I,1.3,manufacturing,Taiwan,80,TRUE,,,,Taiwan
2263,Yu Bangping & family,1.3,coal mining,China,53,TRUE,,,,China
2263,Yu Jinkun & family,1.3,transportation equipment,China,78,TRUE,,,,China
2263,Patrick Zalupski,1.3,homebuilding,United States,40,TRUE,,,,United States
2263,Zhang Gongyun,1.3,tyre manufacturing machinery,China,58,TRUE,,,,China
2263,Zhou Chengjian,1.3,fashion retail,China,56,TRUE,,,,China
2263,Zhou Xiayun & family,1.3,Education,China,66,TRUE,,,,China
2263,Zhu Tao,1.3,pharmaceutical,China,48,TRUE,,,,China
2378,Aras Agalarov,1.2,real estate,Russia,65,TRUE,1955-11-08,Baku,,Azerbaijan
2378,Syed Mokhtar AlBukhary,1.2,"engineering, energy, construction",Malaysia,69,TRUE,,,,Malaysia
2378,Anant Asavabhokin,1.2,real estate,Thailand,70,TRUE,,,,Thailand
2378,Thomas Bailey,1.2,money management,United States,84,TRUE,,,,United States
2378,Shay Banon,1.2,search engine,Israel,43,TRUE,,,,Israel
2378,Sachin Bansal,1.2,flipkart,India,39,TRUE,1981-08-05,Chandigarh,,India
2378,Christian Bertermann,1.2,used car sales,Germany,37,TRUE,,,,Germany
2378,Cao Kejian,1.2,air compressors,China,59,TRUE,,,,China
2378,Edouard Carmignac,1.2,asset management,France,73,TRUE,,,,France
2378,Chen Gang,1.2,solar energy,China,53,TRUE,,,,China
2378,Chen Tianqiao,1.2,online games,China,47,TRUE,,,,China
2378,Henry Cheng,1.2,diversified,Hong Kong,74,FALSE,,,,Hong Kong
2378,Cheng Wei,1.2,ride-hailing service,China,38,TRUE,,,,China
2378,Chey Ki-won,1.2,"computer services, telecom",South Korea,56,FALSE,,,,South Korea
2378,Chua Thian Poh,1.2,real estate,Singapore,72,TRUE,1948-01-01,,,Singapore
2378,Ronald Clarke,1.2,payments technology,United States,65,TRUE,,,,United States
2378,Sandor Csanyi,1.2,"finance, real estate",Hungary,68,TRUE,,,,Hungary
2378,Diego Della Valle,1.2,shoes,Italy,67,FALSE,,,,Italy
2378,Deng Hui & family,1.2,software,United States,59,TRUE,,,,United States
2378,Carl DeSantis,1.2,energy drink,United States,81,TRUE,,,,United States
2378,Mathias Doepfner,1.2,Media,Germany,58,FALSE,,,,Germany
2378,Aydin Dogan,1.2,media,Turkey,85,TRUE,,,,Turkey
2378,Marek Dospiva,1.2,investments,Czechia,51,TRUE,1969-07-18,Kutná Hora,,Czech Republic
2378,Wesley Edens,1.2,investments,United States,59,TRUE,,,,United States
2378,Wolfgang Egger,1.2,real estate,Germany,55,TRUE,,,,Germany
2378,Gabriel Escarrer,1.2,hotels,Spain,86,TRUE,,,,Spain
2378,Fan Zhaoxia & family,1.2,photovoltaic equipment,China,53,TRUE,,,,China
2378,Clement Fayat & family,1.2,construction,France,89,TRUE,1932-01-24,Servières-le-Château,,France
2378,Gleb Fetisov,1.2,investments,Russia,54,TRUE,,,,Russia
2378,Benedicte Find,1.2,medical devices,Denmark,,FALSE,,,,Denmark
2378,J. Christopher Flowers,1.2,investments,United States,63,TRUE,1957-10-27,California,,United States
2378,Dan Gertler,1.2,mining,Israel,47,FALSE,,,,Israel
2378,Premchand Godha,1.2,pharmaceuticals,India,74,TRUE,,,,India
2378,Lance Gokongwei,1.2,diversified,Philippines,53,FALSE,,,,Philippines
2378,Lawrence Golub,1.2,private equity,United States,61,TRUE,,,,United States
2378,Ryan Graves,1.2,uber,United States,37,TRUE,,,,United States
2378,Mehmet Nazif Gunal,1.2,"tourism, construction",Turkey,73,TRUE,,,,Turkey
2378,Stelios Haji-Ioannou,1.2,EasyJet,Cyprus,54,FALSE,1967-02-14,Athens,,Greece
2378,Alfredo Harp Helu & family,1.2,banking,Mexico,77,TRUE,,,,Mexico
2378,Jaroslav Hascak,1.2,investments,Slovakia,51,TRUE,,,,Slovakia
2378,Hong Seok-joh,1.2,convenience stores,South Korea,68,FALSE,,,,South Korea
2378,Hu Xiaojun & family,1.2,Airline,China,59,TRUE,,,,China
2378,Huang Shanbing & family,1.2,semiconductors,China,64,TRUE,,,,China
2378,Huang Yimeng,1.2,mobile games,China,39,TRUE,,,,China
2378,Jonas Kamprad,1.2,IKEA,Sweden,55,FALSE,,,,Sweden
2378,Mathias Kamprad,1.2,IKEA,Sweden,51,FALSE,,,,Sweden
2378,Peter Kamprad,1.2,IKEA,Sweden,57,FALSE,,,,Sweden
2378,Eugene Kaspersky,1.2,software,Russia,55,TRUE,1965-10-04,Novorossiysk,,Russia
2378,Kim Dae-il,1.2,mobile gaming,South Korea,41,TRUE,,,,South Korea
2378,Kim Jung-woong,1.2,cosmetics,South Korea,46,TRUE,,,,South Korea
2378,Kazutoshi Kobayashi,1.2,cosmetics,Japan,58,FALSE,,,,Japan
2378,Masanori Kobayashi,1.2,cosmetics,Japan,48,FALSE,,,,Japan
2378,Takao Kobayashi,1.2,cosmetics,Japan,56,FALSE,,,,Japan
2378,Hakan Koc,1.2,online car sales,Germany,36,TRUE,,,,Germany
2378,Andrei Komarov,1.2,manufacturing,Russia,54,TRUE,,,,Russia
2378,Koo Bon-joon,1.2,"electronics, household products",South Korea,69,FALSE,,,,South Korea
2378,Koo Bon-neung,1.2,electronics,South Korea,72,FALSE,,,,South Korea
2378,Koo Bon-sik,1.2,LG,South Korea,62,FALSE,,,,South Korea
2378,Kwek Leng Peck,1.2,diversified,Singapore,65,FALSE,,,,Singapore
2378,Joe Lacob,1.2,Golden State Warriors,United States,65,TRUE,1956-01-10,New Bedford,,United States
2378,Guy Laliberté,1.2,Cirque du Soleil,Canada,61,TRUE,1959-09-02,Quebec City,,Canada
2378,Lee Jay-hyun,1.2,"food products, entertainment",South Korea,61,FALSE,,,,South Korea
2378,Li Fengluan,1.2,"steel, diversified",China,59,TRUE,,,,China
2378,Lin Jie & family,1.2,pharmaceuticals,China,52,TRUE,,,,China
2378,Liu Baolin,1.2,pharmacies,China,67,TRUE,,,,China
2378,Liu Gexin & family,1.2,pharmaceuticals,China,69,TRUE,,,,China
2378,Lou Guoqiang,1.2,copper,China,64,TRUE,,,,China
2378,Lu Shenglin,1.2,machinery,China,40,TRUE,,,,China
2378,Lu Zhilin,1.2,machinery,China,38,TRUE,,,,China
2378,Frederic Luddy,1.2,software,United States,66,TRUE,,,,United States
2378,Lun Ruixiang & family,1.2,real estate,China,53,TRUE,,,,China
2378,Alexander Lutsenko & family,1.2,agribusiness,Russia,59,TRUE,,,,Russia
2378,Bill Malhotra,1.2,real estate,Canada,71,TRUE,,,,Canada
2378,Jorge Mas,1.2,Construction,United States,58,FALSE,1963-01-01,Madrid,,Spain
2378,Muneaki Masuda,1.2,retail,Japan,70,TRUE,,,,Japan
2378,Andrei Molchanov,1.2,construction materials,Russia,49,TRUE,,,,Russia
2378,Ulrich Mommert & family,1.2,lighting,Austria,80,TRUE,,,,Austria
2378,Taichiro Motoe,1.2,Internet services,Japan,45,TRUE,,,,Japan
2378,Mou Jinxiang,1.2,chemicals,China,67,TRUE,,,,China
2378,Udo Mueller,1.2,advertising,Germany,59,TRUE,,,,Germany
2378,Nguyen Dang Quang,1.2,"consumer products, banking",Vietnam,57,TRUE,1950-01-01,Quảng Trị,,Vietnam
2378,Simon Nixon,1.2,price comparison website,United Kingdom,53,TRUE,1967-08-01,Stamford,,United Kingdom
2378,Liora Ofer,1.2,investments,Israel,67,FALSE,,,,Israel
2378,Roberto Ongpin,1.2,diversified,Philippines,84,TRUE,,,,Philippines
2378,Eren Ozmen,1.2,aerospace,United States,62,TRUE,,,,United States
2378,Fatih Ozmen,1.2,aerospace,United States,63,TRUE,,,,United States
2378,Chamath Palihapitiya,1.2,★,United States,44,TRUE,1976-09-03,Colombo,,Sri Lanka
2378,Murdaya Poo,1.2,diversified,Indonesia,80,FALSE,,,,Indonesia
2378,G.V. Prasad,1.2,pharmaceuticals,India,60,FALSE,,,,India
2378,Michael Price,1.2,investments,United States,68,FALSE,,,,United States
2378,Qin Qingping & family,1.2,coal & coke,China,58,TRUE,,,,China
2378,Qiu Dongxu,1.2,pharmaceutical,Canada,61,TRUE,,,,Canada
2378,Rao Wei & family,1.2,pharmaceuticals,China,56,TRUE,,,,China
2378,Andrei Rappoport,1.2,investments,Russia,57,TRUE,,,,Russia
2378,Dani Reiss,1.2,down jackets,Canada,47,FALSE,,,,Canada
2378,Ren Zhengfei,1.2,telecom equipment,China,77,TRUE,1944-10-25,Zhenning Buyei and Miao Autonomous County,,People's Republic of China
2378,Duke Reyes,1.2,beer distribution,United States,64,FALSE,,,,United States
2378,Boris Rotenberg,1.2,"construction, pipes, chemicals",Russia,64,TRUE,,,,Russia
2378,Chris Sacca,1.2,venture capital investing,United States,45,TRUE,1975-05-12,Lockport,New York,United States
2378,Alexander Samwer,1.2,tech investments,Germany,46,TRUE,,,,Germany
2378,Marc Samwer,1.2,tech investments,Germany,50,TRUE,1970-12-03,Cologne,,Germany
2378,Hajime Satomi,1.2,"video games, pachinko",Japan,79,TRUE,,,,Japan
2378,James Scapa,1.2,software,United States,64,TRUE,,,,United States
2378,Albert Shigaboutdinov,1.2,"refinery, chemicals",Russia,68,TRUE,,,,Russia
2378,Kavita Singhania,1.2,cement,India,59,FALSE,,,,India
2378,Ronald Slabke,1.2,fintech,Germany,,TRUE,,,,Germany
2378,Mike Speiser,1.2,software,United States,50,TRUE,,,,United States
2378,Michael Steinhardt,1.2,hedge funds,United States,80,TRUE,1940-12-07,Brooklyn,New York,United States
2378,Nik Storonsky,1.2,fintech,United Kingdom,36,TRUE,,,,United Kingdom
2378,Sergei Sudarikov,1.2,"finance, development",Russia,49,TRUE,,,,Russia
2378,Winarko Sulistyo,1.2,paper and pulp,Indonesia,75,TRUE,,,,Indonesia
2378,Rustem Sulteev,1.2,"refinery, chemicals",Russia,67,TRUE,,,,Russia
2378,Sam Tarascio,1.2,real estate,Australia,76,TRUE,1945-01-01,Vizzini,,Italy
2378,Nutchamai Thanombooncharoen,1.2,energy drinks,Thailand,59,TRUE,,,,Thailand
2378,Laurie Tisch,1.2,"insurance, NFL team",United States,70,FALSE,1951-00-00,,,United States
2378,Steven Tisch,1.2,insurance,United States,72,FALSE,,,,United States
2378,Robert Toll,1.2,home building,United States,80,TRUE,,,,United States
2378,Thomas Tull,1.2,"movies, investments",United States,50,TRUE,1970-06-09,Endwell,New York,United States
2378,Thongma Vijitpongpun,1.2,real estate,Thailand,63,TRUE,,,,Thailand
2378,Thomas von Koch,1.2,asset management,Sweden,55,TRUE,,,,Sweden
2378,Wan Feng & family,1.2,medical equipment,China,52,TRUE,,,,China
2378,Wang Fuji,1.2,pharmaceuticals,China,,TRUE,,,,China
2378,Wang Jianyi,1.2,fiber optic cables,China,58,TRUE,,,,China
2378,Wang Qunbin,1.2,conglomerate,China,,TRUE,1969-01-01,,,China
2378,Wang Ren-sheng,1.2,retail,Taiwan,89,TRUE,,,,Taiwan
2378,Wang Shumin,1.2,manufacturing,China,64,TRUE,,,,China
2378,Allan Wong,1.2,electronics,Hong Kong,71,TRUE,,,,Hong Kong
2378,Wu Li-gann,1.2,electronic components,Taiwan,80,TRUE,,,,Taiwan
2378,Xiang Guangda,1.2,metals,China,63,TRUE,,,,China
2378,Xiong Haitao,1.2,plastics/investment,China,57,TRUE,,,,China
2378,Xu Guifen & family,1.2,food,China,70,TRUE,,,,China
2378,Yao Liangbo,1.2,furniture retailing,China,52,TRUE,,,,China
2378,Yi Xianzhong & family,1.2,pharmaceuticals,China,62,TRUE,,,,China
2378,Yu Xuefeng,1.2,pharmaceuticals,Canada,58,TRUE,,,,Canada
2378,Yuan Jiandong & family,1.2,pharmaceuticals,China,,TRUE,,,,China
2378,Alan Zekelman,1.2,steel,Canada,58,FALSE,,,,Canada
2378,Zhang Chuanwei & family,1.2,machinery,China,58,TRUE,,,,China
2378,Zhang Xi,1.2,chemicals,China,47,TRUE,,,,China
2378,Zhang Xuanning,1.2,retail,China,50,TRUE,,,,China
2378,Zhao Dongping,1.2,technology,China,44,TRUE,,,,China
2378,Zheng Jianjiang & family,1.2,electrical equipment,China,60,TRUE,,,,China
2378,Zheng Xiaodong,1.2,manufacturing,China,57,TRUE,,,,China
2378,Zhou Minghua,1.2,pharmaceutical,China,57,TRUE,,,,China
2378,Zhou Ruxin,1.2,Navigation,China,58,TRUE,,,,China
2378,Zhou Wen & family,1.2,chemicals,China,56,TRUE,,,,China
2378,Zhou Yifeng & family,1.2,liquefied petroleum gas,China,42,TRUE,,,,China
2524,Radhe Shyam Agarwal,1.1,consumer goods,India,76,TRUE,,,,India
2524,Danna Azrieli,1.1,Real estate,Israel,53,FALSE,,,,Israel
2524,Naomi Azrieli,1.1,Real estate,Canada,55,FALSE,,,,Canada
2524,Sharon Azrieli,1.1,Real estate,Canada,60,FALSE,,,,Canada
2524,Bai Houshan,1.1,lithium battery,China,57,TRUE,,,,China
2524,Binny Bansal,1.1,flipkart,India,38,TRUE,1982-01-01,Chandigarh,,India
2524,Eduardo Belmont Anderson,1.1,cosmetics,Peru,75,TRUE,1940-01-01,,,Peru
2524,John Bicket,1.1,sensor systems,United States,41,TRUE,1980-01-01,,,United States
2524,Sanjit Biswas,1.1,sensor systems,United States,39,TRUE,1982-01-01,,,United States
2524,Lloyd Blankfein,1.1,banking,United States,66,TRUE,1954-09-20,The Bronx,New York,United States
2524,Thomas Bruch,1.1,retail,Germany,71,FALSE,,,,Germany
2524,Cai Hongbin,1.1,pharmaceuticals,China,,TRUE,,,,China
2524,Cao Jianwei,1.1,semiconductors,China,42,TRUE,,,,China
2524,Chen Jiancheng,1.1,manufacturing,China,62,TRUE,,,,China
2524,Chen Jinshi & family,1.1,"construction, real estate",China,58,TRUE,,,,China
2524,Chen Yuantai,1.1,batteries,China,53,TRUE,,,,China
2524,Cheng Antares,1.1,liquor,Hong Kong,63,TRUE,,,,Hong Kong
2524,Ron Corio,1.1,solar,United States,59,TRUE,,,,United States
2524,Trudy Shan Dai,1.1,e-commerce,China,45,TRUE,,,,China
2524,Weili Dai,1.1,semiconductors,United States,59,TRUE,1961-09-00,Shanghai,,People's Republic of China
2524,Henry Davis,1.1,beef processing,United States,70,FALSE,,,,United States
2524,Charles Dunstone,1.1,mobile phones,United Kingdom,57,TRUE,1964-11-21,Saffron Walden,,United Kingdom
2524,Feng Yuxia,1.1,pharmaceuticals,China,56,TRUE,,,,China
2524,Paul Fireman,1.1,Reebok,United States,77,TRUE,1944-02-14,Cambridge,,United States
2524,Richard Fortin,1.1,convinience stores,Canada,72,TRUE,,,,Canada
2524,Donald Friese,1.1,manufacturing,United States,80,TRUE,1940-01-01,York,Pennsylvania,United States
2524,Soichiro Fukutake,1.1,education,Japan,75,FALSE,,,,Japan
2524,Antonio Gallardo Ballart,1.1,pharmaceuticals,Spain,85,FALSE,,,,Spain
2524,Jorge Gallardo Ballart,1.1,pharmaceuticals,Spain,79,FALSE,,,,Spain
2524,Gao Xingjiang,1.1,steel,China,57,TRUE,,,,China
2524,Rahul Gautam,1.1,mattresses,India,68,FALSE,,,,India
2524,Simona Giorgetta,1.1,chemical products,Italy,44,FALSE,,,,Italy
2524,Anne Gittinger,1.1,Nordstrom department stores,United States,85,FALSE,1930-00-00,,,United States
2524,Gaston Glock & family,1.1,guns,Austria,92,TRUE,,,,Austria
2524,Radhe Shyam Goenka,1.1,consumer goods,India,75,TRUE,,,,India
2524,David Golub,1.1,private equity,United States,59,TRUE,1950-03-22,Chicago,,United States
2524,Guo Jianqiang,1.1,Electrical appliances,China,53,TRUE,,,,China
2524,Polys Haji-Ioannou,1.1,EasyJet,Cyprus,61,FALSE,1965-01-01,,,Cyprus
2524,Fahed Hariri,1.1,"construction, investments",Lebanon,40,FALSE,,,,Lebanon
2524,Ho Kuang-chi,1.1,Restaurants,Taiwan,58,TRUE,,,,Taiwan
2524,Ming Hsieh,1.1,Fulgent Genetics,United States,65,TRUE,1955-01-01,Shenyang,,People's Republic of China
2524,Hu Rongda & family,1.1,chemicals,China,62,TRUE,,,,China
2524,Huang Qiaolong & family,1.1,tourism,China,61,TRUE,,,,China
2524,Mohammed Ibrahim,1.1,communications,United Kingdom,75,TRUE,,,,United Kingdom
2524,Hedda im Brahm-Droege,1.1,investments,Germany,66,TRUE,,,,Germany
2524,Hiroshi Ishibashi,1.1,tires,Japan,74,FALSE,,,,Japan
2524,Mitchell Jacobson,1.1,industrial equipment,United States,70,FALSE,,,,United States
2524,Jiang Xuefei & family,1.1,printed circuit boards,China,51,TRUE,,,,China
2524,Jin Lei & family,1.1,medical equipment,China,55,TRUE,,,,China
2524,Kenji Kasahara,1.1,social network,Japan,45,TRUE,,,,Japan
2524,Richard Kayne,1.1,investments,United States,75,TRUE,,,,United States
2524,Chang-soo Kim,1.1,apparel,South Korea,60,TRUE,,,,South Korea
2524,Alexander Knauf,1.1,building materials,Germany,46,FALSE,,,,Germany
2524,Martin Knauf,1.1,building materials,Germany,,FALSE,,,,Germany
2524,Robert Knauf,1.1,building materials,Germany,,FALSE,,,,Germany
2524,Gennady Kozovoy,1.1,coal,Russia,69,TRUE,,,,Russia
2524,Eduard Kucera,1.1,software,Czechia,68,TRUE,,,,Czechia
2524,Lai Baosheng,1.1,consumer technology,China,,TRUE,,,,China
2524,Lai Guogui & family,1.1,machinery,China,57,TRUE,,,,China
2524,Lam Lung On & family,1.1,real estate,China,56,TRUE,,,,China
2524,Michiel Le Roux,1.1,banking,South Africa,71,TRUE,,,,South Africa
2524,Lee Ho-jin,1.1,diversified,South Korea,58,FALSE,,,,South Korea
2524,Lee Joong-keun,1.1,"construction, real estate",South Korea,80,TRUE,,,,South Korea
2524,Manfredi Lefebvre d'Ovidio,1.1,cruises,Italy,68,FALSE,,,,Italy
2524,Nancy Lerner,1.1,"banking, credit cards",United States,60,FALSE,1960-01-01,,,United States
2524,Norma Lerner,1.1,banking,United States,85,FALSE,1930-01-01,,,United States
2524,Randolph Lerner,1.1,"banking, credit cards",United States,59,FALSE,,,,United States
2524,Li Qiong,1.1,online games,China,43,TRUE,,,,China
2524,Li Wenmei & family,1.1,medical equipment,China,58,TRUE,,,,China
2524,Lim Hariyanto Wijaya Sarwono,1.1,"palm oil, nickel mining",Indonesia,92,TRUE,1929-01-01,Long Iram,,Indonesia
2524,Liu Shenghui,1.1,infant formula,China,,TRUE,,,,China
2524,Lou Boliang & family,1.1,pharmaceuticals,United States,57,TRUE,,,,United States
2524,Low Tuck Kwong,1.1,coal,Indonesia,73,TRUE,1948-04-17,Singapore,,Singapore
2524,Lu Weiding,1.1,diversified,China,50,FALSE,,,,China
2524,Lv Yongxiang,1.1,magnetic switches,China,71,TRUE,,,,China
2524,"Cargill MacMillan, III.",1.1,Cargill,United States,61,FALSE,,,,United States
2524,John MacMillan,1.1,Cargill,United States,71,FALSE,,,,United States
2524,Martha MacMillan,1.1,Cargill,United States,69,FALSE,,,,United States
2524,William MacMillan,1.1,Cargill,United States,66,FALSE,,,,United States
2524,Yasseen Mansour,1.1,diversified,Egypt,59,TRUE,,,,Egypt
2524,John Martin,1.1,pharmaceuticals,United States,,TRUE,,,,United States
2524,Carsten Maschmeyer,1.1,finance and investments,Germany,61,TRUE,1959-05-08,Bremen,,Germany
2524,Bruce Mathieson,1.1,hotels,Australia,77,TRUE,,,,Australia
2524,John McConnell & family,1.1,steel,United States,67,FALSE,,,,United States
2524,Takanori Nakamura,1.1,cloud software,Japan,48,TRUE,,,,Japan
2524,Bruce Nordstrom,1.1,Nordstrom department stores,United States,87,FALSE,1933-10-01,,,United States
2524,Madeleine Olsson Ericksson,1.1,diversified,Sweden,76,FALSE,,,,Sweden
2524,Ou Xueming,1.1,real estate,China,72,TRUE,,,,China
2524,Mats Paulsson & family,1.1,construction,Sweden,77,TRUE,,,,Sweden
2524,Peng Hao,1.1,electronics,China,53,TRUE,,,,China
2524,"Ricardo Po, Sr. & family",1.1,canned food,Philippines,90,TRUE,,,,Philippines
2524,Forrest Preston,1.1,health care,United States,88,TRUE,1933-03-22,Massachusetts,,United States
2524,Enrico Preziosi,1.1,toys,Italy,73,TRUE,1948-02-18,Avellino,,Italy
2524,Pu Shulin,1.1,TV shows,China,65,TRUE,,,,China
2524,Qiu Lingyun,1.1,consumer technology,China,45,TRUE,,,,China
2524,Vera Rechulski Santo Domingo,1.1,beer,Brazil,72,FALSE,,,,Brazil
2524,M.Satyanarayana Reddy,1.1,pharmaceuticals,India,63,TRUE,,,,India
2524,Ruan Hongxian & family,1.1,pharmaceuticals,China,54,TRUE,,,,China
2524,Chanchai Ruayrungruang,1.1,real estate,China,67,TRUE,,,,China
2524,Daisuke Sasaki,1.1,software,Japan,40,TRUE,1976-04-21,Hokkaidō,,Japan
2524,Jack Schuler,1.1,pharmaceuticals,United States,80,TRUE,,,,United States
2524,Neerja Sethi,1.1,"IT consulting, outsourcing",United States,66,TRUE,,,,United States
2524,Shin Dong-guk,1.1,Pharmaceuticals,South Korea,71,TRUE,,,,South Korea
2524,Edgar Sia II,1.1,fast food,Philippines,44,TRUE,1977-01-01,Iloilo City,,Philippines
2524,Michael S. Smith,1.1,liquefied natural gas,United States,65,TRUE,,,,United States
2524,Su Rubo,1.1,real estate,China,66,TRUE,,,,China
2524,Sun Xishuang,1.1,real estate,China,67,TRUE,,,,China
2524,Sehat Sutardja,1.1,semiconductors,United States,59,TRUE,1961-00-00,Jakarta,,Indonesia
2524,Susanto Suwarto,1.1,media,Indonesia,65,TRUE,,,,Indonesia
2524,Tan Eng Kee,1.1,factory equipment,Malaysia,51,TRUE,,,,Malaysia
2524,Tan Yu Wei,1.1,retail,Malaysia,48,FALSE,,,,Malaysia
2524,Yoshikazu Tanaka,1.1,social network,Japan,44,TRUE,,,,Japan
2524,Hary Tanoesoedibjo,1.1,media,Indonesia,55,TRUE,,,,Indonesia
2524,Mehmet Sinan Tara,1.1,construction,Turkey,62,FALSE,,,,Turkey
2524,Shirou Terashita,1.1,investor relations consulting,Japan,62,TRUE,,,,Japan
2524,Carl Thoma,1.1,investments,United States,72,TRUE,1949-01-01,,,United States
2524,Tseng Sing-ai,1.1,petrochemicals,Taiwan,,FALSE,,,,Taiwan
2524,Sunil Vachani,1.1,electronics,India,52,TRUE,,,,India
2524,Jan Van Geet,1.1,real estate developer,Belgium,50,TRUE,,,,Belgium
2524,Sekar Vembu,1.1,business software,India,49,TRUE,,,,India
2524,Wang Han,1.1,airline,China,33,FALSE,,,,China
2524,Wang Jianliang,1.1,consumer technology,China,45,TRUE,,,,China
2524,Wang Kunxiao,1.1,oilfield equipment,China,51,TRUE,,,,China
2524,Wen Pengcheng & family,1.1,agribusiness,China,58,TRUE,,,,China
2524,Wen Yibo & family,1.1,wastewater treatment,China,55,TRUE,,,,China
2524,Anne Werninghaus,1.1,industrial machinery,Brazil,35,FALSE,,,,Brazil
2524,Dan Wilks,1.1,natural gas,United States,64,TRUE,,,,United States
2524,Wong Hei & family,1.1,conglomerate,China,59,FALSE,,,,China
2524,Wong Hong King,1.1,real estate,China,59,TRUE,,,,China
2524,Wu Chung-yi,1.1,manufacturing,Taiwan,65,FALSE,,,,Taiwan
2524,Wu Eddie Yongming,1.1,e-commerce,China,46,TRUE,,,,China
2524,Eugene Wu,1.1,finance,Taiwan,76,FALSE,,,,Taiwan
2524,Wu Wei,1.1,education,China,53,TRUE,,,,China
2524,Xiao Guoqing,1.1,education,China,52,TRUE,,,,China
2524,George Yancopoulos,1.1,pharmaceuticals,United States,61,TRUE,1959-01-01,Queens,New York,United States
2524,Yao Lisheng,1.1,electronics,China,,TRUE,,,,China
2524,Yu Faxiang,1.1,"tourism, cultural industry",China,49,TRUE,,,,China
2524,Yuan Jinhua,1.1,Manufacturing,China,62,TRUE,,,,China
2524,Igor Yusufov,1.1,oil & gas,Russia,64,TRUE,,,,Russia
2524,Zan Shengda,1.1,diversified,China,58,TRUE,,,,China
2524,Zeng Huansha,1.1,real estate,China,53,TRUE,,,,China
2524,Zhang Xuewu,1.1,snacks,China,46,TRUE,,,,China
2524,Zhang Yuxiang & family,1.1,apparel,China,56,TRUE,,,,China
2524,Zhao Tongtong,1.1,Hotels,Canada,54,TRUE,,,,Canada
2524,Tony Zhao,1.1,software,China,49,TRUE,,,,China
2524,Zhong Peifeng,1.1,semiconductor,United States,58,TRUE,,,,United States
2524,Zhou Ping & family,1.1,utilities,China,58,TRUE,,,,China
2524,Zhou Yahui,1.1,online games,China,44,TRUE,,,,China
2524,Boris Zingarevich,1.1,"pulp and paper, diversified",Russia,61,TRUE,,,,Russia
2524,Ahmet Nazif Zorlu,1.1,diversified,Turkey,76,TRUE,1946-02-01,Denizli Province,,Turkey
2674,A. Jayson Adair,1,damaged cars,United States,51,TRUE,,,,United States
2674,Albert Avdolyan,1,"oil, mining",Russia,50,TRUE,,,,Russia
2674,Baiju Bhatt,1,stock trading app,United States,36,TRUE,1985-01-01,,,United States
2674,"Wilbur 'Ed' Bosarge, Jr.",1,high speed trading,United States,81,TRUE,,,,United States
2674,Ina Chan,1,casinos,Hong Kong,67,FALSE,,,,Hong Kong
2674,Chang Byung-gyu,1,Bluehole,South Korea,48,TRUE,,,,South Korea
2674,Chung Mong-joon,1,"shipbuilding, industrial machines",South Korea,69,FALSE,1951-10-07,Busan,,South Korea
2674,Carmen Daurella Aguilera,1,Coca-Cola bottler,Spain,,FALSE,,,,Spain
2674,GT Dave,1,kombucha,United States,44,TRUE,1978-01-01,Beverly Hills,,United States
2674,Mukand Lal Dua,1,footwear,India,72,TRUE,,,,India
2674,Ramesh Kumar Dua,1,footwear,India,67,TRUE,,,,India
2674,Jose Elias,1,wind power,Spain,44,TRUE,,,,Spain
2674,Larry Fink,1,money management,United States,68,TRUE,1952-11-02,Van Nuys,,United States
2674,Horst-Otto Gerberding,1,flavors and fragrances,Germany,68,FALSE,,,,Germany
2674,Gim Seong-gon,1,renewable energy,South Korea,67,TRUE,,,,South Korea
2674,Gou Yiqun,1,restaurant,China,48,TRUE,,,,China
2674,Clelia Haji-Ioannou,1,EasyJet,Cyprus,50,FALSE,1975-01-01,,,Cyprus
2674,Hang Hong,1,machinery,China,53,TRUE,,,,China
2674,Ronnen Harary,1,toys,Canada,49,TRUE,1975-01-01,Ontario,,Canada
2674,David Harding,1,finance,United Kingdom,59,TRUE,,,,United Kingdom
2674,David Helgason,1,game software,Iceland,43,TRUE,,,,Iceland
2674,Hou Jianbin,1,education,China,39,TRUE,,,,China
2674,Hur Young-in,1,"bakeries, fast food",South Korea,71,FALSE,,,,South Korea
2674,Jiang Long,1,Manufacturing,China,47,TRUE,,,,China
2674,Morris Kahn,1,software,Israel,91,TRUE,,,,Israel
2674,Ashok Kajaria,1,tiles,India,73,TRUE,,,,India
2674,T.S. Kalyanaraman,1,jewelry,India,73,TRUE,,,,India
2674,Kim Kardashian West,1,"cosmetics, reality TV",United States,40,TRUE,,,,United States
2674,David Katzman,1,teeth aligners,United States,61,TRUE,,,,United States
2674,Bom Kim,1,online retailing,United States,42,TRUE,1978-10-07,Seoul,,South Korea
2674,Masatoshi Kumagai,1,internet services,Japan,57,TRUE,,,,Japan
2674,Lev Kvetnoi,1,cement,Russia,55,TRUE,,,,Russia
2674,Vladimir Leschikov,1,real estate,Russia,64,TRUE,,,,Russia
2674,Li Yinan,1,Investments,China,,TRUE,,,,China
2674,Liu Qingfeng,1,software,China,48,TRUE,,,,China
2674,Jose Llado Fernandez-Urrutia,1,construction,Spain,87,TRUE,,,,Spain
2674,Kenneth Lo,1,textiles,United Kingdom,82,FALSE,,,,United Kingdom
2674,Ma Hong,1,machinery,China,53,TRUE,,,,China
2674,Sergei Makhlai,1,fertilizers,Russia,52,FALSE,,,,Russia
2674,Rafique Malik,1,footwear,India,70,FALSE,,,,India
2674,Mao Huihua,1,pharmaceuticals,Canada,59,TRUE,,,,Canada
2674,Michael McCain,1,packaged meats,Canada,,,,,,Canada
2674,Mofatraj Munot,1,real estate,India,76,TRUE,,,,India
2674,Vitaly Orlov,1,fisheries,Russia,56,TRUE,,,,Russia
2674,George Pedersen,1,defense contractor,United States,85,TRUE,,,,United States
2674,David Penaloza Alanis,1,toll roads,Mexico,47,FALSE,,,,Mexico
2674,Tyler Perry,1,"movies, television",United States,51,TRUE,1969-09-13,New Orleans,Louisiana,United States
2674,Maria Pinheiro,1,supermarkets,Brazil,,TRUE,,,,Brazil
2674,Anton Rabie,1,toys,Canada,49,TRUE,,,,Canada
2674,Jorge Rodriguez Rodriguez,1,processed milk,Peru,75,TRUE,,,,Peru
2674,Hartley Rogers,1,asset management,United States,61,TRUE,,,,United States
2674,Alan Rydge,1,entertainment,Australia,68,TRUE,,,,Australia
2674,Shin Dong-joo,1,retail,South Korea,67,FALSE,,,,South Korea
2674,Scott Smith,1,cloud computing,United States,,,,,,United States
2674,Zakhar Smushkin,1,"pulp and paper, diversified",Russia,59,TRUE,,,,Russia
2674,Marco Squinzi,1,chemical products,Italy,49,FALSE,,,,Italy
2674,Veronica Squinzi,1,chemical products,Italy,49,FALSE,,,,Italy
2674,Axel Stawski,1,real estate,United States,70,TRUE,1950-01-01,West Germany,,Germany
2674,Manny Stul,1,toys,Australia,71,TRUE,1940-01-01,,,Australia
2674,Vlad Tenev,1,stock trading,United States,34,TRUE,1987-02-00,Bulgaria,,Bulgaria
2674,Rit Thirakomen,1,restaurants,Thailand,69,FALSE,,,,Thailand
2674,Tong Judy Wenhong,1,e-commerce,China,,TRUE,,,,China
2674,Tsai Chi-jui,1,shoes,Taiwan,81,TRUE,,,,Taiwan
2674,Surin Upatkoon,1,"telecom, lotteries, insurance",Thailand,72,TRUE,,,,Thailand
2674,Ruben Vardanyan,1,investment banking,Russia,52,TRUE,,,,Russia
2674,Murat Vargi,1,telecom,Turkey,73,TRUE,,,,Turkey
2674,Vlad Vendrow & family,1,software,United States,53,TRUE,,,,United States
2674,Wang Qiangxiang,1,artificial turf,China,49,TRUE,,,,China
2674,Wang Wenjian,1,optical devices,China,74,TRUE,,,,China
2674,J. Wayne Weaver,1,Shoes,United States,85,TRUE,,,,United States
2674,Sandy Weill,1,Citigroup,United States,88,TRUE,,,,United States
2674,Xia Zhisheng & family,1,home appliances,China,79,TRUE,,,,China
2674,Xu Jin,1,wine,China,56,TRUE,,,,China
2674,Vadim Yakunin,1,pharmacy,Russia,58,TRUE,,,,Russia
2674,Mark Haoyong Yang,1,e-commerce,China,46,TRUE,,,,China
2674,Yao Hsiao Tung,1,Manufacturing,Singapore,81,TRUE,,,,Singapore
2674,Yu De-Chao,1,pharmaceuticals,United States,57,TRUE,,,,United States
2674,Daniel Yong Zhang,1,e-commerce,China,49,TRUE,,,,China
2674,Zhang Yuqiang,1,Fiberglass,China,65,TRUE,,,,China
2674,Zhao Meiguang,1,gold mining,China,58,TRUE,,,,China
2674,Zhong Naixiong,1,conglomerate,China,58,TRUE,,,,China
2674,Zhou Wei family,1,Software,China,54,TRUE,,,,China
