film_year,ceremony_year,ceremony,category,winner_name,film,date_of_birth,birth_city,birth_country
1927,1928,1,ACTOR,Emil Jannings,The Last Command,1884-07-23,Rorschach,Switzerland
1927,1928,1,ACTRESS,Janet Gaynor,7th Heaven,1906-10-06,Philadelphia,United States
1927,1928,1,ART DIRECTION,William Cameron Menzies,The Dove;,1896-07-29,New Haven,United States
1927,1928,1,CINEMATOGRAPHY,Charles Rosher,Sunrise,1885-11-17,London,United Kingdom
1927,1928,1,CINEMATOGRAPHY,Karl Struss,Sunrise,1886-11-30,New York City,United States
1927,1928,1,DIRECTING (Comedy Picture),Lewis Milestone,Two Arabian Knights,1895-09-30,Chișinău,Moldova
1927,1928,1,DIRECTING (Dramatic Picture),Frank Borzage,7th Heaven,1894-04-23,Salt Lake City,United States
1927,1928,1,ENGINEERING EFFECTS,Roy Pomeroy,Wings,1892-04-20,Darjeeling,India
1927,1928,1,OUTSTANDING PICTURE,Paramount Famous Lasky,Wings,,,
1927,1928,1,UNIQUE AND ARTISTIC PICTURE,Fox,Sunrise,,,
1927,1928,1,WRITING (Adaptation),Benjamin Glazer,7th Heaven,1887-05-07,Belfast,United Kingdom
1927,1928,1,WRITING (Original Story),Ben Hecht,Underworld,,,
1927,1928,1,WRITING (Title Writing),Joseph Farnham,,1884-12-02,New Haven,United States
1927,1928,1,SPECIAL AWARD,Warner Bros.,,,,
1927,1928,1,SPECIAL AWARD,Charles Chaplin,,,,
1928,1929,2,ACTOR,Warner Baxter,In Old Arizona,1889-03-29,Columbus,United States
1928,1929,2,ACTRESS,Mary Pickford,Coquette,1892-04-08,Toronto,Canada
1928,1929,2,ART DIRECTION,Cedric Gibbons,The Bridge of San Luis Rey,1893-03-23,Dublin,Ireland
1928,1929,2,CINEMATOGRAPHY,Clyde De Vinna,White Shadows in the South Seas,1890-07-13,Sedalia,United States
1928,1929,2,DIRECTING,Frank Lloyd,The Divine Lady,1886-02-02,Glasgow,United Kingdom
1928,1929,2,OUTSTANDING PICTURE,Metro-Goldwyn-Mayer,The Broadway Melody,,,
1928,1929,2,WRITING,Hans Kraly,The Patriot,,,
1929,1930,3,ACTOR,George Arliss,Disraeli,1868-04-10,London,United Kingdom
1929,1930,3,ACTRESS,Norma Shearer,The Divorcee,1902-08-10,Montreal,Canada
1929,1930,3,ART DIRECTION,Herman Rosse,King of Jazz,1887-01-01,The Hague,Netherlands
1929,1930,3,CINEMATOGRAPHY,Joseph T. Rucker,With Byrd at the South Pole,1887-01-01,Atlanta,United States
1929,1930,3,CINEMATOGRAPHY,Willard Van Der Veer,With Byrd at the South Pole,,,
1929,1930,3,DIRECTING,Lewis Milestone,All Quiet on the Western Front,1895-09-30,Chișinău,Moldova
1929,1930,3,OUTSTANDING PRODUCTION,Universal,All Quiet on the Western Front,,,
1929,1930,3,SOUND RECORDING,Metro-Goldwyn-Mayer Studio Sound Department,The Big House,,,
1929,1930,3,SOUND RECORDING,Douglas Shearer,The Big House,1899-11-17,Westmount,Canada
1929,1930,3,SOUND RECORDING,Sound Director,The Big House,,,
1929,1930,3,WRITING,Frances Marion,The Big House,1888-11-18,San Francisco,United States
1930,1931,4,ACTOR,Lionel Barrymore,A Free Soul,1878-04-28,Philadelphia,United States
1930,1931,4,ACTRESS,Marie Dressler,Min and Bill,1868-11-09,Cobourg,Canada
1930,1931,4,ART DIRECTION,Max Rée,Cimarron,1889-10-07,Copenhagen,Denmark
1930,1931,4,CINEMATOGRAPHY,Floyd Crosby,Tabu,1899-12-12,West Philadelphia,United States
1930,1931,4,DIRECTING,Norman Taurog,Skippy,1899-02-23,Chicago,United States
1930,1931,4,OUTSTANDING PRODUCTION,RKO Radio,Cimarron,,,
1930,1931,4,SOUND RECORDING,Paramount Publix Studio Sound Department,,,,
1930,1931,4,WRITING (Adaptation),Howard Estabrook,Cimarron,1884-07-11,Detroit,United States
1930,1931,4,WRITING (Original Story),John Monk Saunders,The Dawn Patrol,,,
1931,1932,5,ACTOR,Wallace Beery,The Champ,1885-04-01,Clay County,United States
1931,1932,5,ACTOR,Fredric March,Dr. Jekyll and Mr. Hyde,1897-08-31,Racine,United States
1931,1932,5,ACTRESS,Helen Hayes,The Sin of Madelon Claudet,1900-10-10,"Washington, D.C.",United States
1931,1932,5,ART DIRECTION,Gordon Wiles,Transatlantic,1904-10-10,Jerseyville,United States
1931,1932,5,CINEMATOGRAPHY,Lee Garmes,Shanghai Express,1898-05-27,Peoria,United States
1931,1932,5,DIRECTING,Frank Borzage,Bad Girl,1894-04-23,Salt Lake City,United States
1931,1932,5,OUTSTANDING PRODUCTION,Metro-Goldwyn-Mayer,Grand Hotel,,,
1931,1932,5,SHORT SUBJECT (Cartoon),Walt Disney,Flowers and Trees,1901-12-05,Chicago,United States
1931,1932,5,SHORT SUBJECT (Cartoon),Producer,Flowers and Trees,,,
1931,1932,5,SHORT SUBJECT (Comedy),Hal Roach,The Music Box,1892-01-14,Elmira,United States
1931,1932,5,SHORT SUBJECT (Comedy),Producer,The Music Box,,,
1931,1932,5,SHORT SUBJECT (Novelty),Mack Sennett,Wrestling Swordfish,1880-01-17,Melbourne,Canada
1931,1932,5,SHORT SUBJECT (Novelty),Producer,Wrestling Swordfish,,,
1931,1932,5,SOUND RECORDING,Paramount Publix Studio Sound Department,,,,
1931,1932,5,WRITING (Adaptation),Edwin Burke,Bad Girl,,,
1931,1932,5,WRITING (Original Story),Frances Marion,The Champ,1888-11-18,San Francisco,United States
1931,1932,5,SPECIAL AWARD,"Walt Disney for the creation of ""Mickey Mouse.""",,1901-12-05,Chicago,United States
1932,1933,6,ACTOR,Charles Laughton,The Private Life of Henry VIII,1899-07-01,Scarborough,United Kingdom
1932,1933,6,ACTRESS,Katharine Hepburn,Morning Glory,1907-05-12,Hartford,United States
1932,1933,6,ART DIRECTION,William S. Darling,Cavalcade,1882-09-14,Șandra,Romania
1932,1933,6,ASSISTANT DIRECTOR,William Tummel (Fox),,1892-03-05,Kansas City,United States
1932,1933,6,ASSISTANT DIRECTOR,Charles Dorian (Metro-Goldwyn-Mayer),,1891-06-27,Santa Monica,United States
1932,1933,6,ASSISTANT DIRECTOR,Charles Barton (Paramount),,1902-05-25,San Francisco,United States
1932,1933,6,ASSISTANT DIRECTOR,Dewey Starkey (RKO Radio),,1898-05-09,Ohio,United States
1932,1933,6,ASSISTANT DIRECTOR,Fred Fox (United Artists),,1884-01-22,London,United Kingdom
1932,1933,6,ASSISTANT DIRECTOR,Scott Beal (Universal),,1890-04-14,Quinnesec,United States
1932,1933,6,ASSISTANT DIRECTOR,Gordon Hollingshead (Warner Bros.),,1892-01-08,Garfield,United States
1932,1933,6,CINEMATOGRAPHY,Charles Bryant Lang,A Farewell to Arms,,,
1932,1933,6,CINEMATOGRAPHY,Jr.,A Farewell to Arms,,,
1932,1933,6,DIRECTING,Frank Lloyd,Cavalcade,1886-02-02,Glasgow,United Kingdom
1932,1933,6,OUTSTANDING PRODUCTION,Fox,Cavalcade,,,
1932,1933,6,SHORT SUBJECT (Cartoon),Walt Disney,The Three Little Pigs,1901-12-05,Chicago,United States
1932,1933,6,SHORT SUBJECT (Cartoon),Producer,The Three Little Pigs,,,
1932,1933,6,SHORT SUBJECT (Comedy),Louis Brock,So This Is Harris,,,
1932,1933,6,SHORT SUBJECT (Comedy),Producer,So This Is Harris,,,
1932,1933,6,SHORT SUBJECT (Novelty),Joe Rock,Krakatoa,,,
1932,1933,6,SHORT SUBJECT (Novelty),Producer,Krakatoa,,,
1932,1933,6,SOUND RECORDING,Paramount Studio Sound Department,A Farewell to Arms,,,
1932,1933,6,SOUND RECORDING,Franklin B. Hansen,A Farewell to Arms,,,
1932,1933,6,SOUND RECORDING,Sound Director,A Farewell to Arms,,,
1932,1933,6,WRITING (Adaptation),Victor Heerman,Little Women,1893-08-27,Surrey,United Kingdom
1932,1933,6,WRITING (Adaptation),Sarah Y. Mason,Little Women,1896-03-31,Pima,United States
1932,1933,6,WRITING (Original Story),Robert Lord,One Way Passage,,,
1934,1935,7,ACTOR,Clark Gable,It Happened One Night,1901-02-01,Cadiz,United States
1934,1935,7,ACTRESS,Claudette Colbert,It Happened One Night,1903-09-13,Saint-Mandé,France
1934,1935,7,ART DIRECTION,Cedric Gibbons,The Merry Widow,1893-03-23,Dublin,Ireland
1934,1935,7,ART DIRECTION,Fredric Hope,The Merry Widow,1900-01-22,New Brighton,United States
1934,1935,7,ASSISTANT DIRECTOR,John Waters,Viva Villa!,1893-10-31,New York City,United States
1934,1935,7,CINEMATOGRAPHY,Victor Milner,Cleopatra,1893-12-15,New York City,United States
1934,1935,7,DIRECTING,Frank Capra,It Happened One Night,1897-05-18,Bisacquino,Italy
1934,1935,7,FILM EDITING,Conrad Nervig,Eskimo,,,
1934,1935,7,MUSIC (Scoring),Victor Schertzinger and Gus Kahn),One Night of Love,,,
1934,1935,7,MUSIC (Song),Con Conrad,The Gay Divorcee,1891-06-18,Manhattan,United States
1934,1935,7,MUSIC (Song),Herb Magidson,The Gay Divorcee,1906-01-07,Braddock,United States
1934,1935,7,OUTSTANDING PRODUCTION,Columbia,It Happened One Night,,,
1934,1935,7,SHORT SUBJECT (Cartoon),Walt Disney,The Tortoise and the Hare,1901-12-05,Chicago,United States
1934,1935,7,SHORT SUBJECT (Cartoon),Producer,The Tortoise and the Hare,,,
1934,1935,7,SHORT SUBJECT (Comedy),Kenneth Macgowan,La Cucaracha,1888-11-30,Winthrop,United States
1934,1935,7,SHORT SUBJECT (Comedy),Producer,La Cucaracha,,,
1934,1935,7,SHORT SUBJECT (Novelty),Stacy Woodard and Horace Woodard,City of Wax,,,
1934,1935,7,SHORT SUBJECT (Novelty),Producers,City of Wax,,,
1934,1935,7,SOUND RECORDING,Columbia Studio Sound Department,One Night of Love,,,
1934,1935,7,SOUND RECORDING,John Livadary,One Night of Love,,,
1934,1935,7,SOUND RECORDING,Sound Director,One Night of Love,,,
1934,1935,7,WRITING (Adaptation),Robert Riskin,It Happened One Night,1897-03-30,New York City,United States
1934,1935,7,WRITING (Original Story),Arthur Caesar,Manhattan Melodrama,,,
1934,1935,7,SPECIAL AWARD,Shirley Temple,,1928-04-23,Santa Monica,United States
1935,1936,8,ACTOR,Victor McLaglen,The Informer,1886-12-10,Royal Tunbridge Wells,United Kingdom
1935,1936,8,ACTRESS,Bette Davis,Dangerous,1908-04-05,Lowell,United States
1935,1936,8,ART DIRECTION,Richard Day,The Dark Angel,1896-05-09,Victoria,Canada
1935,1936,8,ASSISTANT DIRECTOR,Clem Beauchamp,The Lives of a Bengal Lancer,1898-08-26,Iowa,United States
1935,1936,8,ASSISTANT DIRECTOR,Paul Wing,The Lives of a Bengal Lancer,1892-08-14,Tacoma,United States
1935,1936,8,CINEMATOGRAPHY,Hal Mohr,A Midsummer Night's Dream,1894-08-02,San Francisco,United States
1935,1936,8,DANCE DIRECTION,Dave Gould,Broadway Melody of 1936;,1899-03-11,Budapest,Hungary
1935,1936,8,DIRECTING,John Ford,The Informer,1894-02-01,Cape Elizabeth,United States
1935,1936,8,FILM EDITING,Ralph Dawson,A Midsummer Night's Dream,1897-04-18,Westborough,United States
1935,1936,8,MUSIC (Scoring),Max Steiner),The Informer,,,
1935,1936,8,MUSIC (Song),Harry Warren,Gold Diggers of 1935,1893-12-24,Brooklyn,United States
1935,1936,8,MUSIC (Song),Al Dubin,Gold Diggers of 1935,1891-06-10,Zurich,Switzerland
1935,1936,8,OUTSTANDING PRODUCTION,Metro-Goldwyn-Mayer,Mutiny on the Bounty,,,
1935,1936,8,SHORT SUBJECT (Cartoon),Walt Disney,Three Orphan Kittens,1901-12-05,Chicago,United States
1935,1936,8,SHORT SUBJECT (Cartoon),Producer,Three Orphan Kittens,,,
1935,1936,8,SHORT SUBJECT (Comedy),Jack Chertok,How to Sleep,1906-07-13,Atlanta,United States
1935,1936,8,SHORT SUBJECT (Comedy),Producer,How to Sleep,,,
1935,1936,8,SHORT SUBJECT (Novelty),Gaumont British and Skibo Productions,Wings over Mt. Everest,,,
1935,1936,8,SOUND RECORDING,Metro-Goldwyn-Mayer Studio Sound Department,Naughty Marietta,,,
1935,1936,8,SOUND RECORDING,Douglas Shearer,Naughty Marietta,1899-11-17,Westmount,Canada
1935,1936,8,SOUND RECORDING,Sound Director,Naughty Marietta,,,
1935,1936,8,WRITING (Original Story),Ben Hecht,The Scoundrel,,,
1935,1936,8,WRITING (Original Story),Charles MacArthur,The Scoundrel,,,
1935,1936,8,WRITING (Screenplay),Dudley Nichols,The Informer,1895-04-06,Wapakoneta,United States
1935,1936,8,SPECIAL AWARD,David Wark Griffith,,,,
1936,1937,9,ACTOR,Paul Muni,The Story of Louis Pasteur,1895-09-22,Lviv,Ukraine
1936,1937,9,ACTOR IN A SUPPORTING ROLE,Walter Brennan,Come and Get It,1894-07-25,Lynn,United States
1936,1937,9,ACTRESS,Luise Rainer,The Great Ziegfeld,1910-01-12,Düsseldorf,Germany
1936,1937,9,ACTRESS IN A SUPPORTING ROLE,Gale Sondergaard,Anthony Adverse,1899-02-15,Litchfield,United States
1936,1937,9,ART DIRECTION,Richard Day,Dodsworth,1896-05-09,Victoria,Canada
1936,1937,9,ASSISTANT DIRECTOR,Jack Sullivan,The Charge of the Light Brigade,1893-03-05,San Francisco,United States
1936,1937,9,CINEMATOGRAPHY,Gaetano Gaudio,Anthony Adverse,,,
1936,1937,9,DANCE DIRECTION,Seymour Felix,The Great Ziegfeld,1892-10-23,New York City,United States
1936,1937,9,DIRECTING,Frank Capra,Mr. Deeds Goes to Town,1897-05-18,Bisacquino,Italy
1936,1937,9,FILM EDITING,Ralph Dawson,Anthony Adverse,1897-04-18,Westborough,United States
1936,1937,9,MUSIC (Scoring),Erich Wolfgang Korngold),Anthony Adverse,,,
1936,1937,9,MUSIC (Song),Jerome Kern,Swing Time,1885-01-27,Manhattan,United States
1936,1937,9,MUSIC (Song),Dorothy Fields,Swing Time,1905-07-15,Allenhurst,United States
1936,1937,9,OUTSTANDING PRODUCTION,Metro-Goldwyn-Mayer,The Great Ziegfeld,,,
1936,1937,9,SHORT SUBJECT (Cartoon),Walt Disney,The Country Cousin,1901-12-05,Chicago,United States
1936,1937,9,SHORT SUBJECT (Cartoon),Producer,The Country Cousin,,,
1936,1937,9,SHORT SUBJECT (Color),Warner Bros.,Give Me Liberty,,,
1936,1937,9,SHORT SUBJECT (One-reel),Hal Roach,Bored of Education,1892-01-14,Elmira,United States
1936,1937,9,SHORT SUBJECT (One-reel),Producer,Bored of Education,,,
1936,1937,9,SHORT SUBJECT (Two-reel),Metro-Goldwyn-Mayer,The Public Pays,,,
1936,1937,9,SOUND RECORDING,Metro-Goldwyn-Mayer Studio Sound Department,San Francisco,,,
1936,1937,9,SOUND RECORDING,Douglas Shearer,San Francisco,1899-11-17,Westmount,Canada
1936,1937,9,SOUND RECORDING,Sound Director,San Francisco,,,
1936,1937,9,WRITING (Original Story),Pierre Collings,The Story of Louis Pasteur,1900-09-22,Truro,Canada
1936,1937,9,WRITING (Original Story),Sheridan Gibney,The Story of Louis Pasteur,1903-06-11,New York City,United States
1936,1937,9,WRITING (Screenplay),Pierre Collings,The Story of Louis Pasteur,1900-09-22,Truro,Canada
1936,1937,9,WRITING (Screenplay),Sheridan Gibney,The Story of Louis Pasteur,1903-06-11,New York City,United States
1936,1937,9,SPECIAL AWARD,The March of Time for its significance to motion pictures and for having revolutionized one of the most important branches of the industry - the newsreel.,,,,
1936,1937,9,SPECIAL AWARD,W. Howard Greene and Harold Rosson for the color cinematography of the Selznick International Production,,,,
1937,1938,10,ACTOR,Spencer Tracy,Captains Courageous,1900-04-05,Milwaukee,United States
1937,1938,10,ACTOR IN A SUPPORTING ROLE,Joseph Schildkraut,The Life of Emile Zola,1896-03-22,Vienna,Austria
1937,1938,10,ACTRESS,Luise Rainer,The Good Earth,1910-01-12,Düsseldorf,Germany
1937,1938,10,ACTRESS IN A SUPPORTING ROLE,Alice Brady,In Old Chicago,1892-11-02,New York City,United States
1937,1938,10,ART DIRECTION,Stephen Goosson,Lost Horizon,1889-03-24,Grand Rapids,United States
1937,1938,10,ASSISTANT DIRECTOR,Robert Webb,In Old Chicago,,,
1937,1938,10,CINEMATOGRAPHY,Karl Freund,The Good Earth,1890-01-16,Dvůr Králové nad Labem,Czech Republic
1937,1938,10,DANCE DIRECTION,Hermes Pan,A Damsel in Distress,1909-12-10,Memphis,United States
1937,1938,10,DIRECTING,Leo McCarey,The Awful Truth,1898-10-03,Los Angeles,United States
1937,1938,10,FILM EDITING,Gene Havlick,Lost Horizon,1894-03-16,Enid,United States
1937,1938,10,FILM EDITING,Gene Milford,Lost Horizon,1902-01-19,Lamar,United States
1937,1938,10,MUSIC (Scoring),Universal Studio Music Department,One Hundred Men and a Girl,,,
1937,1938,10,MUSIC (Scoring),Charles Previn,One Hundred Men and a Girl,1888-01-11,Brooklyn,United States
1937,1938,10,MUSIC (Scoring),head of department  (no composer credit),One Hundred Men and a Girl,,,
1937,1938,10,MUSIC (Song),Harry Owens,Waikiki Wedding,1902-04-18,O'Neill,United States
1937,1938,10,OUTSTANDING PRODUCTION,Warner Bros.,The Life of Emile Zola,,,
1937,1938,10,SHORT SUBJECT (Cartoon),Walt Disney,The Old Mill,1901-12-05,Chicago,United States
1937,1938,10,SHORT SUBJECT (Cartoon),Producer,The Old Mill,,,
1937,1938,10,SHORT SUBJECT (Color),Pete Smith,Penny Wisdom,1892-09-04,New York City,United States
1937,1938,10,SHORT SUBJECT (Color),Producer,Penny Wisdom,,,
1937,1938,10,SHORT SUBJECT (One-reel),Skibo Productions,The Private Life of the Gannets,,,
1937,1938,10,SHORT SUBJECT (Two-reel),Metro-Goldwyn-Mayer,Torture Money,,,
1937,1938,10,SOUND RECORDING,United Artists Studio Sound Department,The Hurricane,,,
1937,1938,10,SOUND RECORDING,Thomas T. Moulton,The Hurricane,1896-01-01,Wausau,United States
1937,1938,10,SOUND RECORDING,Sound Director,The Hurricane,,,
1937,1938,10,WRITING (Original Story),William A. Wellman,A Star Is Born,,,
1937,1938,10,WRITING (Original Story),Robert Carson,A Star Is Born,,,
1937,1938,10,WRITING (Screenplay),Norman Reilly Raine,The Life of Emile Zola,1894-06-23,Wilkes-Barre,United States
1937,1938,10,WRITING (Screenplay),Heinz Herald,The Life of Emile Zola,1890-10-24,Międzychód,Poland
1937,1938,10,WRITING (Screenplay),Geza Herczeg,The Life of Emile Zola,,,
1937,1938,10,SPECIAL AWARD,Mack Sennett,,1880-01-17,Melbourne,Canada
1937,1938,10,SPECIAL AWARD,Edgar Bergen for his outstanding comedy creation,,1903-02-16,Chicago,United States
1937,1938,10,SPECIAL AWARD,The Museum of Modern Art Film Library for its significant work in collecting films dating from 1895 to the present and for the first time making available to the public the means of studying the historical and aesthetic development of the motion picture as one of the major arts.,,,,
1937,1938,10,SPECIAL AWARD,a committee of leading cinematographers after viewing all the color pictures made during the year.),,,,
1937,1938,10,IRVING G. THALBERG MEMORIAL AWARD,Darryl F. Zanuck,,1902-09-05,Wahoo,United States
1938,1939,11,ACTOR,Spencer Tracy,Boys Town,1900-04-05,Milwaukee,United States
1938,1939,11,ACTOR IN A SUPPORTING ROLE,Walter Brennan,Kentucky,1894-07-25,Lynn,United States
1938,1939,11,ACTRESS,Bette Davis,Jezebel,1908-04-05,Lowell,United States
1938,1939,11,ACTRESS IN A SUPPORTING ROLE,Fay Bainter,Jezebel,1893-12-07,Los Angeles,United States
1938,1939,11,ART DIRECTION,Carl J. Weyl,The Adventures of Robin Hood,,,
1938,1939,11,CINEMATOGRAPHY,Joseph Ruttenberg,The Great Waltz,1889-07-04,Zhytomyr,Ukraine
1938,1939,11,DIRECTING,Frank Capra,You Can't Take It with You,1897-05-18,Bisacquino,Italy
1938,1939,11,FILM EDITING,Ralph Dawson,The Adventures of Robin Hood,1897-04-18,Westborough,United States
1938,1939,11,MUSIC (Original Score),Erich Wolfgang Korngold,The Adventures of Robin Hood,1897-05-29,Brno,Czech Republic
1938,1939,11,MUSIC (Scoring),Alfred Newman,Alexander's Ragtime Band,1900-03-17,New Haven,United States
1938,1939,11,MUSIC (Song),Ralph Rainger,The Big Broadcast of 1938,1901-10-07,New York City,United States
1938,1939,11,MUSIC (Song),Leo Robin,The Big Broadcast of 1938,1900-04-06,Pittsburgh,United States
1938,1939,11,OUTSTANDING PRODUCTION,Columbia,You Can't Take It with You,,,
1938,1939,11,SHORT SUBJECT (Cartoon),Walt Disney,Ferdinand the Bull,1901-12-05,Chicago,United States
1938,1939,11,SHORT SUBJECT (Cartoon),Producer,Ferdinand the Bull,,,
1938,1939,11,SHORT SUBJECT (One-reel),Metro-Goldwyn-Mayer,That Mothers Might Live,,,
1938,1939,11,SHORT SUBJECT (Two-reel),Warner Bros.,Declaration of Independence,,,
1938,1939,11,SOUND RECORDING,United Artists Studio Sound Department,The Cowboy and the Lady,,,
1938,1939,11,SOUND RECORDING,Thomas T. Moulton,The Cowboy and the Lady,1896-01-01,Wausau,United States
1938,1939,11,SOUND RECORDING,Sound Director,The Cowboy and the Lady,,,
1938,1939,11,WRITING (Original Story),Dore Schary,Boys Town,,,
1938,1939,11,WRITING (Original Story),Eleanore Griffin,Boys Town,,,
1938,1939,11,WRITING (Screenplay),George Bernard Shaw,Pygmalion,1856-07-26,Dublin,Ireland
1938,1939,11,WRITING (Screenplay),W. P. Lipscomb,Pygmalion,1887-10-01,Surrey,United Kingdom
1938,1939,11,WRITING (Screenplay),Cecil Lewis,Pygmalion,,,
1938,1939,11,WRITING (Screenplay),Ian Dalrymple,Pygmalion,1903-08-26,Johannesburg,South Africa
1938,1939,11,SPECIAL AWARD,Deanna Durbin and Mickey Rooney for their significant contribution in bringing to the screen the spirit and personification of youth,,,,
1938,1939,11,SPECIAL AWARD,Harry M. Warner in recognition of patriotic service in the production of historical short subjects presenting significant episodes in the early struggle of the American people for liberty.,,,,
1938,1939,11,SPECIAL AWARD,Walt Disney for Snow White and the Seven Dwarfs,,1901-12-05,Chicago,United States
1938,1939,11,SPECIAL AWARD,Oliver Marsh and Allen Davey for the color cinematography of the Metro-Goldwyn-Mayer production,,,,
1938,1939,11,SPECIAL AWARD,For outstanding achievement in creating Special Photographic and Sound Effects in the Paramount production,,,,
1938,1939,11,SPECIAL AWARD,J. Arthur Ball for his outstanding contributions to the advancement of color in Motion Picture Photography.,,,,
1938,1939,11,IRVING G. THALBERG MEMORIAL AWARD,Hal B. Wallis,,1899-09-14,Chicago,United States
1939,1940,12,ACTOR,Robert Donat,"Goodbye, Mr. Chips",1905-03-18,Withington,United Kingdom
1939,1940,12,ACTOR IN A SUPPORTING ROLE,Thomas Mitchell,Stagecoach,1892-07-11,Elizabeth,United States
1939,1940,12,ACTRESS,Vivien Leigh,Gone with the Wind,1913-11-05,Darjeeling,India
1939,1940,12,ACTRESS IN A SUPPORTING ROLE,Hattie McDaniel,Gone with the Wind,1893-06-10,Wichita,United States
1939,1940,12,ART DIRECTION,Lyle Wheeler,Gone with the Wind,,,
1939,1940,12,CINEMATOGRAPHY (Black-and-White),Gregg Toland,Wuthering Heights,1904-05-29,Charleston,United States
1939,1940,12,CINEMATOGRAPHY (Color),Ernest Haller,Gone with the Wind,1896-05-31,Los Angeles,United States
1939,1940,12,CINEMATOGRAPHY (Color),Ray Rennahan,Gone with the Wind,1896-05-01,Las Vegas,United States
1939,1940,12,DIRECTING,Victor Fleming,Gone with the Wind,1889-02-23,Pasadena,United States
1939,1940,12,FILM EDITING,Hal C. Kern,Gone with the Wind,1894-07-14,Anaconda,United States
1939,1940,12,FILM EDITING,James E. Newcom,Gone with the Wind,1905-08-29,Indiana,United States
1939,1940,12,MUSIC (Original Score),Herbert Stothart,The Wizard of Oz,1885-09-11,Milwaukee,United States
1939,1940,12,MUSIC (Scoring),Richard Hageman,Stagecoach,1881-07-09,Leeuwarden,Netherlands
1939,1940,12,MUSIC (Scoring),Frank Harling,Stagecoach,,,
1939,1940,12,MUSIC (Scoring),John Leipold,Stagecoach,1888-02-26,Ulster County,United States
1939,1940,12,MUSIC (Scoring),Leo Shuken,Stagecoach,1906-12-08,Los Angeles,United States
1939,1940,12,MUSIC (Song),Harold Arlen,The Wizard of Oz,1905-02-15,Buffalo,United States
1939,1940,12,MUSIC (Song),E. Y. Harburg,The Wizard of Oz,,,
1939,1940,12,OUTSTANDING PRODUCTION,Selznick International Pictures,Gone with the Wind,,,
1939,1940,12,SHORT SUBJECT (Cartoon),Walt Disney,The Ugly Duckling,1901-12-05,Chicago,United States
1939,1940,12,SHORT SUBJECT (Cartoon),Producer,The Ugly Duckling,,,
1939,1940,12,SHORT SUBJECT (One-reel),Paramount,Busy Little Bears,,,
1939,1940,12,SHORT SUBJECT (Two-reel),Warner Bros.,Sons of Liberty,,,
1939,1940,12,SOUND RECORDING,Universal Studio Sound Department,When Tomorrow Comes,,,
1939,1940,12,SOUND RECORDING,Bernard B. Brown,When Tomorrow Comes,1898-07-24,Wisconsin,United States
1939,1940,12,SOUND RECORDING,Sound Director,When Tomorrow Comes,,,
1939,1940,12,SPECIAL EFFECTS,Fred Sersen,The Rains Came,1890-02-25,Veselí nad Moravou,Czech Republic
1939,1940,12,SPECIAL EFFECTS,E. H. Hansen,The Rains Came,,,
1939,1940,12,WRITING (Original Story),Lewis R. Foster,Mr. Smith Goes to Washington,,,
1939,1940,12,WRITING (Screenplay),Sidney Howard,Gone with the Wind,1891-06-26,Oakland,United States
1939,1940,12,SPECIAL AWARD,Douglas Fairbanks (Commemorative Award) - recognizing the unique and outstanding contribution of Douglas Fairbanks,,,,
1939,1940,12,SPECIAL AWARD,The Motion Picture Relief Fund - acknowledging the outstanding services to the industry during the past year of the Motion Picture Relief Fund and its progressive leadership.  Presented to Jean Hersholt,,,,
1939,1940,12,SPECIAL AWARD,Judy Garland for her outstanding performance as a screen juvenile during the past year.,,1922-06-10,Grand Rapids,United States
1939,1940,12,SPECIAL AWARD,William Cameron Menzies for outstanding achievement in the use of color for the enhancement of dramatic mood in the production of Gone with the Wind.,,1896-07-29,New Haven,United States
1939,1940,12,SPECIAL AWARD,the Technicolor Company for its contributions in successfully bringing three-color feature production to the screen.,,,,
1939,1940,12,IRVING G. THALBERG MEMORIAL AWARD,David O. Selznick,,,,
1940,1941,13,ACTOR,James Stewart,The Philadelphia Story,1908-05-20,Indiana,United States
1940,1941,13,ACTOR IN A SUPPORTING ROLE,Walter Brennan,The Westerner,1894-07-25,Lynn,United States
1940,1941,13,ACTRESS,Ginger Rogers,Kitty Foyle,1911-07-16,Independence,United States
1940,1941,13,ACTRESS IN A SUPPORTING ROLE,Jane Darwell,The Grapes of Wrath,1879-10-15,Marion County,United States
1940,1941,13,ART DIRECTION (Black-and-White),Cedric Gibbons,Pride and Prejudice,1893-03-23,Dublin,Ireland
1940,1941,13,ART DIRECTION (Black-and-White),Paul Groesse,Pride and Prejudice,1906-02-28,Austria–Hungary,Austria–Hungary
1940,1941,13,ART DIRECTION (Color),Vincent Korda,The Thief of Bagdad,1897-06-22,Túrkeve,Hungary
1940,1941,13,CINEMATOGRAPHY (Black-and-White),George Barnes,Rebecca,1892-10-16,Pasadena,United States
1940,1941,13,CINEMATOGRAPHY (Color),Georges Périnal,The Thief of Bagdad,1897-01-01,Paris,France
1940,1941,13,DIRECTING,John Ford,The Grapes of Wrath,1894-02-01,Cape Elizabeth,United States
1940,1941,13,FILM EDITING,Anne Bauchens,North West Mounted Police,1882-02-02,St. Louis,United States
1940,1941,13,MUSIC (Original Score),Leigh Harline,Pinocchio,1907-03-26,Salt Lake City,United States
1940,1941,13,MUSIC (Original Score),Paul J. Smith,Pinocchio,,,
1940,1941,13,MUSIC (Original Score),Ned Washington,Pinocchio,1901-08-15,Scranton,United States
1940,1941,13,MUSIC (Scoring),Alfred Newman,Tin Pan Alley,1900-03-17,New Haven,United States
1940,1941,13,MUSIC (Song),Leigh Harline,Pinocchio,1907-03-26,Salt Lake City,United States
1940,1941,13,MUSIC (Song),Ned Washington,Pinocchio,1901-08-15,Scranton,United States
1940,1941,13,OUTSTANDING PRODUCTION,Selznick International Pictures,Rebecca,,,
1940,1941,13,SHORT SUBJECT (Cartoon),Metro-Goldwyn-Mayer,The Milky Way,,,
1940,1941,13,SHORT SUBJECT (One-reel),Pete Smith,Quicker 'N a Wink,1892-09-04,New York City,United States
1940,1941,13,SHORT SUBJECT (One-reel),Producer,Quicker 'N a Wink,,,
1940,1941,13,SHORT SUBJECT (Two-reel),Warner Bros.,"Teddy, the Rough Rider",,,
1940,1941,13,SOUND RECORDING,Metro-Goldwyn-Mayer Studio Sound Department,Strike Up the Band,,,
1940,1941,13,SOUND RECORDING,Douglas Shearer,Strike Up the Band,1899-11-17,Westmount,Canada
1940,1941,13,SOUND RECORDING,Sound Director,Strike Up the Band,,,
1940,1941,13,SPECIAL EFFECTS,Lawrence Butler,The Thief of Bagdad,,,
1940,1941,13,SPECIAL EFFECTS,Jack Whitney,The Thief of Bagdad,1905-02-21,Iowa,United States
1940,1941,13,WRITING (Original Screenplay),Preston Sturges,The Great McGinty,1898-08-29,Chicago,United States
1940,1941,13,WRITING (Original Story),Benjamin Glazer,"Arise, My Love",1887-05-07,Belfast,United Kingdom
1940,1941,13,WRITING (Original Story),John S. Toldy,"Arise, My Love",,,
1940,1941,13,WRITING (Screenplay),Donald Ogden Stewart,The Philadelphia Story,1894-11-30,Columbus,United States
1940,1941,13,SPECIAL AWARD,Bob Hope,,1903-05-29,Q2057625,United Kingdom
1940,1941,13,SPECIAL AWARD,Colonel Nathan Levinson for his outstanding service to the industry and the Army during the past nine years,,,,
1941,1942,14,ACTOR,Gary Cooper,Sergeant York,1901-05-07,Helena,United States
1941,1942,14,ACTOR IN A SUPPORTING ROLE,Donald Crisp,How Green Was My Valley,1882-07-27,Bow,United Kingdom
1941,1942,14,ACTRESS,Joan Fontaine,Suspicion,1917-10-22,Tokyo,Japan
1941,1942,14,ACTRESS IN A SUPPORTING ROLE,Mary Astor,The Great Lie,1906-05-03,Quincy,United States
1941,1942,14,ART DIRECTION (Black-and-White),Art Direction:  Richard Day,How Green Was My Valley,,,
1941,1942,14,ART DIRECTION (Black-and-White),Nathan Juran,How Green Was My Valley,1907-09-01,Gura Humorului,Romania
1941,1942,14,ART DIRECTION (Black-and-White),Interior Decoration:  Thomas Little,How Green Was My Valley,,,
1941,1942,14,ART DIRECTION (Color),Art Direction:  Cedric Gibbons,Blossoms in the Dust,,,
1941,1942,14,ART DIRECTION (Color),Urie McCleary,Blossoms in the Dust,1905-07-10,Arkansas,United States
1941,1942,14,ART DIRECTION (Color),Interior Decoration:  Edwin B. Willis,Blossoms in the Dust,,,
1941,1942,14,CINEMATOGRAPHY (Black-and-White),Arthur Miller,How Green Was My Valley,,,
1941,1942,14,CINEMATOGRAPHY (Color),Ernest Palmer,Blood and Sand,1885-12-06,Kansas City,United States
1941,1942,14,CINEMATOGRAPHY (Color),Ray Rennahan,Blood and Sand,1896-05-01,Las Vegas,United States
1941,1942,14,DIRECTING,John Ford,How Green Was My Valley,1894-02-01,Cape Elizabeth,United States
1941,1942,14,DOCUMENTARY (Short Subject),National Film Board of Canada,Churchill's Island,,,
1941,1942,14,FILM EDITING,William Holmes,Sergeant York,1904-02-23,The Bronx,United States
1941,1942,14,MUSIC (Music Score of a Dramatic Picture),Bernard Herrmann,All That Money Can Buy,1911-06-29,New York City,United States
1941,1942,14,MUSIC (Scoring of a Musical Picture),Frank Churchill,Dumbo,1901-10-20,Rumford,United States
1941,1942,14,MUSIC (Scoring of a Musical Picture),Oliver Wallace,Dumbo,1887-08-06,London,United Kingdom
1941,1942,14,MUSIC (Song),Jerome Kern,Lady Be Good,1885-01-27,Manhattan,United States
1941,1942,14,MUSIC (Song),Oscar Hammerstein II,Lady Be Good,1895-07-12,New York City,United States
1941,1942,14,OUTSTANDING MOTION PICTURE,20th Century-Fox,How Green Was My Valley,,,
1941,1942,14,SHORT SUBJECT (Cartoon),Walt Disney,Lend a Paw,1901-12-05,Chicago,United States
1941,1942,14,SHORT SUBJECT (Cartoon),Producer,Lend a Paw,,,
1941,1942,14,SHORT SUBJECT (One-reel),Metro-Goldwyn-Mayer,Of Pups and Puzzles,,,
1941,1942,14,SHORT SUBJECT (Two-reel),Metro-Goldwyn-Mayer,Main Street on the March!,,,
1941,1942,14,SOUND RECORDING,General Service Sound Department,That Hamilton Woman,,,
1941,1942,14,SOUND RECORDING,Jack Whitney,That Hamilton Woman,1905-02-21,Iowa,United States
1941,1942,14,SOUND RECORDING,Sound Director,That Hamilton Woman,,,
1941,1942,14,SPECIAL EFFECTS,Farciot Edouart,I Wanted Wings,1894-11-05,California,United States
1941,1942,14,SPECIAL EFFECTS,Gordon Jennings,I Wanted Wings,1896-06-25,Salt Lake City,United States
1941,1942,14,SPECIAL EFFECTS,Louis Mesenkop,I Wanted Wings,1903-02-06,Illinois,United States
1941,1942,14,WRITING (Original Screenplay),Herman J. Mankiewicz,Citizen Kane,1897-11-07,New York City,United States
1941,1942,14,WRITING (Original Screenplay),Orson Welles,Citizen Kane,1915-05-06,Kenosha,United States
1941,1942,14,WRITING (Original Story),Harry Segall,Here Comes Mr. Jordan,,,
1941,1942,14,WRITING (Screenplay),Sidney Buchman,Here Comes Mr. Jordan,1902-03-27,Duluth,United States
1941,1942,14,WRITING (Screenplay),Seton I. Miller,Here Comes Mr. Jordan,1902-05-03,Chehalis,United States
1941,1942,14,SPECIAL AWARD,Rey Scott for his extraordinary achievement in producing Kukan,,1905-01-09,St. Louis,United States
1941,1942,14,SPECIAL AWARD,The British Ministry of Information for its vivid and dramatic presentation of the heroism of the RAF in the documentary film,,,,
1941,1942,14,SPECIAL AWARD,Leopold Stokowski and his associates for their unique achievement in the creation of a new form of visualized music in Walt Disney's production,,,,
1941,1942,14,SPECIAL AWARD,Walt Disney,,1901-12-05,Chicago,United States
1941,1942,14,IRVING G. THALBERG MEMORIAL AWARD,Walt Disney,,1901-12-05,Chicago,United States
1942,1943,15,ACTOR,James Cagney,Yankee Doodle Dandy,1899-07-17,Manhattan,United States
1942,1943,15,ACTOR IN A SUPPORTING ROLE,Van Heflin,Johnny Eager,1908-12-13,Walters,United States
1942,1943,15,ACTRESS,Greer Garson,Mrs. Miniver,1904-09-29,London,United Kingdom
1942,1943,15,ACTRESS IN A SUPPORTING ROLE,Teresa Wright,Mrs. Miniver,1918-10-27,New York City,United States
1942,1943,15,ART DIRECTION (Black-and-White),Art Direction:  Richard Day,This above All,,,
1942,1943,15,ART DIRECTION (Black-and-White),Joseph Wright,This above All,,,
1942,1943,15,ART DIRECTION (Black-and-White),Interior Decoration:  Thomas Little,This above All,,,
1942,1943,15,ART DIRECTION (Color),Art Direction:  Richard Day,My Gal Sal,,,
1942,1943,15,ART DIRECTION (Color),Joseph Wright,My Gal Sal,,,
1942,1943,15,ART DIRECTION (Color),Interior Decoration:  Thomas Little,My Gal Sal,,,
1942,1943,15,CINEMATOGRAPHY (Black-and-White),Joseph Ruttenberg,Mrs. Miniver,1889-07-04,Zhytomyr,Ukraine
1942,1943,15,CINEMATOGRAPHY (Color),Leon Shamroy,The Black Swan,1901-07-16,New York City,United States
1942,1943,15,DIRECTING,William Wyler,Mrs. Miniver,1902-07-01,Mulhouse,France
1942,1943,15,DOCUMENTARY,United States Navy,The Battle of Midway,,,
1942,1943,15,DOCUMENTARY,Australian News,Kokoda Front Line!,,,
1942,1943,15,DOCUMENTARY,Information Bureau,Kokoda Front Line!,,,
1942,1943,15,DOCUMENTARY,Artkino,Moscow Strikes Back,,,
1942,1943,15,DOCUMENTARY,United States Army Special Services,Prelude to War,,,
1942,1943,15,FILM EDITING,Daniel Mandell,The Pride of the Yankees,1895-08-13,New York City,United States
1942,1943,15,MUSIC (Music Score of a Dramatic or Comedy Picture),Max Steiner,"Now, Voyager",1888-05-10,Vienna,Austria
1942,1943,15,MUSIC (Scoring of a Musical Picture),Ray Heindorf,Yankee Doodle Dandy,1908-08-25,Rockland County,United States
1942,1943,15,MUSIC (Scoring of a Musical Picture),Heinz Roemheld,Yankee Doodle Dandy,,,
1942,1943,15,MUSIC (Song),Irving Berlin,Holiday Inn,1888-05-11,Talachyn,Belarus
1942,1943,15,OUTSTANDING MOTION PICTURE,Metro-Goldwyn-Mayer,Mrs. Miniver,,,
1942,1943,15,SHORT SUBJECT (Cartoon),Walt Disney,Der Fuehrer's Face,1901-12-05,Chicago,United States
1942,1943,15,SHORT SUBJECT (Cartoon),Producer,Der Fuehrer's Face,,,
1942,1943,15,SHORT SUBJECT (One-reel),Paramount,Speaking of Animals and Their Families,,,
1942,1943,15,SHORT SUBJECT (Two-reel),Warner Bros.,Beyond the Line of Duty,,,
1942,1943,15,SOUND RECORDING,Warner Bros. Studio Sound Department,Yankee Doodle Dandy,,,
1942,1943,15,SOUND RECORDING,Nathan Levinson,Yankee Doodle Dandy,1888-07-15,New York City,United States
1942,1943,15,SOUND RECORDING,Sound Director,Yankee Doodle Dandy,,,
1942,1943,15,SPECIAL EFFECTS,Gordon Jennings,Reap the Wild Wind,1896-06-25,Salt Lake City,United States
1942,1943,15,SPECIAL EFFECTS,Farciot Edouart,Reap the Wild Wind,1894-11-05,California,United States
1942,1943,15,SPECIAL EFFECTS,William L. Pereira,Reap the Wild Wind,,,
1942,1943,15,SPECIAL EFFECTS,Louis Mesenkop,Reap the Wild Wind,1903-02-06,Illinois,United States
1942,1943,15,WRITING (Original Motion Picture Story),Emeric Pressburger,The Invaders,,,
1942,1943,15,WRITING (Original Screenplay),Ring Lardner,Woman of the Year,,,
1942,1943,15,WRITING (Original Screenplay),Jr.,Woman of the Year,,,
1942,1943,15,WRITING (Original Screenplay),Michael Kanin,Woman of the Year,1910-02-01,Rochester,United States
1942,1943,15,WRITING (Screenplay),Arthur Wimperis,Mrs. Miniver,1874-12-03,London,United Kingdom
1942,1943,15,WRITING (Screenplay),George Froeschel,Mrs. Miniver,1891-03-09,Vienna,Austria
1942,1943,15,WRITING (Screenplay),James Hilton,Mrs. Miniver,1900-09-09,Lancashire,United Kingdom
1942,1943,15,WRITING (Screenplay),Claudine West,Mrs. Miniver,1884-01-16,Nottingham,United Kingdom
1942,1943,15,SPECIAL AWARD,Charles Boyer for his progressive cultural achievement in establishing the French Research Foundation in Los Angeles as a source of reference for the Hollywood Motion Picture Industry.,,1899-08-28,Figeac,France
1942,1943,15,SPECIAL AWARD,Noel Coward for his outstanding production achievement in In Which We Serve.,,,,
1942,1943,15,SPECIAL AWARD,"Metro-Goldwyn-Mayer for its achievement in representing the American Way of Life in the production of the ""Andy Hardy"" series of films.",,,,
1942,1943,15,IRVING G. THALBERG MEMORIAL AWARD,Sidney Franklin,,,,
1943,1944,16,ACTOR,Paul Lukas,Watch on the Rhine,1894-05-26,Budapest,Hungary
1943,1944,16,ACTOR IN A SUPPORTING ROLE,Charles Coburn,The More the Merrier,1877-06-19,Savannah,United States
1943,1944,16,ACTRESS,Jennifer Jones,The Song of Bernadette,1919-03-02,Tulsa,United States
1943,1944,16,ACTRESS IN A SUPPORTING ROLE,Katina Paxinou,For Whom the Bell Tolls,1900-12-17,Piraeus,Greece
1943,1944,16,ART DIRECTION (Black-and-White),Art Direction:  James Basevi,The Song of Bernadette,,,
1943,1944,16,ART DIRECTION (Black-and-White),William Darling,The Song of Bernadette,,,
1943,1944,16,ART DIRECTION (Black-and-White),Interior Decoration:  Thomas Little,The Song of Bernadette,,,
1943,1944,16,ART DIRECTION (Color),Art Direction:  John B. Goodman,Phantom of the Opera,,,
1943,1944,16,ART DIRECTION (Color),Alexander Golitzen,Phantom of the Opera,1908-02-28,Moscow,Russia
1943,1944,16,ART DIRECTION (Color),Interior Decoration:  Russell A. Gausman,Phantom of the Opera,,,
1943,1944,16,ART DIRECTION (Color),Ira S. Webb,Phantom of the Opera,1899-05-12,Scottdale,United States
1943,1944,16,CINEMATOGRAPHY (Black-and-White),Arthur Miller,The Song of Bernadette,,,
1943,1944,16,CINEMATOGRAPHY (Color),Hal Mohr,Phantom of the Opera,1894-08-02,San Francisco,United States
1943,1944,16,CINEMATOGRAPHY (Color),W. Howard Greene,Phantom of the Opera,1895-08-16,Kent County,United States
1943,1944,16,DIRECTING,Michael Curtiz,Casablanca,1886-12-25,Budapest,Hungary
1943,1944,16,DOCUMENTARY (Feature),British Ministry of Information,Desert Victory,,,
1943,1944,16,DOCUMENTARY (Short Subject),United States Navy,December 7th,,,
1943,1944,16,FILM EDITING,George Amy,Air Force,1903-10-15,Brooklyn,United States
1943,1944,16,MUSIC (Music Score of a Dramatic or Comedy Picture),Alfred Newman,The Song of Bernadette,1900-03-17,New Haven,United States
1943,1944,16,MUSIC (Scoring of a Musical Picture),Ray Heindorf,This Is the Army,1908-08-25,Rockland County,United States
1943,1944,16,MUSIC (Song),Harry Warren,"Hello, Frisco, Hello",1893-12-24,Brooklyn,United States
1943,1944,16,MUSIC (Song),Mack Gordon,"Hello, Frisco, Hello",1904-06-21,Warsaw,Poland
1943,1944,16,OUTSTANDING MOTION PICTURE,Warner Bros.,Casablanca,,,
1943,1944,16,SHORT SUBJECT (Cartoon),Frederick Quimby,Yankee Doodle Mouse,,,
1943,1944,16,SHORT SUBJECT (Cartoon),Producer,Yankee Doodle Mouse,,,
1943,1944,16,SHORT SUBJECT (One-reel),Grantland Rice,Amphibious Fighters,1880-11-01,Murfreesboro,United States
1943,1944,16,SHORT SUBJECT (One-reel),Producer,Amphibious Fighters,,,
1943,1944,16,SHORT SUBJECT (Two-reel),Jerry Bresler and Sam Coslow,Heavenly Music,,,
1943,1944,16,SHORT SUBJECT (Two-reel),Producers,Heavenly Music,,,
1943,1944,16,SOUND RECORDING,RKO Radio Studio Sound Department,This Land Is Mine,,,
1943,1944,16,SOUND RECORDING,Stephen Dunn,This Land Is Mine,1894-12-26,Modesto,United States
1943,1944,16,SOUND RECORDING,Sound Director,This Land Is Mine,,,
1943,1944,16,SPECIAL EFFECTS,Fred Sersen,Crash Dive,1890-02-25,Veselí nad Moravou,Czech Republic
1943,1944,16,SPECIAL EFFECTS,Roger Heman,Crash Dive,1932-03-28,Los Angeles,United States
1943,1944,16,WRITING (Original Motion Picture Story),William Saroyan,The Human Comedy,,,
1943,1944,16,WRITING (Original Screenplay),Norman Krasna,Princess O'Rourke,1909-11-07,Queens,United States
1943,1944,16,WRITING (Screenplay),Julius J. Epstein,Casablanca,1909-08-22,New York City,United States
1943,1944,16,WRITING (Screenplay),Philip G. Epstein,Casablanca,1909-08-22,New York City,United States
1943,1944,16,WRITING (Screenplay),Howard Koch,Casablanca,1901-12-12,New York City,United States
1943,1944,16,SPECIAL AWARD,George Pal for the development of novel methods and techniques in the production of short subjects known as Puppetoons.,,1908-02-01,Cegléd,Hungary
1943,1944,16,IRVING G. THALBERG MEMORIAL AWARD,Hal B. Wallis,,1899-09-14,Chicago,United States
1944,1945,17,ACTOR,Bing Crosby,Going My Way,1903-05-03,Tacoma,United States
1944,1945,17,ACTOR IN A SUPPORTING ROLE,Barry Fitzgerald,Going My Way,1888-03-10,Dublin,Ireland
1944,1945,17,ACTRESS,Ingrid Bergman,Gaslight,1915-08-29,Hedvig Eleonora parish,Sweden
1944,1945,17,ACTRESS IN A SUPPORTING ROLE,Ethel Barrymore,None but the Lonely Heart,1879-08-15,Philadelphia,United States
1944,1945,17,ART DIRECTION (Black-and-White),Art Direction:  Cedric Gibbons,Gaslight,,,
1944,1945,17,ART DIRECTION (Black-and-White),William Ferrari,Gaslight,1901-04-21,Argentina,Argentina
1944,1945,17,ART DIRECTION (Black-and-White),Interior Decoration:  Edwin B. Willis,Gaslight,,,
1944,1945,17,ART DIRECTION (Black-and-White),Paul Huldschinsky,Gaslight,1889-08-18,Berlin,Germany
1944,1945,17,ART DIRECTION (Color),Art Direction:  Wiard Ihnen,Wilson,,,
1944,1945,17,ART DIRECTION (Color),Interior Decoration:  Thomas Little,Wilson,,,
1944,1945,17,CINEMATOGRAPHY (Black-and-White),Joseph LaShelle,Laura,1900-07-09,Los Angeles,United States
1944,1945,17,CINEMATOGRAPHY (Color),Leon Shamroy,Wilson,1901-07-16,New York City,United States
1944,1945,17,DIRECTING,Leo McCarey,Going My Way,1898-10-03,Los Angeles,United States
1944,1945,17,DOCUMENTARY (Feature),United States Navy,The Fighting Lady,,,
1944,1945,17,DOCUMENTARY (Short Subject),United States Marine Corps,With the Marines at Tarawa,,,
1944,1945,17,FILM EDITING,Barbara McLean,Wilson,1903-11-16,Palisades Park,United States
1944,1945,17,MUSIC (Music Score of a Dramatic or Comedy Picture),Max Steiner,Since You Went Away,1888-05-10,Vienna,Austria
1944,1945,17,MUSIC (Scoring of a Musical Picture),Morris Stoloff,Cover Girl,1898-08-01,Philadelphia,United States
1944,1945,17,MUSIC (Scoring of a Musical Picture),Carmen Dragon,Cover Girl,1914-07-28,Antioch,United States
1944,1945,17,MUSIC (Song),James Van Heusen,Going My Way,,,
1944,1945,17,MUSIC (Song),Johnny Burke,Going My Way,1908-10-03,Antioch,United States
1944,1945,17,BEST MOTION PICTURE,Paramount,Going My Way,,,
1944,1945,17,SHORT SUBJECT (Cartoon),Frederick C. Quimby,Mouse Trouble,,,
1944,1945,17,SHORT SUBJECT (Cartoon),Producer,Mouse Trouble,,,
1944,1945,17,SHORT SUBJECT (One-reel),Jerry Fairbanks,Who's Who in Animal Land,1904-11-01,San Francisco,United States
1944,1945,17,SHORT SUBJECT (One-reel),Producer,Who's Who in Animal Land,,,
1944,1945,17,SHORT SUBJECT (Two-reel),Gordon Hollingshead,I Won't Play,1892-01-08,Garfield,United States
1944,1945,17,SHORT SUBJECT (Two-reel),Producer,I Won't Play,,,
1944,1945,17,SOUND RECORDING,20th Century-Fox Studio Sound Department,Wilson,,,
1944,1945,17,SOUND RECORDING,E. H. Hansen,Wilson,,,
1944,1945,17,SOUND RECORDING,Sound Director,Wilson,,,
1944,1945,17,SPECIAL EFFECTS,A. Arnold Gillespie,Thirty Seconds over Tokyo,,,
1944,1945,17,SPECIAL EFFECTS,Donald Jahraus,Thirty Seconds over Tokyo,1892-07-13,Salt Lake City,United States
1944,1945,17,SPECIAL EFFECTS,Warren Newcombe,Thirty Seconds over Tokyo,1894-04-28,Waltham,United States
1944,1945,17,SPECIAL EFFECTS,Douglas Shearer,Thirty Seconds over Tokyo,1899-11-17,Westmount,Canada
1944,1945,17,WRITING (Original Motion Picture Story),Leo McCarey,Going My Way,1898-10-03,Los Angeles,United States
1944,1945,17,WRITING (Original Screenplay),Lamar Trotti,Wilson,1900-10-18,Atlanta,United States
1944,1945,17,WRITING (Screenplay),Frank Butler,Going My Way,1890-12-28,Oxford,United Kingdom
1944,1945,17,WRITING (Screenplay),Frank Cavett,Going My Way,1905-12-27,Ohio,United States
1944,1945,17,SPECIAL AWARD,Margaret O'Brien,,1937-01-15,San Diego,United States
1944,1945,17,SPECIAL AWARD,Bob Hope for his many services to the Academy.,,1903-05-29,Q2057625,United Kingdom
1944,1945,17,IRVING G. THALBERG MEMORIAL AWARD,Darryl F. Zanuck,,1902-09-05,Wahoo,United States
1945,1946,18,ACTOR,Ray Milland,The Lost Weekend,1907-01-03,Neath,United Kingdom
1945,1946,18,ACTOR IN A SUPPORTING ROLE,James Dunn,A Tree Grows in Brooklyn,1901-11-02,New York City,United States
1945,1946,18,ACTRESS,Joan Crawford,Mildred Pierce,1906-03-23,San Antonio,United States
1945,1946,18,ACTRESS IN A SUPPORTING ROLE,Anne Revere,National Velvet,1903-06-25,New York City,United States
1945,1946,18,ART DIRECTION (Black-and-White),Art Direction:  Wiard Ihnen,Blood on the Sun,,,
1945,1946,18,ART DIRECTION (Black-and-White),Interior Decoration:  A. Roland Fields,Blood on the Sun,,,
1945,1946,18,ART DIRECTION (Color),Art Direction:  Hans Dreier,Frenchman's Creek,,,
1945,1946,18,ART DIRECTION (Color),Ernst Fegte,Frenchman's Creek,,,
1945,1946,18,ART DIRECTION (Color),Interior Decoration:  Sam Comer,Frenchman's Creek,,,
1945,1946,18,CINEMATOGRAPHY (Black-and-White),Harry Stradling,The Picture of Dorian Gray,1901-09-01,Newark,United States
1945,1946,18,CINEMATOGRAPHY (Color),Leon Shamroy,Leave Her to Heaven,1901-07-16,New York City,United States
1945,1946,18,DIRECTING,Billy Wilder,The Lost Weekend,1906-06-22,Sucha Beskidzka,Poland
1945,1946,18,DOCUMENTARY (Feature),The Governments of Great Britain and the United States of America,The True Glory,,,
1945,1946,18,DOCUMENTARY (Short Subject),Gordon Hollingshead,Hitler Lives?,1892-01-08,Garfield,United States
1945,1946,18,DOCUMENTARY (Short Subject),Producer,Hitler Lives?,,,
1945,1946,18,FILM EDITING,Robert J. Kern,National Velvet,1885-03-29,Wilton,United States
1945,1946,18,MUSIC (Music Score of a Dramatic or Comedy Picture),Miklos Rozsa,Spellbound,,,
1945,1946,18,MUSIC (Scoring of a Musical Picture),Georgie Stoll,Anchors Aweigh,1905-05-07,Minneapolis,United States
1945,1946,18,MUSIC (Song),Richard Rodgers,State Fair,1902-06-28,Queens,United States
1945,1946,18,MUSIC (Song),Oscar Hammerstein II,State Fair,1895-07-12,New York City,United States
1945,1946,18,BEST MOTION PICTURE,Paramount,The Lost Weekend,,,
1945,1946,18,SHORT SUBJECT (Cartoon),Frederick Quimby,Quiet Please!,,,
1945,1946,18,SHORT SUBJECT (Cartoon),Producer,Quiet Please!,,,
1945,1946,18,SHORT SUBJECT (One-reel),Herbert Moulton,Stairway to Light,1922-09-16,United States,United States
1945,1946,18,SHORT SUBJECT (One-reel),Producer,Stairway to Light,,,
1945,1946,18,SHORT SUBJECT (One-reel),Jerry Bresler,Stairway to Light,,,
1945,1946,18,SHORT SUBJECT (One-reel),Executive Producer,Stairway to Light,,,
1945,1946,18,SHORT SUBJECT (Two-reel),Gordon Hollingshead,Star in the Night,1892-01-08,Garfield,United States
1945,1946,18,SHORT SUBJECT (Two-reel),Producer,Star in the Night,,,
1945,1946,18,SOUND RECORDING,RKO Radio Studio Sound Department,The Bells of St. Mary's,,,
1945,1946,18,SOUND RECORDING,Stephen Dunn,The Bells of St. Mary's,1894-12-26,Modesto,United States
1945,1946,18,SOUND RECORDING,Sound Director,The Bells of St. Mary's,,,
1945,1946,18,SPECIAL EFFECTS,John Fulton,Wonder Man,,,
1945,1946,18,SPECIAL EFFECTS,Arthur W. Johns,Wonder Man,,,
1945,1946,18,WRITING (Original Motion Picture Story),Charles G. Booth,The House on 92nd Street,,,
1945,1946,18,WRITING (Original Screenplay),Richard Schweizer,Marie-Louise,1900-12-23,Zurich,Switzerland
1945,1946,18,WRITING (Screenplay),Charles Brackett,The Lost Weekend,1892-11-26,Saratoga Springs,United States
1945,1946,18,WRITING (Screenplay),Billy Wilder,The Lost Weekend,1906-06-22,Sucha Beskidzka,Poland
1945,1946,18,SPECIAL AWARD,Walter Wanger for his six years service as President of the Academy of Motion Picture Arts and Sciences.,,1894-07-11,San Francisco,United States
1945,1946,18,SPECIAL AWARD,Peggy Ann Garner,,1932-02-03,Canton,United States
1945,1946,18,SPECIAL AWARD,The House I Live In,,,,
1945,1946,18,SPECIAL AWARD,Republic Studio,,,,
1946,1947,19,ACTOR,Fredric March,The Best Years of Our Lives,1897-08-31,Racine,United States
1946,1947,19,ACTOR IN A SUPPORTING ROLE,Harold Russell,The Best Years of Our Lives,1914-01-14,Sydney,Canada
1946,1947,19,ACTRESS,Olivia de Havilland,To Each His Own,1916-07-01,Tokyo,Japan
1946,1947,19,ACTRESS IN A SUPPORTING ROLE,Anne Baxter,The Razor's Edge,1923-05-07,Michigan City,United States
1946,1947,19,ART DIRECTION (Black-and-White),Art Direction:  Lyle Wheeler,Anna and the King of Siam,,,
1946,1947,19,ART DIRECTION (Black-and-White),William Darling,Anna and the King of Siam,,,
1946,1947,19,ART DIRECTION (Black-and-White),Interior Decoration:  Thomas Little,Anna and the King of Siam,,,
1946,1947,19,ART DIRECTION (Black-and-White),Frank E. Hughes,Anna and the King of Siam,1893-06-14,Kern County,United States
1946,1947,19,ART DIRECTION (Color),Art Direction:  Cedric Gibbons,The Yearling,,,
1946,1947,19,ART DIRECTION (Color),Paul Groesse,The Yearling,1906-02-28,Austria–Hungary,Austria–Hungary
1946,1947,19,ART DIRECTION (Color),Interior Decoration:  Edwin B. Willis,The Yearling,,,
1946,1947,19,CINEMATOGRAPHY (Black-and-White),Arthur Miller,Anna and the King of Siam,,,
1946,1947,19,CINEMATOGRAPHY (Color),Charles Rosher,The Yearling,1885-11-17,London,United Kingdom
1946,1947,19,CINEMATOGRAPHY (Color),Leonard Smith,The Yearling,1894-04-19,Brooklyn,United States
1946,1947,19,CINEMATOGRAPHY (Color),Arthur Arling,The Yearling,,,
1946,1947,19,DIRECTING,William Wyler,The Best Years of Our Lives,1902-07-01,Mulhouse,France
1946,1947,19,DOCUMENTARY (Short Subject),United States Department of War,Seeds of Destiny,,,
1946,1947,19,FILM EDITING,Daniel Mandell,The Best Years of Our Lives,1895-08-13,New York City,United States
1946,1947,19,MUSIC (Music Score of a Dramatic or Comedy Picture),Hugo Friedhofer,The Best Years of Our Lives,1901-05-03,San Francisco,United States
1946,1947,19,MUSIC (Scoring of a Musical Picture),Morris Stoloff,The Jolson Story,1898-08-01,Philadelphia,United States
1946,1947,19,MUSIC (Song),Harry Warren,The Harvey Girls,1893-12-24,Brooklyn,United States
1946,1947,19,MUSIC (Song),Johnny Mercer,The Harvey Girls,1909-11-18,Savannah,United States
1946,1947,19,BEST MOTION PICTURE,Samuel Goldwyn Productions,The Best Years of Our Lives,,,
1946,1947,19,SHORT SUBJECT (Cartoon),Frederick Quimby,The Cat Concerto,,,
1946,1947,19,SHORT SUBJECT (Cartoon),Producer,The Cat Concerto,,,
1946,1947,19,SHORT SUBJECT (One-reel),Gordon Hollingshead,Facing Your Danger,1892-01-08,Garfield,United States
1946,1947,19,SHORT SUBJECT (One-reel),Producer,Facing Your Danger,,,
1946,1947,19,SHORT SUBJECT (Two-reel),Gordon Hollingshead,A Boy and His Dog,1892-01-08,Garfield,United States
1946,1947,19,SHORT SUBJECT (Two-reel),Producer,A Boy and His Dog,,,
1946,1947,19,SOUND RECORDING,Columbia Studio Sound Department,The Jolson Story,,,
1946,1947,19,SOUND RECORDING,John Livadary,The Jolson Story,,,
1946,1947,19,SOUND RECORDING,Sound Director,The Jolson Story,,,
1946,1947,19,SPECIAL EFFECTS,Thomas Howard,Blithe Spirit,,,
1946,1947,19,WRITING (Original Motion Picture Story),Clemence Dane,Vacation from Marriage,,,
1946,1947,19,WRITING (Original Screenplay),Muriel Box,The Seventh Veil,1905-09-22,Royal Borough of Kingston upon Thames,United Kingdom
1946,1947,19,WRITING (Original Screenplay),Sydney Box,The Seventh Veil,1907-04-29,Beckenham,United Kingdom
1946,1947,19,WRITING (Screenplay),Robert E. Sherwood,The Best Years of Our Lives,1896-04-04,New Rochelle,United States
1946,1947,19,SPECIAL AWARD,Laurence Olivier for his outstanding achievement as actor,,1907-05-22,Dorking,United Kingdom
1946,1947,19,SPECIAL AWARD,Harold Russell for bringing hope and courage to his fellow veterans through his appearance in The Best Years of Our Lives.,,1914-01-14,Sydney,Canada
1946,1947,19,SPECIAL AWARD,Ernst Lubitsch for his distinguished contributions to the art of the motion picture.,,1892-01-29,Berlin,Germany
1946,1947,19,SPECIAL AWARD,Claude Jarman,,,,
1946,1947,19,IRVING G. THALBERG MEMORIAL AWARD,Samuel Goldwyn,,,,
1947,1948,20,ACTOR,Ronald Colman,A Double Life,1891-02-09,Richmond,United Kingdom
1947,1948,20,ACTOR IN A SUPPORTING ROLE,Edmund Gwenn,Miracle on 34th Street,1877-09-26,London,United Kingdom
1947,1948,20,ACTRESS,Loretta Young,The Farmer's Daughter,1913-01-06,Salt Lake City,United States
1947,1948,20,ACTRESS IN A SUPPORTING ROLE,Celeste Holm,Gentleman's Agreement,1917-04-29,New York City,United States
1947,1948,20,ART DIRECTION (Black-and-White),Art Direction:  John Bryan,Great Expectations,,,
1947,1948,20,ART DIRECTION (Black-and-White),Set Decoration:  Wilfred Shingleton,Great Expectations,,,
1947,1948,20,ART DIRECTION (Color),Art Direction:  Alfred Junge,Black Narcissus,,,
1947,1948,20,ART DIRECTION (Color),Set Decoration:  Alfred Junge,Black Narcissus,,,
1947,1948,20,CINEMATOGRAPHY (Black-and-White),Guy Green,Great Expectations,1913-11-05,Somerset,United Kingdom
1947,1948,20,CINEMATOGRAPHY (Color),Jack Cardiff,Black Narcissus,1914-09-18,Great Yarmouth,United Kingdom
1947,1948,20,DIRECTING,Elia Kazan,Gentleman's Agreement,1909-09-07,Constantinople,Turkey
1947,1948,20,DOCUMENTARY (Feature),Sid Rogell,Design for Death,1900-01-16,St. Joseph,United States
1947,1948,20,DOCUMENTARY (Feature),Executive Producer,Design for Death,,,
1947,1948,20,DOCUMENTARY (Feature),Theron Warth and Richard O. Fleischer,Design for Death,,,
1947,1948,20,DOCUMENTARY (Feature),Producers,Design for Death,,,
1947,1948,20,DOCUMENTARY (Short Subject),United Nations Division of Films and Visual Information,First Steps,,,
1947,1948,20,FILM EDITING,Francis Lyon,Body and Soul,,,
1947,1948,20,FILM EDITING,Robert Parrish,Body and Soul,1916-01-04,Columbus,United States
1947,1948,20,MUSIC (Music Score of a Dramatic or Comedy Picture),Dr. Miklos Rozsa,A Double Life,,,
1947,1948,20,MUSIC (Scoring of a Musical Picture),Alfred Newman,Mother Wore Tights,1900-03-17,New Haven,United States
1947,1948,20,MUSIC (Song),Allie Wrubel,Song of the South,1905-01-15,Middletown,United States
1947,1948,20,MUSIC (Song),Ray Gilbert,Song of the South,1912-09-05,Hartford,United States
1947,1948,20,BEST MOTION PICTURE,20th Century-Fox,Gentleman's Agreement,,,
1947,1948,20,SHORT SUBJECT (Cartoon),Edward Selzer,Tweetie Pie,,,
1947,1948,20,SHORT SUBJECT (Cartoon),Producer,Tweetie Pie,,,
1947,1948,20,SHORT SUBJECT (One-reel),Herbert Moulton,Good-bye Miss Turlock,1922-09-16,United States,United States
1947,1948,20,SHORT SUBJECT (One-reel),Producer,Good-bye Miss Turlock,,,
1947,1948,20,SHORT SUBJECT (Two-reel),Irving Allen,Climbing the Matterhorn,,,
1947,1948,20,SHORT SUBJECT (Two-reel),Producer,Climbing the Matterhorn,,,
1947,1948,20,SOUND RECORDING,Samuel Goldwyn Studio Sound Department,The Bishop's Wife,,,
1947,1948,20,SOUND RECORDING,Gordon Sawyer,The Bishop's Wife,,,
1947,1948,20,SOUND RECORDING,Sound Director,The Bishop's Wife,,,
1947,1948,20,SPECIAL EFFECTS,A. Arnold Gillespie,Green Dolphin Street,,,
1947,1948,20,SPECIAL EFFECTS,Warren Newcombe,Green Dolphin Street,1894-04-28,Waltham,United States
1947,1948,20,SPECIAL EFFECTS,Douglas Shearer,Green Dolphin Street,1899-11-17,Westmount,Canada
1947,1948,20,SPECIAL EFFECTS,Michael Steinore,Green Dolphin Street,1901-01-01,New York City,United States
1947,1948,20,WRITING (Motion Picture Story),Valentine Davies,Miracle on 34th Street,,,
1947,1948,20,WRITING (Original Screenplay),Sidney Sheldon,The Bachelor and the Bobby-Soxer,1917-02-11,Chicago,United States
1947,1948,20,WRITING (Screenplay),George Seaton,Miracle on 34th Street,1911-04-17,South Bend,United States
1947,1948,20,SPECIAL AWARD,James Baskett for his able and heart-warming characterization of Uncle Remus,,1904-02-16,Indianapolis,United States
1947,1948,20,SPECIAL AWARD,Bill and Coo,,,,
1947,1948,20,SPECIAL AWARD,Shoe-Shine - the high quality of this motion picture,,,,
1947,1948,20,SPECIAL AWARD,Colonel William N. Selig,,,,
1948,1949,21,ACTOR,Laurence Olivier,Hamlet,1907-05-22,Dorking,United Kingdom
1948,1949,21,ACTOR IN A SUPPORTING ROLE,Walter Huston,The Treasure of the Sierra Madre,1884-04-06,Toronto,Canada
1948,1949,21,ACTRESS,Jane Wyman,Johnny Belinda,1917-01-05,St. Joseph,United States
1948,1949,21,ACTRESS IN A SUPPORTING ROLE,Claire Trevor,Key Largo,1910-03-08,Bensonhurst,United States
1948,1949,21,ART DIRECTION (Black-and-White),Art Direction:  Roger K. Furse,Hamlet,,,
1948,1949,21,ART DIRECTION (Black-and-White),Set Decoration:  Carmen Dillon,Hamlet,,,
1948,1949,21,ART DIRECTION (Color),Art Direction:  Hein Heckroth,The Red Shoes,,,
1948,1949,21,ART DIRECTION (Color),Set Decoration:  Arthur Lawson,The Red Shoes,,,
1948,1949,21,CINEMATOGRAPHY (Black-and-White),William Daniels,The Naked City,,,
1948,1949,21,CINEMATOGRAPHY (Color),Joseph Valentine,Joan of Arc,,,
1948,1949,21,CINEMATOGRAPHY (Color),William V. Skall,Joan of Arc,1898-01-01,Chicago,United States
1948,1949,21,CINEMATOGRAPHY (Color),Winton Hoch,Joan of Arc,1905-07-31,Storm Lake,United States
1948,1949,21,COSTUME DESIGN (Black-and-White),Roger K. Furse,Hamlet,,,
1948,1949,21,COSTUME DESIGN (Color),Dorothy Jeakins,Joan of Arc,1914-01-11,San Diego,United States
1948,1949,21,COSTUME DESIGN (Color),Karinska,Joan of Arc,,,
1948,1949,21,DIRECTING,John Huston,The Treasure of the Sierra Madre,1906-08-05,Nevada,United States
1948,1949,21,DOCUMENTARY (Feature),Orville O. Dull,The Secret Land,1888-04-25,Lima,United States
1948,1949,21,DOCUMENTARY (Feature),Producer,The Secret Land,,,
1948,1949,21,DOCUMENTARY (Short Subject),United States Army,Toward Independence,,,
1948,1949,21,FILM EDITING,Paul Weatherwax,The Naked City,1900-07-08,Sturgis,United States
1948,1949,21,MUSIC (Music Score of a Dramatic or Comedy Picture),Brian Easdale,The Red Shoes,1909-08-10,Manchester,United Kingdom
1948,1949,21,MUSIC (Scoring of a Musical Picture),Johnny Green,Easter Parade,1908-10-10,Far Rockaway,United States
1948,1949,21,MUSIC (Scoring of a Musical Picture),Roger Edens,Easter Parade,1905-11-09,Hillsboro,United States
1948,1949,21,MUSIC (Song),Jay Livingston and Ray Evans,The Paleface,,,
1948,1949,21,BEST MOTION PICTURE,J. Arthur Rank-Two Cities Films,Hamlet,,,
1948,1949,21,SHORT SUBJECT (Cartoon),Fred Quimby,The Little Orphan,1886-07-31,Minneapolis,United States
1948,1949,21,SHORT SUBJECT (Cartoon),Producer,The Little Orphan,,,
1948,1949,21,SHORT SUBJECT (One-reel),Edmund H. Reek,Symphony of a City,,,
1948,1949,21,SHORT SUBJECT (One-reel),Producer,Symphony of a City,,,
1948,1949,21,SHORT SUBJECT (Two-reel),Walt Disney,Seal Island,1901-12-05,Chicago,United States
1948,1949,21,SHORT SUBJECT (Two-reel),Producer,Seal Island,,,
1948,1949,21,SOUND RECORDING,20th Century-Fox Studio Sound Department,The Snake Pit,,,
1948,1949,21,SOUND RECORDING,Thomas T. Moulton,The Snake Pit,1896-01-01,Wausau,United States
1948,1949,21,SOUND RECORDING,Sound Director,The Snake Pit,,,
1948,1949,21,SPECIAL EFFECTS,Paul Eagler,Portrait of Jennie,1890-09-24,Newman,United States
1948,1949,21,SPECIAL EFFECTS,J. McMillan Johnson,Portrait of Jennie,,,
1948,1949,21,SPECIAL EFFECTS,Russell Shearman,Portrait of Jennie,,,
1948,1949,21,SPECIAL EFFECTS,Clarence Slifer,Portrait of Jennie,1904-08-31,,
1948,1949,21,SPECIAL EFFECTS,Charles Freeman,Portrait of Jennie,,,
1948,1949,21,SPECIAL EFFECTS,James G. Stewart,Portrait of Jennie,1907-05-21,Pennsylvania,United States
1948,1949,21,WRITING (Motion Picture Story),Richard Schweizer,The Search,1900-12-23,Zurich,Switzerland
1948,1949,21,WRITING (Motion Picture Story),David Wechsler,The Search,,,
1948,1949,21,WRITING (Screenplay),John Huston,The Treasure of the Sierra Madre,1906-08-05,Nevada,United States
1948,1949,21,SPECIAL FOREIGN LANGUAGE FILM AWARD,the Academy Board of Governors as the most outstanding foreign language film released in the United States during 1948.,,,,
1948,1949,21,SPECIAL AWARD,Ivan Jandl,,1937-01-24,Prague,Czech Republic
1948,1949,21,SPECIAL AWARD,Sid Grauman,,1879-03-17,Indianapolis,United States
1948,1949,21,SPECIAL AWARD,Adolph Zukor,,1873-01-07,Ricse,Hungary
1948,1949,21,SPECIAL AWARD,his production of the picture Joan of Arc.,,,,
1948,1949,21,SPECIAL AWARD,Jean Hersholt - in recognition of his service to the Academy during four terms as president.,,,,
1948,1949,21,IRVING G. THALBERG MEMORIAL AWARD,Jerry Wald,,,,
1949,1950,22,ACTOR,Broderick Crawford,All the King's Men,1911-12-09,Philadelphia,United States
1949,1950,22,ACTOR IN A SUPPORTING ROLE,Dean Jagger,Twelve O'Clock High,1903-11-07,Columbus Grove,United States
1949,1950,22,ACTRESS,Olivia de Havilland,The Heiress,1916-07-01,Tokyo,Japan
1949,1950,22,ACTRESS IN A SUPPORTING ROLE,Mercedes McCambridge,All the King's Men,1916-03-16,Joliet,United States
1949,1950,22,ART DIRECTION (Black-and-White),Art Direction:  Harry Horner,The Heiress,,,
1949,1950,22,ART DIRECTION (Black-and-White),John Meehan,The Heiress,1902-06-13,Tehachapi,United States
1949,1950,22,ART DIRECTION (Black-and-White),Set Decoration:  Emile Kuri,The Heiress,,,
1949,1950,22,ART DIRECTION (Color),Art Direction:  Cedric Gibbons,Little Women,,,
1949,1950,22,ART DIRECTION (Color),Paul Groesse,Little Women,1906-02-28,Austria–Hungary,Austria–Hungary
1949,1950,22,ART DIRECTION (Color),Set Decoration:  Edwin B. Willis,Little Women,,,
1949,1950,22,ART DIRECTION (Color),Jack D. Moore,Little Women,,,
1949,1950,22,CINEMATOGRAPHY (Black-and-White),Paul C. Vogel,Battleground,,,
1949,1950,22,CINEMATOGRAPHY (Color),Winton Hoch,She Wore a Yellow Ribbon,1905-07-31,Storm Lake,United States
1949,1950,22,COSTUME DESIGN (Black-and-White),Edith Head,The Heiress,1897-10-28,San Bernardino,United States
1949,1950,22,COSTUME DESIGN (Black-and-White),Gile Steele,The Heiress,1908-09-24,Ohio,United States
1949,1950,22,COSTUME DESIGN (Color),Leah Rhodes,The Adventures of Don Juan,1902-07-21,Port Arthur,United States
1949,1950,22,COSTUME DESIGN (Color),Travilla,The Adventures of Don Juan,,,
1949,1950,22,COSTUME DESIGN (Color),Marjorie Best,The Adventures of Don Juan,1903-04-10,Jacksonville,United States
1949,1950,22,DIRECTING,Joseph L. Mankiewicz,A Letter to Three Wives,1909-02-11,Wilkes-Barre,United States
1949,1950,22,DOCUMENTARY (Feature),Crown Film Unit,Daybreak in Udi,,,
1949,1950,22,DOCUMENTARY (Short Subject),Richard de Rochemont,A Chance to Live,1903-12-13,Chelsea,United States
1949,1950,22,DOCUMENTARY (Short Subject),Producer,A Chance to Live,,,
1949,1950,22,DOCUMENTARY (Short Subject),Edward Selzer,So Much for So Little,,,
1949,1950,22,DOCUMENTARY (Short Subject),Producer,So Much for So Little,,,
1949,1950,22,FILM EDITING,Harry Gerstad,Champion,,,
1949,1950,22,MUSIC (Music Score of a Dramatic or Comedy Picture),Aaron Copland,The Heiress,1900-11-14,Brooklyn,United States
1949,1950,22,MUSIC (Scoring of a Musical Picture),Roger Edens,On the Town,1905-11-09,Hillsboro,United States
1949,1950,22,MUSIC (Scoring of a Musical Picture),Lennie Hayton,On the Town,1908-02-14,New York City,United States
1949,1950,22,MUSIC (Song),Frank Loesser,Neptune's Daughter,1910-06-29,New York City,United States
1949,1950,22,BEST MOTION PICTURE,Robert Rossen Productions,All the King's Men,,,
1949,1950,22,SHORT SUBJECT (Cartoon),Edward Selzer,For Scent-Imental Reasons,,,
1949,1950,22,SHORT SUBJECT (Cartoon),Producer,For Scent-Imental Reasons,,,
1949,1950,22,SHORT SUBJECT (One-reel),Jack Eaton,Aquatic House-Party,1888-06-16,,
1949,1950,22,SHORT SUBJECT (One-reel),Producer,Aquatic House-Party,,,
1949,1950,22,SHORT SUBJECT (Two-reel),Gaston Diehl and Robert Haessens,Van Gogh,,,
1949,1950,22,SHORT SUBJECT (Two-reel),Producers,Van Gogh,,,
1949,1950,22,SOUND RECORDING,20th Century-Fox Studio Sound Department,Twelve O'Clock High,,,
1949,1950,22,SOUND RECORDING,Thomas T. Moulton,Twelve O'Clock High,1896-01-01,Wausau,United States
1949,1950,22,SOUND RECORDING,Sound Director,Twelve O'Clock High,,,
1949,1950,22,SPECIAL EFFECTS,ARKO Productions,Mighty Joe Young,,,
1949,1950,22,WRITING (Motion Picture Story),Douglas Morrow,The Stratton Story,,,
1949,1950,22,WRITING (Screenplay),Joseph L. Mankiewicz,A Letter to Three Wives,1909-02-11,Wilkes-Barre,United States
1949,1950,22,WRITING (Story and Screenplay),Robert Pirosh,Battleground,1910-04-01,Baltimore,United States
1949,1950,22,SPECIAL FOREIGN LANGUAGE FILM AWARD,the Academy Board of Governors as the most outstanding foreign language film released in the United States during 1949.,,,,
1949,1950,22,SPECIAL AWARD,Bobby Driscoll,,1937-03-03,Cedar Rapids,United States
1949,1950,22,SPECIAL AWARD,Fred Astaire for his unique artistry and his contributions to the technique of musical pictures.,,1899-05-10,Omaha,United States
1949,1950,22,SPECIAL AWARD,Cecil B. DeMille,,1881-08-12,Ashfield,United States
1949,1950,22,SPECIAL AWARD,Jean Hersholt,,1886-07-12,Copenhagen,Denmark
1950,1951,23,ACTOR,José Ferrer,Cyrano de Bergerac,1912-01-08,Santurce,United States
1950,1951,23,ACTOR IN A SUPPORTING ROLE,George Sanders,All about Eve,1906-07-03,Saint Petersburg,Russia
1950,1951,23,ACTRESS,Judy Holliday,Born Yesterday,1921-06-21,New York City,United States
1950,1951,23,ACTRESS IN A SUPPORTING ROLE,Josephine Hull,Harvey,1877-01-03,Newtonville,United States
1950,1951,23,ART DIRECTION (Black-and-White),Art Direction:  Hans Dreier,Sunset Blvd.,,,
1950,1951,23,ART DIRECTION (Black-and-White),John Meehan,Sunset Blvd.,1902-06-13,Tehachapi,United States
1950,1951,23,ART DIRECTION (Black-and-White),Set Decoration:  Sam Comer,Sunset Blvd.,,,
1950,1951,23,ART DIRECTION (Black-and-White),Ray Moyer,Sunset Blvd.,1898-02-21,Santa Barbara,United States
1950,1951,23,ART DIRECTION (Color),Art Direction:  Hans Dreier,Samson and Delilah,,,
1950,1951,23,ART DIRECTION (Color),Walter Tyler,Samson and Delilah,,,
1950,1951,23,ART DIRECTION (Color),Set Decoration:  Sam Comer,Samson and Delilah,,,
1950,1951,23,ART DIRECTION (Color),Ray Moyer,Samson and Delilah,1898-02-21,Santa Barbara,United States
1950,1951,23,CINEMATOGRAPHY (Black-and-White),Robert Krasker,The Third Man,1913-08-13,Perth,Australia
1950,1951,23,CINEMATOGRAPHY (Color),Robert Surtees,King Solomon's Mines,,,
1950,1951,23,COSTUME DESIGN (Black-and-White),Edith Head,All about Eve,1897-10-28,San Bernardino,United States
1950,1951,23,COSTUME DESIGN (Black-and-White),Charles LeMaire,All about Eve,1897-04-22,Chicago,United States
1950,1951,23,COSTUME DESIGN (Color),Edith Head,Samson and Delilah,1897-10-28,San Bernardino,United States
1950,1951,23,COSTUME DESIGN (Color),Dorothy Jeakins,Samson and Delilah,1914-01-11,San Diego,United States
1950,1951,23,COSTUME DESIGN (Color),Elois Jenssen,Samson and Delilah,1922-11-05,Palo Alto,United States
1950,1951,23,COSTUME DESIGN (Color),Gile Steele,Samson and Delilah,1908-09-24,Ohio,United States
1950,1951,23,COSTUME DESIGN (Color),Gwen Wakeling,Samson and Delilah,1901-03-03,Detroit,United States
1950,1951,23,DIRECTING,Joseph L. Mankiewicz,All about Eve,1909-02-11,Wilkes-Barre,United States
1950,1951,23,DOCUMENTARY (Feature),Robert Snyder,The Titan: Story of Michelangelo,1916-01-16,Brooklyn,United States
1950,1951,23,DOCUMENTARY (Feature),Producer,The Titan: Story of Michelangelo,,,
1950,1951,23,DOCUMENTARY (Short Subject),Edmund Reek,Why Korea?,1897-03-19,New York City,United States
1950,1951,23,DOCUMENTARY (Short Subject),Producer,Why Korea?,,,
1950,1951,23,FILM EDITING,Ralph E. Winters,King Solomon's Mines,1909-06-17,Toronto,Canada
1950,1951,23,FILM EDITING,Conrad A. Nervig,King Solomon's Mines,1889-06-24,Grant County,United States
1950,1951,23,MUSIC (Music Score of a Dramatic or Comedy Picture),Franz Waxman,Sunset Blvd.,1906-12-24,Chorzów,Poland
1950,1951,23,MUSIC (Scoring of a Musical Picture),Adolph Deutsch,Annie Get Your Gun,1897-10-20,London,United Kingdom
1950,1951,23,MUSIC (Scoring of a Musical Picture),Roger Edens,Annie Get Your Gun,1905-11-09,Hillsboro,United States
1950,1951,23,MUSIC (Song),Ray Evans and Jay Livingston,"Captain Carey, U.S.A.",,,
1950,1951,23,BEST MOTION PICTURE,20th Century-Fox,All about Eve,,,
1950,1951,23,SHORT SUBJECT (Cartoon),Stephen Bosustow,Gerald McBoing-Boing,1911-11-06,Victoria,Canada
1950,1951,23,SHORT SUBJECT (Cartoon),Producer,Gerald McBoing-Boing,,,
1950,1951,23,SHORT SUBJECT (One-reel),Gordon Hollingshead,Grandad of Races,1892-01-08,Garfield,United States
1950,1951,23,SHORT SUBJECT (One-reel),Producer,Grandad of Races,,,
1950,1951,23,SHORT SUBJECT (Two-reel),Walt Disney,In Beaver Valley,1901-12-05,Chicago,United States
1950,1951,23,SHORT SUBJECT (Two-reel),Producer,In Beaver Valley,,,
1950,1951,23,SOUND RECORDING,20th Century-Fox Studio Sound Department,All about Eve,,,
1950,1951,23,SOUND RECORDING,Thomas T. Moulton,All about Eve,1896-01-01,Wausau,United States
1950,1951,23,SOUND RECORDING,Sound Director,All about Eve,,,
1950,1951,23,SPECIAL EFFECTS,George Pal Productions,Destination Moon,,,
1950,1951,23,WRITING (Motion Picture Story),Edna Anhalt,Panic in the Streets,,,
1950,1951,23,WRITING (Motion Picture Story),Edward Anhalt,Panic in the Streets,1914-03-28,New York City,United States
1950,1951,23,WRITING (Screenplay),Joseph L. Mankiewicz,All about Eve,1909-02-11,Wilkes-Barre,United States
1950,1951,23,WRITING (Story and Screenplay),Charles Brackett,Sunset Blvd.,1892-11-26,Saratoga Springs,United States
1950,1951,23,WRITING (Story and Screenplay),Billy Wilder,Sunset Blvd.,1906-06-22,Sucha Beskidzka,Poland
1950,1951,23,WRITING (Story and Screenplay),D. M. Marshman,Sunset Blvd.,,,
1950,1951,23,WRITING (Story and Screenplay),Jr.,Sunset Blvd.,,,
1950,1951,23,HONORARY FOREIGN LANGUAGE FILM AWARD,the Board of Governors as the most outstanding foreign language film released in the United States in 1950.,,,,
1950,1951,23,HONORARY AWARD,George Murphy for his services in interpreting the film industry to the country at large.,,1902-07-04,New Haven,United States
1950,1951,23,HONORARY AWARD,Louis B. Mayer for distinguished service to the motion picture industry.,,1884-07-12,Dymer,Ukraine
1950,1951,23,IRVING G. THALBERG MEMORIAL AWARD,Darryl F. Zanuck,,1902-09-05,Wahoo,United States
1951,1952,24,ACTOR,Humphrey Bogart,The African Queen,1899-12-25,New York City,United States
1951,1952,24,ACTOR IN A SUPPORTING ROLE,Karl Malden,A Streetcar Named Desire,1912-03-22,Chicago,United States
1951,1952,24,ACTRESS,Vivien Leigh,A Streetcar Named Desire,1913-11-05,Darjeeling,India
1951,1952,24,ACTRESS IN A SUPPORTING ROLE,Kim Hunter,A Streetcar Named Desire,1922-11-12,Detroit,United States
1951,1952,24,ART DIRECTION (Black-and-White),Art Direction:  Richard Day,A Streetcar Named Desire,,,
1951,1952,24,ART DIRECTION (Black-and-White),Set Decoration:  George James Hopkins,A Streetcar Named Desire,,,
1951,1952,24,ART DIRECTION (Color),Art Direction:  Cedric Gibbons,An American in Paris,,,
1951,1952,24,ART DIRECTION (Color),Preston Ames,An American in Paris,,,
1951,1952,24,ART DIRECTION (Color),Set Decoration:  Edwin B. Willis,An American in Paris,,,
1951,1952,24,ART DIRECTION (Color),Keogh Gleason,An American in Paris,,,
1951,1952,24,CINEMATOGRAPHY (Black-and-White),William C. Mellor,A Place in the Sun,1903-06-29,Missouri,United States
1951,1952,24,CINEMATOGRAPHY (Color),Alfred Gilks,An American in Paris,1891-12-29,Los Angeles,United States
1951,1952,24,CINEMATOGRAPHY (Color),John Alton,An American in Paris,1901-10-05,Sopron,Hungary
1951,1952,24,COSTUME DESIGN (Black-and-White),Edith Head,A Place in the Sun,1897-10-28,San Bernardino,United States
1951,1952,24,COSTUME DESIGN (Color),Orry-Kelly,An American in Paris,1897-12-31,Kiama,Australia
1951,1952,24,COSTUME DESIGN (Color),Walter Plunkett,An American in Paris,1902-06-05,Oakland,United States
1951,1952,24,COSTUME DESIGN (Color),Irene Sharaff,An American in Paris,1910-01-23,New York City,United States
1951,1952,24,DIRECTING,George Stevens,A Place in the Sun,1904-12-18,Oakland,United States
1951,1952,24,DOCUMENTARY (Feature),Olle Nordemar,Kon-Tiki,1914-07-25,Stockholm,Sweden
1951,1952,24,DOCUMENTARY (Feature),Producer,Kon-Tiki,,,
1951,1952,24,DOCUMENTARY (Short Subject),Fred Zinnemann with the cooperation of Paramount Pictures Corporation for the Los Angeles Orthopaedic Hospital',Benjy,1907-04-29,Rzeszów,Poland
1951,1952,24,FILM EDITING,William Hornbeck,A Place in the Sun,1901-08-23,Los Angeles,United States
1951,1952,24,MUSIC (Music Score of a Dramatic or Comedy Picture),Franz Waxman,A Place in the Sun,1906-12-24,Chorzów,Poland
1951,1952,24,MUSIC (Scoring of a Musical Picture),Johnny Green,An American in Paris,1908-10-10,Far Rockaway,United States
1951,1952,24,MUSIC (Scoring of a Musical Picture),Saul Chaplin,An American in Paris,1912-02-19,Brooklyn,United States
1951,1952,24,MUSIC (Song),Hoagy Carmichael,Here Comes the Groom,1899-11-22,Bloomington,United States
1951,1952,24,MUSIC (Song),Johnny Mercer,Here Comes the Groom,1909-11-18,Savannah,United States
1951,1952,24,BEST MOTION PICTURE,Arthur Freed,An American in Paris,1894-09-09,Charleston,United States
1951,1952,24,BEST MOTION PICTURE,Producer,An American in Paris,,,
1951,1952,24,SHORT SUBJECT (Cartoon),Fred Quimby,The Two Mouseketeers,1886-07-31,Minneapolis,United States
1951,1952,24,SHORT SUBJECT (Cartoon),Producer,The Two Mouseketeers,,,
1951,1952,24,SHORT SUBJECT (One-reel),Robert Youngson,World of Kids,1917-11-27,Brooklyn,United States
1951,1952,24,SHORT SUBJECT (One-reel),Producer,World of Kids,,,
1951,1952,24,SHORT SUBJECT (Two-reel),Walt Disney,Nature's Half Acre,1901-12-05,Chicago,United States
1951,1952,24,SHORT SUBJECT (Two-reel),Producer,Nature's Half Acre,,,
1951,1952,24,SOUND RECORDING,Metro-Goldwyn-Mayer Studio Sound Department,The Great Caruso,,,
1951,1952,24,SOUND RECORDING,Douglas Shearer,The Great Caruso,1899-11-17,Westmount,Canada
1951,1952,24,SOUND RECORDING,Sound Director,The Great Caruso,,,
1951,1952,24,SPECIAL EFFECTS,Paramount,When Worlds Collide,,,
1951,1952,24,WRITING (Motion Picture Story),Paul Dehn,Seven Days to Noon,,,
1951,1952,24,WRITING (Motion Picture Story),James Bernard,Seven Days to Noon,,,
1951,1952,24,WRITING (Screenplay),Michael Wilson,A Place in the Sun,1914-07-01,McAlester,United States
1951,1952,24,WRITING (Screenplay),Harry Brown,A Place in the Sun,1917-04-30,Portland,United States
1951,1952,24,WRITING (Story and Screenplay),Alan Jay Lerner,An American in Paris,1918-08-31,New York City,United States
1951,1952,24,HONORARY FOREIGN LANGUAGE FILM AWARD,the Board of Governors as the most outstanding foreign language film released in the United States during 1951.,,,,
1951,1952,24,HONORARY AWARD,Gene Kelly in appreciation of his versatility as an actor,,,,
1951,1952,24,IRVING G. THALBERG MEMORIAL AWARD,Arthur Freed,,1894-09-09,Charleston,United States
1952,1953,25,ACTOR,Gary Cooper,High Noon,1901-05-07,Helena,United States
1952,1953,25,ACTOR IN A SUPPORTING ROLE,Anthony Quinn,Viva Zapata!,1915-04-21,Chihuahua City,Mexico
1952,1953,25,ACTRESS,Shirley Booth,"Come Back, Little Sheba",1898-08-30,Brooklyn,United States
1952,1953,25,ACTRESS IN A SUPPORTING ROLE,Gloria Grahame,The Bad and the Beautiful,1923-11-28,Los Angeles,United States
1952,1953,25,ART DIRECTION (Black-and-White),Art Direction:  Cedric Gibbons,The Bad and the Beautiful,,,
1952,1953,25,ART DIRECTION (Black-and-White),Edward Carfagno,The Bad and the Beautiful,1907-11-28,Los Angeles,United States
1952,1953,25,ART DIRECTION (Black-and-White),Set Decoration:  Edwin B. Willis,The Bad and the Beautiful,,,
1952,1953,25,ART DIRECTION (Black-and-White),Keogh Gleason,The Bad and the Beautiful,,,
1952,1953,25,ART DIRECTION (Color),Art Direction:  Paul Sheriff,Moulin Rouge,,,
1952,1953,25,ART DIRECTION (Color),Set Decoration:  Marcel Vertes,Moulin Rouge,,,
1952,1953,25,CINEMATOGRAPHY (Black-and-White),Robert Surtees,The Bad and the Beautiful,,,
1952,1953,25,CINEMATOGRAPHY (Color),Winton C. Hoch,The Quiet Man,,,
1952,1953,25,CINEMATOGRAPHY (Color),Archie Stout,The Quiet Man,1886-03-30,Renwick,United States
1952,1953,25,COSTUME DESIGN (Black-and-White),Helen Rose,The Bad and the Beautiful,1904-02-02,Chicago,United States
1952,1953,25,COSTUME DESIGN (Color),Marcel Vertes,Moulin Rouge,,,
1952,1953,25,DIRECTING,John Ford,The Quiet Man,1894-02-01,Cape Elizabeth,United States
1952,1953,25,DOCUMENTARY (Feature),Irwin Allen,The Sea around Us,1916-06-12,New York City,United States
1952,1953,25,DOCUMENTARY (Feature),Producer,The Sea around Us,,,
1952,1953,25,DOCUMENTARY (Short Subject),Norman McLaren,Neighbours,1914-04-11,Stirling,United Kingdom
1952,1953,25,DOCUMENTARY (Short Subject),Producer,Neighbours,,,
1952,1953,25,FILM EDITING,Elmo Williams,High Noon,1913-04-30,Lone Wolf,United States
1952,1953,25,FILM EDITING,Harry Gerstad,High Noon,,,
1952,1953,25,MUSIC (Music Score of a Dramatic or Comedy Picture),Dimitri Tiomkin,High Noon,1894-05-22,Kremenchuk,Ukraine
1952,1953,25,MUSIC (Scoring of a Musical Picture),Alfred Newman,With a Song in My Heart,1900-03-17,New Haven,United States
1952,1953,25,MUSIC (Song),Dimitri Tiomkin,High Noon,1894-05-22,Kremenchuk,Ukraine
1952,1953,25,MUSIC (Song),Ned Washington,High Noon,1901-08-15,Scranton,United States
1952,1953,25,BEST MOTION PICTURE,Cecil B. DeMille,The Greatest Show on Earth,1881-08-12,Ashfield,United States
1952,1953,25,BEST MOTION PICTURE,Producer,The Greatest Show on Earth,,,
1952,1953,25,SHORT SUBJECT (Cartoon),Fred Quimby,Johann Mouse,1886-07-31,Minneapolis,United States
1952,1953,25,SHORT SUBJECT (Cartoon),Producer,Johann Mouse,,,
1952,1953,25,SHORT SUBJECT (One-reel),Boris Vermont,Light in the Window: The Art of Vermeer,1903-08-03,Russian Empire,Russian Empire
1952,1953,25,SHORT SUBJECT (One-reel),Producer,Light in the Window: The Art of Vermeer,,,
1952,1953,25,SHORT SUBJECT (Two-reel),Walt Disney,Water Birds,1901-12-05,Chicago,United States
1952,1953,25,SHORT SUBJECT (Two-reel),Producer,Water Birds,,,
1952,1953,25,SOUND RECORDING,London Film Sound Department,Breaking the Sound Barrier,,,
1952,1953,25,SPECIAL EFFECTS,Metro-Goldwyn-Mayer,Plymouth Adventure,,,
1952,1953,25,WRITING (Motion Picture Story),Fredric M. Frank,The Greatest Show on Earth,,,
1952,1953,25,WRITING (Motion Picture Story),Theodore St. John,The Greatest Show on Earth,,,
1952,1953,25,WRITING (Motion Picture Story),Frank Cavett,The Greatest Show on Earth,1905-12-27,Ohio,United States
1952,1953,25,WRITING (Screenplay),Charles Schnee,The Bad and the Beautiful,1916-08-06,Bridgeport,United States
1952,1953,25,WRITING (Story and Screenplay),T. E. B. Clarke,The Lavender Hill Mob,1907-06-07,Watford,United Kingdom
1952,1953,25,HONORARY FOREIGN LANGUAGE FILM AWARD,Forbidden Games - Best Foreign Language Film first released in the United States during 1952.,,,,
1952,1953,25,HONORARY AWARD,George Alfred Mitchell for the design and development of the camera which bears his name and for his continued and dominant presence in the field of cinematography.,,1889-02-18,United States,United States
1952,1953,25,HONORARY AWARD,Joseph M. Schenck for long and distinguished service to the motion picture industry.,,1878-12-25,Rybinsk,Russia
1952,1953,25,HONORARY AWARD,Merian C. Cooper for his many innovations and contributions to the art of motion pictures.,,1893-10-24,Jacksonville,United States
1952,1953,25,HONORARY AWARD,Harold Lloyd,,1893-04-20,Burchard,United States
1952,1953,25,HONORARY AWARD,Bob Hope for his contribution to the laughter of the world,,1903-05-29,Q2057625,United Kingdom
1952,1953,25,IRVING G. THALBERG MEMORIAL AWARD,Cecil B. DeMille,,1881-08-12,Ashfield,United States
1953,1954,26,ACTOR,William Holden,Stalag 17,1918-04-17,O'Fallon,United States
1953,1954,26,ACTOR IN A SUPPORTING ROLE,Frank Sinatra,From Here to Eternity,1915-12-12,Hoboken,United States
1953,1954,26,ACTRESS,Audrey Hepburn,Roman Holiday,1929-05-04,Brussels,Belgium
1953,1954,26,ACTRESS IN A SUPPORTING ROLE,Donna Reed,From Here to Eternity,1921-01-27,Denison,United States
1953,1954,26,ART DIRECTION (Black-and-White),Art Direction:  Cedric Gibbons,Julius Caesar,,,
1953,1954,26,ART DIRECTION (Black-and-White),Edward Carfagno,Julius Caesar,1907-11-28,Los Angeles,United States
1953,1954,26,ART DIRECTION (Black-and-White),Set Decoration:  Edwin B. Willis,Julius Caesar,,,
1953,1954,26,ART DIRECTION (Black-and-White),Hugh Hunt,Julius Caesar,1902-03-08,Tennessee,United States
1953,1954,26,ART DIRECTION (Color),Art Direction:  Lyle Wheeler,The Robe,,,
1953,1954,26,ART DIRECTION (Color),George W. Davis,The Robe,,,
1953,1954,26,ART DIRECTION (Color),Set Decoration:  Walter M. Scott,The Robe,,,
1953,1954,26,ART DIRECTION (Color),Paul S. Fox,The Robe,1898-09-30,Shiawassee County,United States
1953,1954,26,CINEMATOGRAPHY (Black-and-White),Burnett Guffey,From Here to Eternity,1905-05-26,Del Rio,United States
1953,1954,26,CINEMATOGRAPHY (Color),Loyal Griggs,Shane,1906-08-15,Sanilac County,United States
1953,1954,26,COSTUME DESIGN (Black-and-White),Edith Head,Roman Holiday,1897-10-28,San Bernardino,United States
1953,1954,26,COSTUME DESIGN (Color),Charles LeMaire,The Robe,1897-04-22,Chicago,United States
1953,1954,26,COSTUME DESIGN (Color),Emile Santiago,The Robe,1899-02-21,Bloomsburg,United States
1953,1954,26,DIRECTING,Fred Zinnemann,From Here to Eternity,1907-04-29,Rzeszów,Poland
1953,1954,26,DOCUMENTARY (Feature),Walt Disney,The Living Desert,1901-12-05,Chicago,United States
1953,1954,26,DOCUMENTARY (Feature),Producer,The Living Desert,,,
1953,1954,26,DOCUMENTARY (Short Subject),Walt Disney,The Alaskan Eskimo,1901-12-05,Chicago,United States
1953,1954,26,DOCUMENTARY (Short Subject),Producer,The Alaskan Eskimo,,,
1953,1954,26,FILM EDITING,William Lyon,From Here to Eternity,1903-01-21,Sherman,United States
1953,1954,26,MUSIC (Music Score of a Dramatic or Comedy Picture),Bronislau Kaper,Lili,,,
1953,1954,26,MUSIC (Scoring of a Musical Picture),Alfred Newman,Call Me Madam,1900-03-17,New Haven,United States
1953,1954,26,MUSIC (Song),Sammy Fain,Calamity Jane,1902-06-17,New York City,United States
1953,1954,26,MUSIC (Song),Paul Francis Webster,Calamity Jane,1907-12-20,New York City,United States
1953,1954,26,BEST MOTION PICTURE,Buddy Adler,From Here to Eternity,1909-06-22,New York City,United States
1953,1954,26,BEST MOTION PICTURE,Producer,From Here to Eternity,,,
1953,1954,26,SHORT SUBJECT (Cartoon),Walt Disney,"Toot, Whistle, Plunk and Boom",1901-12-05,Chicago,United States
1953,1954,26,SHORT SUBJECT (Cartoon),Producer,"Toot, Whistle, Plunk and Boom",,,
1953,1954,26,SHORT SUBJECT (One-reel),Johnny Green,The Merry Wives of Windsor Overture,1908-10-10,Far Rockaway,United States
1953,1954,26,SHORT SUBJECT (One-reel),Producer,The Merry Wives of Windsor Overture,,,
1953,1954,26,SHORT SUBJECT (Two-reel),Walt Disney,Bear Country,1901-12-05,Chicago,United States
1953,1954,26,SHORT SUBJECT (Two-reel),Producer,Bear Country,,,
1953,1954,26,SOUND RECORDING,Columbia Studio Sound Department,From Here to Eternity,,,
1953,1954,26,SOUND RECORDING,John P. Livadary,From Here to Eternity,1896-05-20,Istanbul,Turkey
1953,1954,26,SOUND RECORDING,Sound Director,From Here to Eternity,,,
1953,1954,26,SPECIAL EFFECTS,Paramount Studio,The War of the Worlds,,,
1953,1954,26,WRITING (Motion Picture Story),Dalton Trumbo,Roman Holiday,,,
1953,1954,26,WRITING (Screenplay),Daniel Taradash,From Here to Eternity,1913-01-29,Louisville,United States
1953,1954,26,WRITING (Story and Screenplay),Charles Brackett,Titanic,1892-11-26,Saratoga Springs,United States
1953,1954,26,WRITING (Story and Screenplay),Walter Reisch,Titanic,1903-05-23,Vienna,Austria
1953,1954,26,WRITING (Story and Screenplay),Richard Breen,Titanic,,,
1953,1954,26,HONORARY AWARD,"Pete Smith for his witty and pungent observations on the American scene in his series of ""Pete Smith Specialties.""",,1892-09-04,New York City,United States
1953,1954,26,HONORARY AWARD,20th Century-Fox Film Corporation in recognition of their imagination,,,,
1953,1954,26,HONORARY AWARD,Joseph I. Breen for his conscientious,,,,
1953,1954,26,HONORARY AWARD,Bell and Howell Company for their pioneering and basic achievements in the advancement of the motion picture industry.,,,,
1953,1954,26,IRVING G. THALBERG MEMORIAL AWARD,George Stevens,,1904-12-18,Oakland,United States
1954,1955,27,ACTOR,Marlon Brando,On the Waterfront,1924-04-03,Omaha,United States
1954,1955,27,ACTOR IN A SUPPORTING ROLE,Edmond O'Brien,The Barefoot Contessa,1915-09-10,New York City,United States
1954,1955,27,ACTRESS,Grace Kelly,The Country Girl,1929-11-12,Philadelphia,United States
1954,1955,27,ACTRESS IN A SUPPORTING ROLE,Eva Marie Saint,On the Waterfront,1924-07-04,Newark,United States
1954,1955,27,ART DIRECTION (Black-and-White),Richard Day,On the Waterfront,1896-05-09,Victoria,Canada
1954,1955,27,ART DIRECTION (Color),Art Direction:  John Meehan,"20,000 Leagues under the Sea",,,
1954,1955,27,ART DIRECTION (Color),Set Decoration:  Emile Kuri,"20,000 Leagues under the Sea",,,
1954,1955,27,CINEMATOGRAPHY (Black-and-White),Boris Kaufman,On the Waterfront,1906-08-24,Białystok,Poland
1954,1955,27,CINEMATOGRAPHY (Color),Milton Krasner,Three Coins in the Fountain,1904-02-17,Brooklyn,United States
1954,1955,27,COSTUME DESIGN (Black-and-White),Edith Head,Sabrina,1897-10-28,San Bernardino,United States
1954,1955,27,COSTUME DESIGN (Color),Sanzo Wada,Gate of Hell,,,
1954,1955,27,DIRECTING,Elia Kazan,On the Waterfront,1909-09-07,Constantinople,Turkey
1954,1955,27,DOCUMENTARY (Feature),Walt Disney,The Vanishing Prairie,1901-12-05,Chicago,United States
1954,1955,27,DOCUMENTARY (Feature),Producer,The Vanishing Prairie,,,
1954,1955,27,DOCUMENTARY (Short Subject),World Wide Pictures and Morse Films,Thursday's Children,,,
1954,1955,27,FILM EDITING,Gene Milford,On the Waterfront,1902-01-19,Lamar,United States
1954,1955,27,MUSIC (Music Score of a Dramatic or Comedy Picture),Dimitri Tiomkin,The High and the Mighty,1894-05-22,Kremenchuk,Ukraine
1954,1955,27,MUSIC (Scoring of a Musical Picture),Adolph Deutsch,Seven Brides for Seven Brothers,1897-10-20,London,United Kingdom
1954,1955,27,MUSIC (Scoring of a Musical Picture),Saul Chaplin,Seven Brides for Seven Brothers,1912-02-19,Brooklyn,United States
1954,1955,27,MUSIC (Song),Jule Styne,Three Coins in the Fountain,1905-12-31,London,United Kingdom
1954,1955,27,MUSIC (Song),Sammy Cahn,Three Coins in the Fountain,1913-06-18,Manhattan,United States
1954,1955,27,BEST MOTION PICTURE,Sam Spiegel,On the Waterfront,1901-11-11,Jarosław,Poland
1954,1955,27,BEST MOTION PICTURE,Producer,On the Waterfront,,,
1954,1955,27,SHORT SUBJECT (Cartoon),Stephen Bosustow,When Magoo Flew,1911-11-06,Victoria,Canada
1954,1955,27,SHORT SUBJECT (Cartoon),Producer,When Magoo Flew,,,
1954,1955,27,SHORT SUBJECT (One-reel),Robert Youngson,This Mechanical Age,1917-11-27,Brooklyn,United States
1954,1955,27,SHORT SUBJECT (One-reel),Producer,This Mechanical Age,,,
1954,1955,27,SHORT SUBJECT (Two-reel),Denis Sanders and Terry Sanders,A Time Out of War,,,
1954,1955,27,SHORT SUBJECT (Two-reel),Producers,A Time Out of War,,,
1954,1955,27,SOUND RECORDING,Universal-International Studio Sound Department,The Glenn Miller Story,,,
1954,1955,27,SOUND RECORDING,Leslie I. Carey,The Glenn Miller Story,1895-08-03,Connecticut,United States
1954,1955,27,SOUND RECORDING,Sound Director,The Glenn Miller Story,,,
1954,1955,27,SPECIAL EFFECTS,Walt Disney Studios,"20,000 Leagues under the Sea",,,
1954,1955,27,WRITING (Motion Picture Story),Philip Yordan,Broken Lance,,,
1954,1955,27,WRITING (Screenplay),George Seaton,The Country Girl,1911-04-17,South Bend,United States
1954,1955,27,WRITING (Story and Screenplay),Budd Schulberg,On the Waterfront,1914-03-27,Manhattan,United States
1954,1955,27,HONORARY FOREIGN LANGUAGE FILM AWARD,Gate of Hell - Best Foreign Language Film first released in the United States during 1954.,,,,
1954,1955,27,HONORARY AWARD,Bausch,,,,
1954,1955,27,HONORARY AWARD,Lomb Optical Company for their contributions to the advancement of the motion picture industry.,,,,
1954,1955,27,HONORARY AWARD,Kemp R. Niver for the development of the Renovare Process which has made possible the restoration of the Library of Congress Paper Film Collection.,,,,
1954,1955,27,HONORARY AWARD,Greta Garbo for her unforgettable screen performances.,,1905-09-18,Katarina church parish,Sweden
1954,1955,27,HONORARY AWARD,Danny Kaye for his unique talents,,1911-01-18,Brooklyn,United States
1954,1955,27,HONORARY AWARD,Jon Whiteley for his outstanding juvenile performance in The Little Kidnappers.,,1945-02-19,Monymusk,United Kingdom
1954,1955,27,HONORARY AWARD,Vincent Winter for his outstanding juvenile performance in The Little Kidnappers.,,1947-12-29,Aberdeen,United Kingdom
1955,1956,28,ACTOR,Ernest Borgnine,Marty,1917-01-24,Hamden,United States
1955,1956,28,ACTOR IN A SUPPORTING ROLE,Jack Lemmon,Mister Roberts,1925-02-08,Newton,United States
1955,1956,28,ACTRESS,Anna Magnani,The Rose Tattoo,1908-03-07,Rome,Italy
1955,1956,28,ACTRESS IN A SUPPORTING ROLE,Jo Van Fleet,East of Eden,1915-12-29,Oakland,United States
1955,1956,28,ART DIRECTION (Black-and-White),Art Direction:  Hal Pereira,The Rose Tattoo,,,
1955,1956,28,ART DIRECTION (Black-and-White),Tambi Larsen,The Rose Tattoo,1914-09-11,Bengaluru,India
1955,1956,28,ART DIRECTION (Black-and-White),Set Decoration:  Sam Comer,The Rose Tattoo,,,
1955,1956,28,ART DIRECTION (Black-and-White),Arthur Krams,The Rose Tattoo,1912-07-15,New York City,United States
1955,1956,28,ART DIRECTION (Color),Art Direction:  William Flannery,Picnic,,,
1955,1956,28,ART DIRECTION (Color),Jo Mielziner,Picnic,1901-03-19,14th arrondissement of Paris,France
1955,1956,28,ART DIRECTION (Color),Set Decoration:  Robert Priestley,Picnic,,,
1955,1956,28,CINEMATOGRAPHY (Black-and-White),James Wong Howe,The Rose Tattoo,1899-08-28,Taishan,People's Republic of China
1955,1956,28,CINEMATOGRAPHY (Color),Robert Burks,To Catch a Thief,1909-07-04,Chino,United States
1955,1956,28,COSTUME DESIGN (Black-and-White),Helen Rose,I'll Cry Tomorrow,1904-02-02,Chicago,United States
1955,1956,28,COSTUME DESIGN (Color),Charles LeMaire,Love Is a Many-Splendored Thing,1897-04-22,Chicago,United States
1955,1956,28,DIRECTING,Delbert Mann,Marty,1920-01-30,Lawrence,United States
1955,1956,28,DOCUMENTARY (Feature),Nancy Hamilton,Helen Keller in Her Story,1908-07-27,Sewickley,United States
1955,1956,28,DOCUMENTARY (Feature),Producer,Helen Keller in Her Story,,,
1955,1956,28,DOCUMENTARY (Short Subject),Walt Disney,Men against the Arctic,1901-12-05,Chicago,United States
1955,1956,28,DOCUMENTARY (Short Subject),Producer,Men against the Arctic,,,
1955,1956,28,FILM EDITING,Charles Nelson,Picnic,1901-04-15,Sweden,
1955,1956,28,FILM EDITING,William A. Lyon,Picnic,,,
1955,1956,28,MUSIC (Music Score of a Dramatic or Comedy Picture),Alfred Newman,Love Is a Many-Splendored Thing,1900-03-17,New Haven,United States
1955,1956,28,MUSIC (Scoring of a Musical Picture),Robert Russell Bennett,Oklahoma!,1894-06-15,Kansas City,United States
1955,1956,28,MUSIC (Scoring of a Musical Picture),Jay Blackton,Oklahoma!,1909-03-25,New York City,United States
1955,1956,28,MUSIC (Scoring of a Musical Picture),Adolph Deutsch,Oklahoma!,1897-10-20,London,United Kingdom
1955,1956,28,MUSIC (Song),Sammy Fain,Love Is a Many-Splendored Thing,1902-06-17,New York City,United States
1955,1956,28,MUSIC (Song),Paul Francis Webster,Love Is a Many-Splendored Thing,1907-12-20,New York City,United States
1955,1956,28,BEST MOTION PICTURE,Harold Hecht,Marty,1907-06-01,Manhattan,United States
1955,1956,28,BEST MOTION PICTURE,Producer,Marty,,,
1955,1956,28,SHORT SUBJECT (Cartoon),Edward Selzer,Speedy Gonzales,,,
1955,1956,28,SHORT SUBJECT (Cartoon),Producer,Speedy Gonzales,,,
1955,1956,28,SHORT SUBJECT (One-reel),Edmund Reek,Survival City,1897-03-19,New York City,United States
1955,1956,28,SHORT SUBJECT (One-reel),Producer,Survival City,,,
1955,1956,28,SHORT SUBJECT (Two-reel),Wilbur T. Blume,The Face of Lincoln,,,
1955,1956,28,SHORT SUBJECT (Two-reel),Producer,The Face of Lincoln,,,
1955,1956,28,SOUND RECORDING,Todd-AO Sound Department,Oklahoma!,,,
1955,1956,28,SOUND RECORDING,Fred Hynes,Oklahoma!,1908-05-08,Nashville,United States
1955,1956,28,SOUND RECORDING,Sound Director,Oklahoma!,,,
1955,1956,28,SPECIAL EFFECTS,Paramount Studio,The Bridges at Toko-Ri,,,
1955,1956,28,WRITING (Motion Picture Story),Daniel Fuchs,Love Me or Leave Me,,,
1955,1956,28,WRITING (Screenplay),Paddy Chayefsky,Marty,1923-01-29,The Bronx,United States
1955,1956,28,WRITING (Story and Screenplay),William Ludwig,Interrupted Melody,1912-05-26,New York City,United States
1955,1956,28,WRITING (Story and Screenplay),Sonya Levien,Interrupted Melody,1888-12-25,Panemunė,Lithuania
1955,1956,28,HONORARY FOREIGN LANGUAGE FILM AWARD,Samurai,,,,
1956,1957,29,ACTOR,Yul Brynner,The King and I,1920-07-11,Vladivostok,Russia
1956,1957,29,ACTOR IN A SUPPORTING ROLE,Anthony Quinn,Lust for Life,1915-04-21,Chihuahua City,Mexico
1956,1957,29,ACTRESS,Ingrid Bergman,Anastasia,1915-08-29,Hedvig Eleonora parish,Sweden
1956,1957,29,ACTRESS IN A SUPPORTING ROLE,Dorothy Malone,Written on the Wind,1924-01-30,Chicago,United States
1956,1957,29,ART DIRECTION (Black-and-White),Art Direction:  Cedric Gibbons,Somebody Up There Likes Me,,,
1956,1957,29,ART DIRECTION (Black-and-White),Malcolm F. Brown,Somebody Up There Likes Me,,,
1956,1957,29,ART DIRECTION (Black-and-White),Set Decoration:  Edwin B. Willis,Somebody Up There Likes Me,,,
1956,1957,29,ART DIRECTION (Black-and-White),F. Keogh Gleason,Somebody Up There Likes Me,1906-04-14,Minneapolis,United States
1956,1957,29,ART DIRECTION (Color),Art Direction:  Lyle R. Wheeler,The King and I,,,
1956,1957,29,ART DIRECTION (Color),John DeCuir,The King and I,,,
1956,1957,29,ART DIRECTION (Color),Set Decoration:  Walter M. Scott,The King and I,,,
1956,1957,29,ART DIRECTION (Color),Paul S. Fox,The King and I,1898-09-30,Shiawassee County,United States
1956,1957,29,CINEMATOGRAPHY (Black-and-White),Joseph Ruttenberg,Somebody Up There Likes Me,1889-07-04,Zhytomyr,Ukraine
1956,1957,29,CINEMATOGRAPHY (Color),Lionel Lindon,Around the World in 80 Days,1905-09-02,San Francisco,United States
1956,1957,29,COSTUME DESIGN (Black-and-White),Jean Louis,The Solid Gold Cadillac,1907-10-05,1st arrondissement of Paris,France
1956,1957,29,COSTUME DESIGN (Color),Irene Sharaff,The King and I,1910-01-23,New York City,United States
1956,1957,29,DIRECTING,George Stevens,Giant,1904-12-18,Oakland,United States
1956,1957,29,DOCUMENTARY (Feature),Jacques-Yves Cousteau,The Silent World,,,
1956,1957,29,DOCUMENTARY (Feature),Producer,The Silent World,,,
1956,1957,29,DOCUMENTARY (Short Subject),Louis Clyde Stoumen,The True Story of the Civil War,1917-07-15,Springtown,United States
1956,1957,29,DOCUMENTARY (Short Subject),Producer,The True Story of the Civil War,,,
1956,1957,29,FILM EDITING,Gene Ruggiero,Around the World in 80 Days,1910-06-26,Hempstead,United States
1956,1957,29,FILM EDITING,Paul Weatherwax,Around the World in 80 Days,1900-07-08,Sturgis,United States
1956,1957,29,FOREIGN LANGUAGE FILM,Italy,La Strada,,,
1956,1957,29,FOREIGN LANGUAGE FILM,Dino De Laurentiis and Carlo Ponti,La Strada,,,
1956,1957,29,FOREIGN LANGUAGE FILM,Producers,La Strada,,,
1956,1957,29,MUSIC (Music Score of a Dramatic or Comedy Picture),Victor Young,Around the World in 80 Days,1900-08-08,Chicago,United States
1956,1957,29,MUSIC (Scoring of a Musical Picture),Alfred Newman,The King and I,1900-03-17,New Haven,United States
1956,1957,29,MUSIC (Scoring of a Musical Picture),Ken Darby,The King and I,1909-05-13,Nebraska,United States
1956,1957,29,MUSIC (Song),Jay Livingston and Ray Evans,The Man Who Knew Too Much,,,
1956,1957,29,BEST MOTION PICTURE,Michael Todd,Around the World in 80 Days,,,
1956,1957,29,BEST MOTION PICTURE,Producer,Around the World in 80 Days,,,
1956,1957,29,SHORT SUBJECT (Cartoon),Stephen Bosustow,Mister Magoo's Puddle Jumper,1911-11-06,Victoria,Canada
1956,1957,29,SHORT SUBJECT (Cartoon),Producer,Mister Magoo's Puddle Jumper,,,
1956,1957,29,SHORT SUBJECT (One-reel),Konstantin Kalser,Crashing the Water Barrier,1920-09-04,Munich,Germany
1956,1957,29,SHORT SUBJECT (One-reel),Producer,Crashing the Water Barrier,,,
1956,1957,29,SHORT SUBJECT (Two-reel),Romulus Films,The Bespoke Overcoat,,,
1956,1957,29,SOUND RECORDING,20th Century-Fox Studio Sound Department,The King and I,,,
1956,1957,29,SOUND RECORDING,Carl Faulkner,The King and I,,,
1956,1957,29,SOUND RECORDING,Sound Director,The King and I,,,
1956,1957,29,SPECIAL EFFECTS,John Fulton,The Ten Commandments,,,
1956,1957,29,WRITING (Motion Picture Story),Dalton Trumbo,The Brave One,,,
1956,1957,29,WRITING (Screenplay--Adapted),James Poe,Around the World in 80 Days,1921-10-04,Dobbs Ferry,United States
1956,1957,29,WRITING (Screenplay--Adapted),John Farrow,Around the World in 80 Days,1904-02-10,Marrickville,Australia
1956,1957,29,WRITING (Screenplay--Adapted),S.J. Perelman,Around the World in 80 Days,,,
1956,1957,29,WRITING (Screenplay--Original),Albert Lamorisse,The Red Balloon,1922-01-13,14th arrondissement of Paris,France
1956,1957,29,JEAN HERSHOLT HUMANITARIAN AWARD,Y. Frank Freeman,,1890-12-14,Greenville,United States
1956,1957,29,HONORARY AWARD,Eddie Cantor for distinguished service to the film industry.,,1892-01-31,Manhattan,United States
1956,1957,29,IRVING G. THALBERG MEMORIAL AWARD,Buddy Adler,,1909-06-22,New York City,United States
1957,1958,30,ACTOR,Alec Guinness,The Bridge on the River Kwai,1914-04-02,Marylebone,United Kingdom
1957,1958,30,ACTOR IN A SUPPORTING ROLE,Red Buttons,Sayonara,1919-02-05,Manhattan,United States
1957,1958,30,ACTRESS,Joanne Woodward,The Three Faces of Eve,1930-02-27,Thomasville,United States
1957,1958,30,ACTRESS IN A SUPPORTING ROLE,Miyoshi Umeki,Sayonara,1929-05-08,Otaru,Japan
1957,1958,30,ART DIRECTION,Art Direction:  Ted Haworth,Sayonara,,,
1957,1958,30,ART DIRECTION,Set Decoration:  Robert Priestley,Sayonara,,,
1957,1958,30,CINEMATOGRAPHY,Jack Hildyard,The Bridge on the River Kwai,1908-03-17,London,United Kingdom
1957,1958,30,COSTUME DESIGN,Orry-Kelly,Les Girls,1897-12-31,Kiama,Australia
1957,1958,30,DIRECTING,David Lean,The Bridge on the River Kwai,1908-03-25,Croydon,United Kingdom
1957,1958,30,DOCUMENTARY (Feature),Jerome Hill,Albert Schweitzer,1905-03-02,Saint Paul,United States
1957,1958,30,DOCUMENTARY (Feature),Producer,Albert Schweitzer,,,
1957,1958,30,FILM EDITING,Peter Taylor,The Bridge on the River Kwai,1922-02-28,Portsmouth,United Kingdom
1957,1958,30,FOREIGN LANGUAGE FILM,Italy,The Nights of Cabiria,,,
1957,1958,30,MUSIC (Scoring),Malcolm Arnold,The Bridge on the River Kwai,1921-10-21,Northampton,United Kingdom
1957,1958,30,MUSIC (Song),James Van Heusen,The Joker Is Wild,,,
1957,1958,30,MUSIC (Song),Sammy Cahn,The Joker Is Wild,1913-06-18,Manhattan,United States
1957,1958,30,BEST MOTION PICTURE,Sam Spiegel,The Bridge on the River Kwai,1901-11-11,Jarosław,Poland
1957,1958,30,BEST MOTION PICTURE,Producer,The Bridge on the River Kwai,,,
1957,1958,30,SHORT SUBJECT (Cartoon),Edward Selzer,Birds Anonymous,,,
1957,1958,30,SHORT SUBJECT (Cartoon),Producer,Birds Anonymous,,,
1957,1958,30,SHORT SUBJECT (Live Action),Larry Lansburgh,The Wetback Hound,1911-05-18,San Francisco,United States
1957,1958,30,SHORT SUBJECT (Live Action),Producer,The Wetback Hound,,,
1957,1958,30,SOUND RECORDING,Warner Bros. Studio Sound Department,Sayonara,,,
1957,1958,30,SOUND RECORDING,George Groves,Sayonara,1901-12-13,St Helens,United Kingdom
1957,1958,30,SOUND RECORDING,Sound Director,Sayonara,,,
1957,1958,30,SPECIAL EFFECTS,Walter Rossi,The Enemy Below,1894-07-12,New York,United States
1957,1958,30,WRITING (Screenplay--based on material from another medium),Michael Wilson,The Bridge on the River Kwai,1914-07-01,McAlester,United States
1957,1958,30,WRITING (Screenplay--based on material from another medium),Carl Foreman,The Bridge on the River Kwai,1914-07-23,Chicago,United States
1957,1958,30,WRITING (Screenplay--based on material from another medium),Pierre Boulle,The Bridge on the River Kwai,1912-02-20,Avignon,France
1957,1958,30,WRITING (Story and Screenplay--written directly for the screen),George Wells,Designing Woman,1909-11-08,New York City,United States
1957,1958,30,JEAN HERSHOLT HUMANITARIAN AWARD,Samuel Goldwyn,,,,
1957,1958,30,HONORARY AWARD,Charles Brackett for outstanding service to the Academy.,,1892-11-26,Saratoga Springs,United States
1957,1958,30,HONORARY AWARD,B.B. Kahane for distinguished service to the motion picture industry.,,,,
1957,1958,30,HONORARY AWARD,"Gilbert M. (""Broncho Billy"") Anderson",,,,
1957,1958,30,HONORARY AWARD,The Society of Motion Picture and Television Engineers for their contributions to the advancement of the motion picture industry.,,,,
1958,1959,31,ACTOR,David Niven,Separate Tables,1910-03-01,London,United Kingdom
1958,1959,31,ACTOR IN A SUPPORTING ROLE,Burl Ives,The Big Country,1909-06-14,Hunt City,United States
1958,1959,31,ACTRESS,Susan Hayward,I Want to Live!,1917-06-30,Brooklyn,United States
1958,1959,31,ACTRESS IN A SUPPORTING ROLE,Wendy Hiller,Separate Tables,1912-08-15,Stockport,United Kingdom
1958,1959,31,ART DIRECTION,Art Direction:  William A. Horning,Gigi,,,
1958,1959,31,ART DIRECTION,Preston Ames,Gigi,,,
1958,1959,31,ART DIRECTION,Set Decoration:  Henry Grace,Gigi,,,
1958,1959,31,ART DIRECTION,Keogh Gleason,Gigi,,,
1958,1959,31,CINEMATOGRAPHY (Black-and-White),Sam Leavitt,The Defiant Ones,1904-02-06,New York City,United States
1958,1959,31,CINEMATOGRAPHY (Color),Joseph Ruttenberg,Gigi,1889-07-04,Zhytomyr,Ukraine
1958,1959,31,COSTUME DESIGN,Cecil Beaton,Gigi,1904-01-14,Hampstead,United Kingdom
1958,1959,31,DIRECTING,Vincente Minnelli,Gigi,1903-02-28,Chicago,United States
1958,1959,31,DOCUMENTARY (Feature),Ben Sharpsteen,White Wilderness,1895-11-04,Tacoma,United States
1958,1959,31,DOCUMENTARY (Feature),Producer,White Wilderness,,,
1958,1959,31,DOCUMENTARY (Short Subject),Ben Sharpsteen,Ama Girls,1895-11-04,Tacoma,United States
1958,1959,31,DOCUMENTARY (Short Subject),Producer,Ama Girls,,,
1958,1959,31,FILM EDITING,Adrienne Fazan,Gigi,1906-05-09,Los Angeles,United States
1958,1959,31,FOREIGN LANGUAGE FILM,France,My Uncle,,,
1958,1959,31,MUSIC (Music Score of a Dramatic or Comedy Picture),Dimitri Tiomkin,The Old Man and the Sea,1894-05-22,Kremenchuk,Ukraine
1958,1959,31,MUSIC (Scoring of a Musical Picture),Andre Previn,Gigi,,,
1958,1959,31,MUSIC (Song),Frederick Loewe,Gigi,1901-06-10,Charlottenburg,Germany
1958,1959,31,MUSIC (Song),Alan Jay Lerner,Gigi,1918-08-31,New York City,United States
1958,1959,31,BEST MOTION PICTURE,Arthur Freed,Gigi,1894-09-09,Charleston,United States
1958,1959,31,BEST MOTION PICTURE,Producer,Gigi,,,
1958,1959,31,SHORT SUBJECT (Cartoon),John W. Burton,Knighty Knight Bugs,1906-08-18,Rockford,United States
1958,1959,31,SHORT SUBJECT (Cartoon),Producer,Knighty Knight Bugs,,,
1958,1959,31,SHORT SUBJECT (Live Action),Walt Disney,Grand Canyon,1901-12-05,Chicago,United States
1958,1959,31,SHORT SUBJECT (Live Action),Producer,Grand Canyon,,,
1958,1959,31,SOUND,Todd-AO Sound Department,South Pacific,,,
1958,1959,31,SOUND,Fred Hynes,South Pacific,1908-05-08,Nashville,United States
1958,1959,31,SOUND,Sound Director,South Pacific,,,
1958,1959,31,SPECIAL EFFECTS,Tom Howard,tom thumb,1910-03-27,Northamptonshire,United Kingdom
1958,1959,31,WRITING (Screenplay--based on material from another medium),Alan Jay Lerner,Gigi,1918-08-31,New York City,United States
1958,1959,31,WRITING (Story and Screenplay--written directly for the screen),Nedrick Young,The Defiant Ones,1914-03-23,Philadelphia,United States
1958,1959,31,WRITING (Story and Screenplay--written directly for the screen),Harold Jacob Smith,The Defiant Ones,1912-07-02,New York City,United States
1958,1959,31,HONORARY AWARD,Maurice Chevalier for his contributions to the world of entertainment for more than half a century.,,1888-09-12,20th arrondissement of Paris,France
1958,1959,31,IRVING G. THALBERG MEMORIAL AWARD,Jack L. Warner,,,,
1959,1960,32,ACTOR,Charlton Heston,Ben-Hur,1923-10-04,Evanston,United States
1959,1960,32,ACTOR IN A SUPPORTING ROLE,Hugh Griffith,Ben-Hur,1912-05-30,Marian-glas,United Kingdom
1959,1960,32,ACTRESS,Simone Signoret,Room at the Top,1921-03-25,Wiesbaden,Germany
1959,1960,32,ACTRESS IN A SUPPORTING ROLE,Shelley Winters,The Diary of Anne Frank,1920-08-18,East St. Louis,United States
1959,1960,32,ART DIRECTION (Black-and-White),Art Direction:  Lyle R. Wheeler,The Diary of Anne Frank,,,
1959,1960,32,ART DIRECTION (Black-and-White),George W. Davis,The Diary of Anne Frank,,,
1959,1960,32,ART DIRECTION (Black-and-White),Set Decoration:  Walter M. Scott,The Diary of Anne Frank,,,
1959,1960,32,ART DIRECTION (Black-and-White),Stuart A. Reiss,The Diary of Anne Frank,1921-07-15,Chicago,United States
1959,1960,32,ART DIRECTION (Color),Art Direction:  William A. Horning,Ben-Hur,,,
1959,1960,32,ART DIRECTION (Color),Edward Carfagno,Ben-Hur,1907-11-28,Los Angeles,United States
1959,1960,32,ART DIRECTION (Color),Set Decoration:  Hugh Hunt,Ben-Hur,,,
1959,1960,32,CINEMATOGRAPHY (Black-and-White),William C. Mellor,The Diary of Anne Frank,1903-06-29,Missouri,United States
1959,1960,32,CINEMATOGRAPHY (Color),Robert L. Surtees,Ben-Hur,1906-08-09,Covington,United States
1959,1960,32,COSTUME DESIGN (Black-and-White),Orry-Kelly,Some Like It Hot,1897-12-31,Kiama,Australia
1959,1960,32,COSTUME DESIGN (Color),Elizabeth Haffenden,Ben-Hur,1906-04-18,Croydon,United Kingdom
1959,1960,32,DIRECTING,William Wyler,Ben-Hur,1902-07-01,Mulhouse,France
1959,1960,32,DOCUMENTARY (Feature),Bernhard Grzimek,Serengeti Shall Not Die,1909-04-24,Nysa,Poland
1959,1960,32,DOCUMENTARY (Feature),Producer,Serengeti Shall Not Die,,,
1959,1960,32,DOCUMENTARY (Short Subject),Bert Haanstra,Glass,1916-05-31,Rijssen-Holten,Netherlands
1959,1960,32,DOCUMENTARY (Short Subject),Producer,Glass,,,
1959,1960,32,FILM EDITING,Ralph E. Winters,Ben-Hur,1909-06-17,Toronto,Canada
1959,1960,32,FILM EDITING,John D. Dunning,Ben-Hur,,,
1959,1960,32,FOREIGN LANGUAGE FILM,France,Black Orpheus,,,
1959,1960,32,MUSIC (Music Score of a Dramatic or Comedy Picture),Miklos Rozsa,Ben-Hur,,,
1959,1960,32,MUSIC (Scoring of a Musical Picture),Andre Previn,Porgy and Bess,,,
1959,1960,32,MUSIC (Scoring of a Musical Picture),Ken Darby,Porgy and Bess,1909-05-13,Nebraska,United States
1959,1960,32,MUSIC (Song),James Van Heusen,A Hole in the Head,,,
1959,1960,32,MUSIC (Song),Sammy Cahn,A Hole in the Head,1913-06-18,Manhattan,United States
1959,1960,32,BEST MOTION PICTURE,Sam Zimbalist,Ben-Hur,1904-03-31,New York City,United States
1959,1960,32,BEST MOTION PICTURE,Producer,Ben-Hur,,,
1959,1960,32,SHORT SUBJECT (Cartoon),John Hubley,Moonbird,1914-05-21,Marinette,United States
1959,1960,32,SHORT SUBJECT (Cartoon),Producer,Moonbird,,,
1959,1960,32,SHORT SUBJECT (Live Action),Jacques-Yves Cousteau,The Golden Fish,,,
1959,1960,32,SHORT SUBJECT (Live Action),Producer,The Golden Fish,,,
1959,1960,32,SOUND,Metro-Goldwyn-Mayer Studio Sound Department,Ben-Hur,,,
1959,1960,32,SOUND,Franklin E. Milton,Ben-Hur,,,
1959,1960,32,SOUND,Sound Director,Ben-Hur,,,
1959,1960,32,SPECIAL EFFECTS,A. Arnold Gillespie,Ben-Hur,,,
1959,1960,32,SPECIAL EFFECTS,Robert MacDonald,Ben-Hur,1912-07-16,Los Angeles,United States
1959,1960,32,SPECIAL EFFECTS,Milo Lory,Ben-Hur,,,
1959,1960,32,WRITING (Screenplay--based on material from another medium),Neil Paterson,Room at the Top,1916-12-31,Greenock,United Kingdom
1959,1960,32,WRITING (Story and Screenplay--written directly for the screen),Russell Rouse,Pillow Talk,1913-11-20,The Bronx,United States
1959,1960,32,WRITING (Story and Screenplay--written directly for the screen),Clarence Greene,Pillow Talk,1913-08-10,New York City,United States
1959,1960,32,WRITING (Story and Screenplay--written directly for the screen),Stanley Shapiro,Pillow Talk,1925-07-16,Brooklyn,United States
1959,1960,32,WRITING (Story and Screenplay--written directly for the screen),Maurice Richlin,Pillow Talk,1920-02-23,Omaha,United States
1959,1960,32,JEAN HERSHOLT HUMANITARIAN AWARD,Bob Hope,,1903-05-29,Q2057625,United Kingdom
1959,1960,32,HONORARY AWARD,Lee De Forest for his pioneering inventions which brought sound to the motion picture.,,,,
1959,1960,32,HONORARY AWARD,Buster Keaton for his unique talents which brought immortal comedies to the screen.,,1895-10-04,Piqua,United States
1960,1961,33,ACTOR,Burt Lancaster,Elmer Gantry,1913-11-02,New York City,United States
1960,1961,33,ACTOR IN A SUPPORTING ROLE,Peter Ustinov,Spartacus,1921-04-16,London Borough of Camden,United Kingdom
1960,1961,33,ACTRESS,Elizabeth Taylor,Butterfield 8,1932-02-27,Hampstead Garden Suburb,United Kingdom
1960,1961,33,ACTRESS IN A SUPPORTING ROLE,Shirley Jones,Elmer Gantry,1934-03-31,Charleroi,United States
1960,1961,33,ART DIRECTION (Black-and-White),Art Direction:  Alexander Trauner,The Apartment,,,
1960,1961,33,ART DIRECTION (Black-and-White),Set Decoration:  Edward G. Boyle,The Apartment,,,
1960,1961,33,ART DIRECTION (Color),Art Direction:  Alexander Golitzen,Spartacus,,,
1960,1961,33,ART DIRECTION (Color),Eric Orbom,Spartacus,,,
1960,1961,33,ART DIRECTION (Color),Set Decoration:  Russell A. Gausman,Spartacus,,,
1960,1961,33,ART DIRECTION (Color),Julia Heron,Spartacus,1897-11-21,Montana,United States
1960,1961,33,CINEMATOGRAPHY (Black-and-White),Freddie Francis,Sons and Lovers,1917-12-22,London,United Kingdom
1960,1961,33,CINEMATOGRAPHY (Color),Russell Metty,Spartacus,1906-09-20,Los Angeles,United States
1960,1961,33,COSTUME DESIGN (Black-and-White),Edith Head,The Facts of Life,1897-10-28,San Bernardino,United States
1960,1961,33,COSTUME DESIGN (Black-and-White),Edward Stevenson,The Facts of Life,1906-05-13,Pocatello,United States
1960,1961,33,COSTUME DESIGN (Color),Valles,Spartacus,,,
1960,1961,33,COSTUME DESIGN (Color),Bill Thomas,Spartacus,1921-10-13,Chicago,United States
1960,1961,33,DIRECTING,Billy Wilder,The Apartment,1906-06-22,Sucha Beskidzka,Poland
1960,1961,33,DOCUMENTARY (Feature),Larry Lansburgh,The Horse with the Flying Tail,1911-05-18,San Francisco,United States
1960,1961,33,DOCUMENTARY (Feature),Producer,The Horse with the Flying Tail,,,
1960,1961,33,DOCUMENTARY (Short Subject),James Hill,Giuseppina,1919-08-01,Eldwick,United Kingdom
1960,1961,33,DOCUMENTARY (Short Subject),Producer,Giuseppina,,,
1960,1961,33,FILM EDITING,Daniel Mandell,The Apartment,1895-08-13,New York City,United States
1960,1961,33,FOREIGN LANGUAGE FILM,Sweden,The Virgin Spring,,,
1960,1961,33,MUSIC (Music Score of a Dramatic or Comedy Picture),Ernest Gold,Exodus,1921-07-13,Vienna,Austria
1960,1961,33,MUSIC (Scoring of a Musical Picture),Morris Stoloff,Song without End (The Story of Franz Liszt),1898-08-01,Philadelphia,United States
1960,1961,33,MUSIC (Scoring of a Musical Picture),Harry Sukman,Song without End (The Story of Franz Liszt),1912-12-02,Chicago,United States
1960,1961,33,MUSIC (Song),Manos Hadjidakis,Never on Sunday,,,
1960,1961,33,BEST MOTION PICTURE,Billy Wilder,The Apartment,1906-06-22,Sucha Beskidzka,Poland
1960,1961,33,BEST MOTION PICTURE,Producer,The Apartment,,,
1960,1961,33,SHORT SUBJECT (Cartoon),William L. Snyder,Munro,1918-02-14,Baltimore,United States
1960,1961,33,SHORT SUBJECT (Cartoon),Producer,Munro,,,
1960,1961,33,SHORT SUBJECT (Live Action),Ezra R. Baker,Day of the Painter,,,
1960,1961,33,SHORT SUBJECT (Live Action),Producer,Day of the Painter,,,
1960,1961,33,SOUND,Samuel Goldwyn Studio Sound Department,The Alamo,,,
1960,1961,33,SOUND,Gordon E. Sawyer,The Alamo,1905-08-27,Santa Barbara,United States
1960,1961,33,SOUND,Sound Director,The Alamo,,,
1960,1961,33,SOUND,and Todd-AO Sound Department,The Alamo,,,
1960,1961,33,SOUND,Fred Hynes,The Alamo,1908-05-08,Nashville,United States
1960,1961,33,SOUND,Sound Director,The Alamo,,,
1960,1961,33,SPECIAL EFFECTS,Gene Warren,The Time Machine,1916-08-12,Boulder,United States
1960,1961,33,SPECIAL EFFECTS,Tim Baar,The Time Machine,1912-12-27,Chicago,United States
1960,1961,33,WRITING (Screenplay--based on material from another medium),Richard Brooks,Elmer Gantry,1912-05-18,Philadelphia,United States
1960,1961,33,WRITING (Story and Screenplay--written directly for the screen),Billy Wilder,The Apartment,1906-06-22,Sucha Beskidzka,Poland
1960,1961,33,WRITING (Story and Screenplay--written directly for the screen),I. A. L. Diamond,The Apartment,1920-06-27,Ungheni,Moldova
1960,1961,33,JEAN HERSHOLT HUMANITARIAN AWARD,Sol Lesser,,,,
1960,1961,33,HONORARY AWARD,Gary Cooper for his many memorable screen performances and the international recognition he,,1901-05-07,Helena,United States
1960,1961,33,HONORARY AWARD,Stan Laurel for his creative pioneering in the field of cinema comedy.,,1890-06-16,Ulverston,United Kingdom
1960,1961,33,HONORARY AWARD,Hayley Mills for Pollyanna,,1946-04-18,Marylebone,United Kingdom
1961,1962,34,ACTOR,Maximilian Schell,Judgment at Nuremberg,1930-12-08,Vienna,Austria
1961,1962,34,ACTOR IN A SUPPORTING ROLE,George Chakiris,West Side Story,1932-09-16,Norwood,United States
1961,1962,34,ACTRESS,Sophia Loren,Two Women,1934-09-20,Rome,Italy
1961,1962,34,ACTRESS IN A SUPPORTING ROLE,Rita Moreno,West Side Story,1931-12-11,Humacao,United States
1961,1962,34,ART DIRECTION (Black-and-White),Art Direction:  Harry Horner,The Hustler,,,
1961,1962,34,ART DIRECTION (Black-and-White),Set Decoration:  Gene Callahan,The Hustler,,,
1961,1962,34,ART DIRECTION (Color),Art Direction:  Boris Leven,West Side Story,,,
1961,1962,34,ART DIRECTION (Color),Set Decoration:  Victor A. Gangelin,West Side Story,,,
1961,1962,34,CINEMATOGRAPHY (Black-and-White),Eugen Shuftan,The Hustler,,,
1961,1962,34,CINEMATOGRAPHY (Color),Daniel L. Fapp,West Side Story,1904-04-21,Kansas City,United States
1961,1962,34,COSTUME DESIGN (Black-and-White),Piero Gherardi,La Dolce Vita,1909-11-20,Poppi,Italy
1961,1962,34,COSTUME DESIGN (Color),Irene Sharaff,West Side Story,1910-01-23,New York City,United States
1961,1962,34,DIRECTING,Robert Wise,West Side Story,1914-09-10,Winchester,United States
1961,1962,34,DIRECTING,Jerome Robbins,West Side Story,1918-10-11,New York City,United States
1961,1962,34,DOCUMENTARY (Feature),Arthur Cohn and Rene Lafuite,Le Ciel et la Boue (Sky Above and Mud Beneath),,,
1961,1962,34,DOCUMENTARY (Feature),Producers,Le Ciel et la Boue (Sky Above and Mud Beneath),,,
1961,1962,34,DOCUMENTARY (Short Subject),Frank P. Bibas,Project Hope,1917-01-17,New York City,United States
1961,1962,34,DOCUMENTARY (Short Subject),Producer,Project Hope,,,
1961,1962,34,FILM EDITING,Thomas Stanford,West Side Story,1924-11-01,Düsseldorf,Germany
1961,1962,34,FOREIGN LANGUAGE FILM,Sweden,Through a Glass Darkly,,,
1961,1962,34,MUSIC (Music Score of a Dramatic or Comedy Picture),Henry Mancini,Breakfast at Tiffany's,1924-04-16,Cleveland,United States
1961,1962,34,MUSIC (Scoring of a Musical Picture),Saul Chaplin,West Side Story,1912-02-19,Brooklyn,United States
1961,1962,34,MUSIC (Scoring of a Musical Picture),Johnny Green,West Side Story,1908-10-10,Far Rockaway,United States
1961,1962,34,MUSIC (Scoring of a Musical Picture),Sid Ramin,West Side Story,1919-01-22,Boston,United States
1961,1962,34,MUSIC (Scoring of a Musical Picture),Irwin Kostal,West Side Story,1911-10-01,Chicago,United States
1961,1962,34,MUSIC (Song),Henry Mancini,Breakfast at Tiffany's,1924-04-16,Cleveland,United States
1961,1962,34,MUSIC (Song),Johnny Mercer,Breakfast at Tiffany's,1909-11-18,Savannah,United States
1961,1962,34,BEST MOTION PICTURE,Robert Wise,West Side Story,1914-09-10,Winchester,United States
1961,1962,34,BEST MOTION PICTURE,Producer,West Side Story,,,
1961,1962,34,SHORT SUBJECT (Cartoon),Zagreb Film,Ersatz (The Substitute),,,
1961,1962,34,SHORT SUBJECT (Live Action),Templar Film Studios,Seawards the Great Ships,,,
1961,1962,34,SOUND,Todd-AO Sound Department,West Side Story,,,
1961,1962,34,SOUND,Fred Hynes,West Side Story,1908-05-08,Nashville,United States
1961,1962,34,SOUND,Sound Director,West Side Story,,,
1961,1962,34,SOUND,and Samuel Goldwyn Studio Sound Department,West Side Story,,,
1961,1962,34,SOUND,Gordon E. Sawyer,West Side Story,1905-08-27,Santa Barbara,United States
1961,1962,34,SOUND,Sound Director,West Side Story,,,
1961,1962,34,SPECIAL EFFECTS,Bill Warrington,The Guns of Navarone,1910-01-01,,
1961,1962,34,SPECIAL EFFECTS,Vivian C. Greenham,The Guns of Navarone,,,
1961,1962,34,WRITING (Screenplay--based on material from another medium),Abby Mann,Judgment at Nuremberg,1927-12-01,Philadelphia,United States
1961,1962,34,WRITING (Story and Screenplay--written directly for the screen),William Inge,Splendor in the Grass,1913-05-03,Independence,United States
1961,1962,34,JEAN HERSHOLT HUMANITARIAN AWARD,George Seaton,,1911-04-17,South Bend,United States
1961,1962,34,HONORARY AWARD,William L. Hendricks for his outstanding patriotic service in the conception,,1904-05-03,Grand Prairie,United States
1961,1962,34,HONORARY AWARD,Fred L. Metzler for his dedication and outstanding service to the Academy of Motion Picture Arts and Sciences.,,,,
1961,1962,34,HONORARY AWARD,Jerome Robbins for his brilliant achievements in the art of choreography on film.,,1918-10-11,New York City,United States
1961,1962,34,IRVING G. THALBERG MEMORIAL AWARD,Stanley Kramer,,1913-09-29,Brooklyn,United States
1962,1963,35,ACTOR,Gregory Peck,To Kill a Mockingbird,1916-04-05,San Diego,United States
1962,1963,35,ACTOR IN A SUPPORTING ROLE,Ed Begley,Sweet Bird of Youth,1901-03-25,Hartford,United States
1962,1963,35,ACTRESS,Anne Bancroft,The Miracle Worker,1931-09-17,The Bronx,United States
1962,1963,35,ACTRESS IN A SUPPORTING ROLE,Patty Duke,The Miracle Worker,1946-12-14,Queens,United States
1962,1963,35,ART DIRECTION (Black-and-White),Art Direction:  Alexander Golitzen,To Kill a Mockingbird,,,
1962,1963,35,ART DIRECTION (Black-and-White),Henry Bumstead,To Kill a Mockingbird,1915-03-17,Ontario,United States
1962,1963,35,ART DIRECTION (Black-and-White),Set Decoration:  Oliver Emert,To Kill a Mockingbird,,,
1962,1963,35,ART DIRECTION (Color),Art Direction:  John Box,Lawrence of Arabia,,,
1962,1963,35,ART DIRECTION (Color),John Stoll,Lawrence of Arabia,1913-12-13,London,United Kingdom
1962,1963,35,ART DIRECTION (Color),Set Decoration:  Dario Simoni,Lawrence of Arabia,,,
1962,1963,35,CINEMATOGRAPHY (Black-and-White),Jean Bourgoin,The Longest Day,1913-03-04,Paris,France
1962,1963,35,CINEMATOGRAPHY (Black-and-White),Walter Wottitz,The Longest Day,1912-06-22,France,France
1962,1963,35,CINEMATOGRAPHY (Black-and-White),(Henri Persin),The Longest Day,,,
1962,1963,35,CINEMATOGRAPHY (Color),Fred A. Young,Lawrence of Arabia,,,
1962,1963,35,COSTUME DESIGN (Black-and-White),Norma Koch,What Ever Happened to Baby Jane?,1898-03-27,Kansas,United States
1962,1963,35,COSTUME DESIGN (Color),Mary Wills,The Wonderful World of the Brothers Grimm,1914-07-04,Prescott,United States
1962,1963,35,DIRECTING,David Lean,Lawrence of Arabia,1908-03-25,Croydon,United Kingdom
1962,1963,35,DOCUMENTARY (Feature),Louis Clyde Stoumen,Black Fox,1917-07-15,Springtown,United States
1962,1963,35,DOCUMENTARY (Feature),Producer,Black Fox,,,
1962,1963,35,DOCUMENTARY (Short Subject),Jack Howells,Dylan Thomas,1913-07-01,Rhymney,United Kingdom
1962,1963,35,DOCUMENTARY (Short Subject),Producer,Dylan Thomas,,,
1962,1963,35,FILM EDITING,Anne Coates,Lawrence of Arabia,,,
1962,1963,35,FOREIGN LANGUAGE FILM,France,Sundays and Cybele,,,
1962,1963,35,MUSIC (Music Score--substantially original),Maurice Jarre,Lawrence of Arabia,1924-09-13,5th arrondissement of Lyon,France
1962,1963,35,MUSIC (Scoring of Music--adaptation or treatment),Ray Heindorf,Meredith Willson's The Music Man,1908-08-25,Rockland County,United States
1962,1963,35,MUSIC (Song),Henry Mancini,Days of Wine and Roses,1924-04-16,Cleveland,United States
1962,1963,35,MUSIC (Song),Johnny Mercer,Days of Wine and Roses,1909-11-18,Savannah,United States
1962,1963,35,BEST PICTURE,Sam Spiegel,Lawrence of Arabia,1901-11-11,Jarosław,Poland
1962,1963,35,BEST PICTURE,Producer,Lawrence of Arabia,,,
1962,1963,35,SHORT SUBJECT (Cartoon),John Hubley and Faith Hubley,The Hole,,,
1962,1963,35,SHORT SUBJECT (Cartoon),Producers,The Hole,,,
1962,1963,35,SHORT SUBJECT (Live Action),Pierre Etaix and J.C. Carrière,Heureux Anniversaire (Happy Anniversary),,,
1962,1963,35,SHORT SUBJECT (Live Action),Producers,Heureux Anniversaire (Happy Anniversary),,,
1962,1963,35,SOUND,Shepperton Studio Sound Department,Lawrence of Arabia,,,
1962,1963,35,SOUND,John Cox,Lawrence of Arabia,1908-05-07,Leicester,United Kingdom
1962,1963,35,SOUND,Sound Director,Lawrence of Arabia,,,
1962,1963,35,SPECIAL EFFECTS,Robert MacDonald,The Longest Day,1912-07-16,Los Angeles,United States
1962,1963,35,SPECIAL EFFECTS,Jacques Maumont,The Longest Day,1924-09-29,5th arrondissement of Paris,France
1962,1963,35,WRITING (Screenplay--based on material from another medium),Horton Foote,To Kill a Mockingbird,1916-03-14,Wharton,United States
1962,1963,35,WRITING (Story and Screenplay--written directly for the screen),Ennio de Concini,Divorce--Italian Style,1923-12-09,Rome,Italy
1962,1963,35,WRITING (Story and Screenplay--written directly for the screen),Alfredo Giannetti,Divorce--Italian Style,1924-04-16,Rome,Italy
1962,1963,35,WRITING (Story and Screenplay--written directly for the screen),Pietro Germi,Divorce--Italian Style,1914-09-14,Genoa,Italy
1962,1963,35,JEAN HERSHOLT HUMANITARIAN AWARD,Steve Broidy,,,,
1963,1964,36,ACTOR,Sidney Poitier,Lilies of the Field,1927-02-20,Miami,United States
1963,1964,36,ACTOR IN A SUPPORTING ROLE,Melvyn Douglas,Hud,1901-04-05,Macon,United States
1963,1964,36,ACTRESS,Patricia Neal,Hud,1926-01-20,Packard,United States
1963,1964,36,ACTRESS IN A SUPPORTING ROLE,Margaret Rutherford,The V.I.P.s,1892-05-11,London,United Kingdom
1963,1964,36,ART DIRECTION (Black-and-White),Gene Callahan,America America,1923-11-07,Louisiana,United States
1963,1964,36,ART DIRECTION (Color),Art Direction:  John DeCuir,Cleopatra,,,
1963,1964,36,ART DIRECTION (Color),Jack Martin Smith,Cleopatra,1911-01-02,Los Angeles,United States
1963,1964,36,ART DIRECTION (Color),Hilyard Brown,Cleopatra,,,
1963,1964,36,ART DIRECTION (Color),Herman Blumenthal,Cleopatra,,,
1963,1964,36,ART DIRECTION (Color),Elven Webb,Cleopatra,1910-08-29,England,United Kingdom
1963,1964,36,ART DIRECTION (Color),Maurice Pelling,Cleopatra,1920-01-01,Romford,United Kingdom
1963,1964,36,ART DIRECTION (Color),Boris Juraga,Cleopatra,1925-01-01,,
1963,1964,36,ART DIRECTION (Color),Set Decoration:  Walter M. Scott,Cleopatra,,,
1963,1964,36,ART DIRECTION (Color),Paul S. Fox,Cleopatra,1898-09-30,Shiawassee County,United States
1963,1964,36,ART DIRECTION (Color),Ray Moyer,Cleopatra,1898-02-21,Santa Barbara,United States
1963,1964,36,CINEMATOGRAPHY (Black-and-White),James Wong Howe,Hud,1899-08-28,Taishan,People's Republic of China
1963,1964,36,CINEMATOGRAPHY (Color),Leon Shamroy,Cleopatra,1901-07-16,New York City,United States
1963,1964,36,COSTUME DESIGN (Black-and-White),Piero Gherardi,Federico Fellini's 8-1/2,1909-11-20,Poppi,Italy
1963,1964,36,COSTUME DESIGN (Color),Irene Sharaff,Cleopatra,1910-01-23,New York City,United States
1963,1964,36,COSTUME DESIGN (Color),Vittorio Nino Novarese,Cleopatra,1907-05-15,Rome,Italy
1963,1964,36,COSTUME DESIGN (Color),Renie,Cleopatra,,,
1963,1964,36,DIRECTING,Tony Richardson,Tom Jones,1928-06-05,Shipley,United Kingdom
1963,1964,36,DOCUMENTARY (Feature),Robert Hughes,Robert Frost: A Lover's Quarrel with the World,,,
1963,1964,36,DOCUMENTARY (Feature),Producer,Robert Frost: A Lover's Quarrel with the World,,,
1963,1964,36,DOCUMENTARY (Short Subject),Simon Schiffrin,Chagall,1894-09-29,Baku,Azerbaijan
1963,1964,36,DOCUMENTARY (Short Subject),Producer,Chagall,,,
1963,1964,36,FILM EDITING,Harold F. Kress,How the West Was Won,1913-06-26,Pittsburgh,United States
1963,1964,36,FOREIGN LANGUAGE FILM,Italy,Federico Fellini's 8-1/2,,,
1963,1964,36,MUSIC (Music Score--substantially original),John Addison,Tom Jones,1920-03-16,United Kingdom,United Kingdom
1963,1964,36,MUSIC (Scoring of Music--adaptation or treatment),Andre Previn,Irma La Douce,,,
1963,1964,36,MUSIC (Song),James Van Heusen,Papa's Delicate Condition,,,
1963,1964,36,MUSIC (Song),Sammy Cahn,Papa's Delicate Condition,1913-06-18,Manhattan,United States
1963,1964,36,BEST PICTURE,Tony Richardson,Tom Jones,1928-06-05,Shipley,United Kingdom
1963,1964,36,BEST PICTURE,Producer,Tom Jones,,,
1963,1964,36,SHORT SUBJECT (Cartoon),Ernest Pintoff,The Critic,1931-12-15,Watertown,United States
1963,1964,36,SHORT SUBJECT (Cartoon),Producer,The Critic,,,
1963,1964,36,SHORT SUBJECT (Live Action),Paul de Roubaix and Marcel Ichac,An Occurrence at Owl Creek Bridge,,,
1963,1964,36,SHORT SUBJECT (Live Action),Producers,An Occurrence at Owl Creek Bridge,,,
1963,1964,36,SOUND,Metro-Goldwyn-Mayer Studio Sound Department,How the West Was Won,,,
1963,1964,36,SOUND,Franklin E. Milton,How the West Was Won,,,
1963,1964,36,SOUND,Sound Director,How the West Was Won,,,
1963,1964,36,SOUND EFFECTS,Walter G. Elliott,"It's a Mad, Mad, Mad, Mad World",,,
1963,1964,36,SPECIAL EFFECTS,Emil Kosa,Cleopatra,,,
1963,1964,36,SPECIAL EFFECTS,Jr.,Cleopatra,,,
1963,1964,36,WRITING (Screenplay--based on material from another medium),John Osborne,Tom Jones,1929-12-12,London,United Kingdom
1963,1964,36,WRITING (Story and Screenplay--written directly for the screen),James R. Webb,How the West Was Won,1909-10-04,Denver,United States
1963,1964,36,IRVING G. THALBERG MEMORIAL AWARD,Sam Spiegel,,1901-11-11,Jarosław,Poland
1964,1965,37,ACTOR,Rex Harrison,My Fair Lady,1908-03-05,Huyton,United Kingdom
1964,1965,37,ACTOR IN A SUPPORTING ROLE,Peter Ustinov,Topkapi,1921-04-16,London Borough of Camden,United Kingdom
1964,1965,37,ACTRESS,Julie Andrews,Mary Poppins,1935-10-01,Walton-on-Thames,United Kingdom
1964,1965,37,ACTRESS IN A SUPPORTING ROLE,Lila Kedrova,Zorba the Greek,1909-10-09,Saint Petersburg,Russia
1964,1965,37,ART DIRECTION (Black-and-White),Vassilis Fotopoulos,Zorba the Greek,,,
1964,1965,37,ART DIRECTION (Color),Art Direction:  Gene Allen,My Fair Lady,,,
1964,1965,37,ART DIRECTION (Color),Cecil Beaton,My Fair Lady,1904-01-14,Hampstead,United Kingdom
1964,1965,37,ART DIRECTION (Color),Set Decoration:  George James Hopkins,My Fair Lady,,,
1964,1965,37,CINEMATOGRAPHY (Black-and-White),Walter Lassally,Zorba the Greek,1926-12-18,Berlin,Germany
1964,1965,37,CINEMATOGRAPHY (Color),Harry Stradling,My Fair Lady,1901-09-01,Newark,United States
1964,1965,37,COSTUME DESIGN (Black-and-White),Dorothy Jeakins,The Night of the Iguana,1914-01-11,San Diego,United States
1964,1965,37,COSTUME DESIGN (Color),Cecil Beaton,My Fair Lady,1904-01-14,Hampstead,United Kingdom
1964,1965,37,DIRECTING,George Cukor,My Fair Lady,1899-07-07,New York City,United States
1964,1965,37,DOCUMENTARY (Feature),Jacques-Yves Cousteau,Jacques-Yves Cousteau's World without Sun,,,
1964,1965,37,DOCUMENTARY (Feature),Producer,Jacques-Yves Cousteau's World without Sun,,,
1964,1965,37,DOCUMENTARY (Short Subject),Charles Guggenheim,Nine from Little Rock,1924-03-31,Cincinnati,United States
1964,1965,37,DOCUMENTARY (Short Subject),Producer,Nine from Little Rock,,,
1964,1965,37,FILM EDITING,Cotton Warburton,Mary Poppins,1911-10-08,San Diego,United States
1964,1965,37,FOREIGN LANGUAGE FILM,Italy,"Yesterday, Today and Tomorrow",,,
1964,1965,37,MUSIC (Music Score--substantially original),Richard M. Sherman,Mary Poppins,1928-06-12,New York City,United States
1964,1965,37,MUSIC (Music Score--substantially original),Robert B. Sherman,Mary Poppins,1925-12-19,New York City,United States
1964,1965,37,MUSIC (Scoring of Music--adaptation or treatment),Andre Previn,My Fair Lady,,,
1964,1965,37,MUSIC (Song),Richard M. Sherman and Robert B. Sherman,Mary Poppins,,,
1964,1965,37,BEST PICTURE,Jack L. Warner,My Fair Lady,,,
1964,1965,37,BEST PICTURE,Producer,My Fair Lady,,,
1964,1965,37,SHORT SUBJECT (Cartoon),David H. DePatie and Friz Freleng,The Pink Phink,,,
1964,1965,37,SHORT SUBJECT (Cartoon),Producers,The Pink Phink,,,
1964,1965,37,SHORT SUBJECT (Live Action),Edward Schreiber,Casals Conducts: 1964,,,
1964,1965,37,SHORT SUBJECT (Live Action),Producer,Casals Conducts: 1964,,,
1964,1965,37,SOUND,Warner Bros. Studio Sound Department,My Fair Lady,,,
1964,1965,37,SOUND,George R. Groves,My Fair Lady,,,
1964,1965,37,SOUND,Sound Director,My Fair Lady,,,
1964,1965,37,SOUND EFFECTS,Norman Wanstall,Goldfinger,,,
1964,1965,37,SPECIAL VISUAL EFFECTS,Peter Ellenshaw,Mary Poppins,1913-05-24,London,United Kingdom
1964,1965,37,SPECIAL VISUAL EFFECTS,Eustace Lycett,Mary Poppins,1914-12-21,Stoke-on-Trent,United Kingdom
1964,1965,37,SPECIAL VISUAL EFFECTS,Hamilton Luske,Mary Poppins,1903-10-16,Chicago,United States
1964,1965,37,WRITING (Screenplay--based on material from another medium),Edward Anhalt,Becket,1914-03-28,New York City,United States
1964,1965,37,WRITING (Story and Screenplay--written directly for the screen),S. H. Barnett,Father Goose,1908-09-19,New Jersey,United States
1964,1965,37,WRITING (Story and Screenplay--written directly for the screen),Peter Stone,Father Goose,1930-02-27,Los Angeles,United States
1964,1965,37,WRITING (Story and Screenplay--written directly for the screen),Frank Tarloff,Father Goose,1916-02-04,Brooklyn,United States
1964,1965,37,HONORARY AWARD,William Tuttle for his outstanding make-up achievement for 7 Faces of Dr. Lao.,,,,
1965,1966,38,ACTOR,Lee Marvin,Cat Ballou,1924-02-19,New York City,United States
1965,1966,38,ACTOR IN A SUPPORTING ROLE,Martin Balsam,A Thousand Clowns,1919-11-04,The Bronx,United States
1965,1966,38,ACTRESS,Julie Christie,Darling,1940-04-14,Chabua,India
1965,1966,38,ACTRESS IN A SUPPORTING ROLE,Shelley Winters,A Patch of Blue,1920-08-18,East St. Louis,United States
1965,1966,38,ART DIRECTION (Black-and-White),Art Direction:  Robert Clatworthy,Ship of Fools,,,
1965,1966,38,ART DIRECTION (Black-and-White),Set Decoration:  Joseph Kish,Ship of Fools,,,
1965,1966,38,ART DIRECTION (Color),Art Direction:  John Box,Doctor Zhivago,,,
1965,1966,38,ART DIRECTION (Color),Terry Marsh,Doctor Zhivago,,,
1965,1966,38,ART DIRECTION (Color),Set Decoration:  Dario Simoni,Doctor Zhivago,,,
1965,1966,38,CINEMATOGRAPHY (Black-and-White),Ernest Laszlo,Ship of Fools,1898-04-23,Budapest,Hungary
1965,1966,38,CINEMATOGRAPHY (Color),Freddie Young,Doctor Zhivago,,,
1965,1966,38,COSTUME DESIGN (Black-and-White),Julie Harris,Darling,1921-03-26,London,United Kingdom
1965,1966,38,COSTUME DESIGN (Color),Phyllis Dalton,Doctor Zhivago,1925-10-16,Chiswick,United Kingdom
1965,1966,38,DIRECTING,Robert Wise,The Sound of Music,1914-09-10,Winchester,United States
1965,1966,38,DOCUMENTARY (Feature),Sidney Glazier,The Eleanor Roosevelt Story,1916-05-29,Philadelphia,United States
1965,1966,38,DOCUMENTARY (Feature),Producer,The Eleanor Roosevelt Story,,,
1965,1966,38,DOCUMENTARY (Short Subject),Francis Thompson,To Be Alive!,1908-01-03,Titusville,United States
1965,1966,38,DOCUMENTARY (Short Subject),Producer,To Be Alive!,,,
1965,1966,38,FILM EDITING,William Reynolds,The Sound of Music,,,
1965,1966,38,FOREIGN LANGUAGE FILM,Czechoslovakia,The Shop on Main Street,,,
1965,1966,38,MUSIC (Music Score--substantially original),Maurice Jarre,Doctor Zhivago,1924-09-13,5th arrondissement of Lyon,France
1965,1966,38,MUSIC (Scoring of Music--adaptation or treatment),Irwin Kostal,The Sound of Music,1911-10-01,Chicago,United States
1965,1966,38,MUSIC (Song),Johnny Mandel,The Sandpiper,1925-11-23,New York City,United States
1965,1966,38,MUSIC (Song),Paul Francis Webster,The Sandpiper,1907-12-20,New York City,United States
1965,1966,38,BEST PICTURE,Robert Wise,The Sound of Music,1914-09-10,Winchester,United States
1965,1966,38,BEST PICTURE,Producer,The Sound of Music,,,
1965,1966,38,SHORT SUBJECT (Cartoon),Chuck Jones and Les Goldman,The Dot and the Line,,,
1965,1966,38,SHORT SUBJECT (Cartoon),Producers,The Dot and the Line,,,
1965,1966,38,SHORT SUBJECT (Live Action),Claude Berri,The Chicken (Le Poulet),,,
1965,1966,38,SHORT SUBJECT (Live Action),Producer,The Chicken (Le Poulet),,,
1965,1966,38,SOUND,20th Century-Fox Studio Sound Department,The Sound of Music,,,
1965,1966,38,SOUND,James P. Corcoran,The Sound of Music,,,
1965,1966,38,SOUND,Sound Director,The Sound of Music,,,
1965,1966,38,SOUND,and Todd-AO Sound Department,The Sound of Music,,,
1965,1966,38,SOUND,Fred Hynes,The Sound of Music,1908-05-08,Nashville,United States
1965,1966,38,SOUND,Sound Director,The Sound of Music,,,
1965,1966,38,SOUND EFFECTS,Tregoweth Brown,The Great Race,,,
1965,1966,38,SPECIAL VISUAL EFFECTS,John Stears,Thunderball,1934-08-25,Uxbridge,United Kingdom
1965,1966,38,WRITING (Screenplay--based on material from another medium),Robert Bolt,Doctor Zhivago,1924-08-15,Sale,United Kingdom
1965,1966,38,WRITING (Story and Screenplay--written directly for the screen),Frederic Raphael,Darling,1931-08-14,Chicago,United States
1965,1966,38,JEAN HERSHOLT HUMANITARIAN AWARD,Edmond L. DePatie,,,,
1965,1966,38,HONORARY AWARD,Bob Hope for unique and distinguished service to our industry and the Academy.,,1903-05-29,Q2057625,United Kingdom
1965,1966,38,IRVING G. THALBERG MEMORIAL AWARD,William Wyler,,1902-07-01,Mulhouse,France
1966,1967,39,ACTOR,Paul Scofield,A Man for All Seasons,1922-01-21,Hurstpierpoint,United Kingdom
1966,1967,39,ACTOR IN A SUPPORTING ROLE,Walter Matthau,The Fortune Cookie,1920-10-01,New York City,United States
1966,1967,39,ACTRESS,Elizabeth Taylor,Who's Afraid of Virginia Woolf?,1932-02-27,Hampstead Garden Suburb,United Kingdom
1966,1967,39,ACTRESS IN A SUPPORTING ROLE,Sandy Dennis,Who's Afraid of Virginia Woolf?,1937-04-27,Hastings,United States
1966,1967,39,ART DIRECTION (Black-and-White),Art Direction:  Richard Sylbert,Who's Afraid of Virginia Woolf?,,,
1966,1967,39,ART DIRECTION (Black-and-White),Set Decoration:  George James Hopkins,Who's Afraid of Virginia Woolf?,,,
1966,1967,39,ART DIRECTION (Color),Art Direction:  Jack Martin Smith,Fantastic Voyage,,,
1966,1967,39,ART DIRECTION (Color),Dale Hennesy,Fantastic Voyage,1926-08-24,"Washington, D.C.",United States
1966,1967,39,ART DIRECTION (Color),Set Decoration:  Walter M. Scott,Fantastic Voyage,,,
1966,1967,39,ART DIRECTION (Color),Stuart A. Reiss,Fantastic Voyage,1921-07-15,Chicago,United States
1966,1967,39,CINEMATOGRAPHY (Black-and-White),Haskell Wexler,Who's Afraid of Virginia Woolf?,1922-02-06,Chicago,United States
1966,1967,39,CINEMATOGRAPHY (Color),Ted Moore,A Man for All Seasons,1914-08-07,South Africa,South Africa
1966,1967,39,COSTUME DESIGN (Black-and-White),Irene Sharaff,Who's Afraid of Virginia Woolf?,1910-01-23,New York City,United States
1966,1967,39,COSTUME DESIGN (Color),Elizabeth Haffenden,A Man for All Seasons,1906-04-18,Croydon,United Kingdom
1966,1967,39,COSTUME DESIGN (Color),Joan Bridge,A Man for All Seasons,1912-03-13,Derbyshire,United Kingdom
1966,1967,39,DIRECTING,Fred Zinnemann,A Man for All Seasons,1907-04-29,Rzeszów,Poland
1966,1967,39,DOCUMENTARY (Feature),Peter Watkins,The War Game,1935-10-29,Norbiton,United Kingdom
1966,1967,39,DOCUMENTARY (Feature),Producer,The War Game,,,
1966,1967,39,DOCUMENTARY (Short Subject),Edmond A. Levy,A Year toward Tomorrow,,,
1966,1967,39,DOCUMENTARY (Short Subject),Producer,A Year toward Tomorrow,,,
1966,1967,39,FILM EDITING,Fredric Steinkamp,Grand Prix,1928-08-22,Los Angeles,United States
1966,1967,39,FILM EDITING,Henry Berman,Grand Prix,1914-01-01,Lawrence County,United States
1966,1967,39,FILM EDITING,Stewart Linder,Grand Prix,,,
1966,1967,39,FILM EDITING,Frank Santillo,Grand Prix,1912-10-08,New Mexico,United States
1966,1967,39,FOREIGN LANGUAGE FILM,France,A Man and a Woman,,,
1966,1967,39,MUSIC (Original Music Score),John Barry,Born Free,1933-11-03,York,United Kingdom
1966,1967,39,MUSIC (Scoring of Music--adaptation or treatment),Ken Thorne,A Funny Thing Happened on the Way to the Forum,1924-01-26,Dereham,United Kingdom
1966,1967,39,MUSIC (Song),John Barry,Born Free,1933-11-03,York,United Kingdom
1966,1967,39,MUSIC (Song),Don Black,Born Free,1938-06-21,London,United Kingdom
1966,1967,39,BEST PICTURE,Fred Zinnemann,A Man for All Seasons,1907-04-29,Rzeszów,Poland
1966,1967,39,BEST PICTURE,Producer,A Man for All Seasons,,,
1966,1967,39,SHORT SUBJECT (Cartoon),John Hubley and Faith Hubley,Herb Alpert and the Tijuana Brass Double Feature,,,
1966,1967,39,SHORT SUBJECT (Cartoon),Producers,Herb Alpert and the Tijuana Brass Double Feature,,,
1966,1967,39,SHORT SUBJECT (Live Action),Edgar Anstey,Wild Wings,,,
1966,1967,39,SHORT SUBJECT (Live Action),Producer,Wild Wings,,,
1966,1967,39,SOUND,Metro-Goldwyn-Mayer Studio Sound Department,Grand Prix,,,
1966,1967,39,SOUND,Franklin E. Milton,Grand Prix,,,
1966,1967,39,SOUND,Sound Director,Grand Prix,,,
1966,1967,39,SOUND EFFECTS,Gordon Daniel,Grand Prix,,,
1966,1967,39,SPECIAL VISUAL EFFECTS,Art Cruickshank,Fantastic Voyage,1918-12-17,Massachusetts,United States
1966,1967,39,WRITING (Screenplay--based on material from another medium),Robert Bolt,A Man for All Seasons,1924-08-15,Sale,United Kingdom
1966,1967,39,WRITING (Story and Screenplay--written directly for the screen),Claude Lelouch,A Man and a Woman,1937-10-30,9th arrondissement of Paris,France
1966,1967,39,WRITING (Story and Screenplay--written directly for the screen),Claude Lelouch,A Man and a Woman,1937-10-30,9th arrondissement of Paris,France
1966,1967,39,WRITING (Story and Screenplay--written directly for the screen),Pierre Uytterhoeven,A Man and a Woman,1925-01-01,,
1966,1967,39,JEAN HERSHOLT HUMANITARIAN AWARD,George Bagnall,,,,
1966,1967,39,HONORARY AWARD,Y. Frank Freeman for unusual and outstanding service to the Academy during his thirty years in Hollywood.,,1890-12-14,Greenville,United States
1966,1967,39,HONORARY AWARD,Yakima Canutt for achievements as a stunt man and for developing safety devices to protect stunt men everywhere.,,1895-11-29,Colfax,United States
1966,1967,39,IRVING G. THALBERG MEMORIAL AWARD,Robert Wise,,1914-09-10,Winchester,United States
1967,1968,40,ACTOR,Rod Steiger,In the Heat of the Night,1925-04-14,Westhampton,United States
1967,1968,40,ACTOR IN A SUPPORTING ROLE,George Kennedy,Cool Hand Luke,1925-02-18,New York City,United States
1967,1968,40,ACTRESS,Katharine Hepburn,Guess Who's Coming to Dinner,1907-05-12,Hartford,United States
1967,1968,40,ACTRESS IN A SUPPORTING ROLE,Estelle Parsons,Bonnie and Clyde,1927-11-20,Marblehead,United States
1967,1968,40,ART DIRECTION,Art Direction:  John Truscott,Camelot,,,
1967,1968,40,ART DIRECTION,Edward Carrere,Camelot,1906-10-13,Mexico City,Mexico
1967,1968,40,ART DIRECTION,Set Decoration:  John W. Brown,Camelot,,,
1967,1968,40,CINEMATOGRAPHY,Burnett Guffey,Bonnie and Clyde,1905-05-26,Del Rio,United States
1967,1968,40,COSTUME DESIGN,John Truscott,Camelot,1936-02-23,Melbourne,Australia
1967,1968,40,DIRECTING,Mike Nichols,The Graduate,1931-11-06,Berlin,Germany
1967,1968,40,DOCUMENTARY (Feature),Pierre Schoendoerffer,The Anderson Platoon,,,
1967,1968,40,DOCUMENTARY (Feature),Producer,The Anderson Platoon,,,
1967,1968,40,DOCUMENTARY (Short Subject),Mark Harris and Trevor Greenwood,The Redwoods,,,
1967,1968,40,DOCUMENTARY (Short Subject),Producers,The Redwoods,,,
1967,1968,40,FILM EDITING,Hal Ashby,In the Heat of the Night,1929-09-02,Ogden,United States
1967,1968,40,FOREIGN LANGUAGE FILM,Czechoslovakia,Closely Watched Trains,,,
1967,1968,40,MUSIC (Original Music Score),Elmer Bernstein,Thoroughly Modern Millie,1922-04-04,New York City,United States
1967,1968,40,MUSIC (Scoring of Music--adaptation or treatment),Alfred Newman,Camelot,1900-03-17,New Haven,United States
1967,1968,40,MUSIC (Scoring of Music--adaptation or treatment),Ken Darby,Camelot,1909-05-13,Nebraska,United States
1967,1968,40,MUSIC (Song),Leslie Bricusse,Doctor Dolittle,1931-01-29,London,United Kingdom
1967,1968,40,BEST PICTURE,Walter Mirisch,In the Heat of the Night,1921-11-08,New York City,United States
1967,1968,40,BEST PICTURE,Producer,In the Heat of the Night,,,
1967,1968,40,SHORT SUBJECT (Cartoon),Fred Wolf,The Box,1932-09-13,Brooklyn,United States
1967,1968,40,SHORT SUBJECT (Cartoon),Producer,The Box,,,
1967,1968,40,SHORT SUBJECT (Live Action),Christopher Chapman,A Place to Stand,,,
1967,1968,40,SHORT SUBJECT (Live Action),Producer,A Place to Stand,,,
1967,1968,40,SOUND,Samuel Goldwyn Studio Sound Department,In the Heat of the Night,,,
1967,1968,40,SOUND EFFECTS,John Poyner,The Dirty Dozen,,,
1967,1968,40,SPECIAL VISUAL EFFECTS,L. B. Abbott,Doctor Dolittle,1908-06-13,Pasadena,United States
1967,1968,40,WRITING (Screenplay--based on material from another medium),Stirling Silliphant,In the Heat of the Night,1918-01-16,Detroit,United States
1967,1968,40,WRITING (Story and Screenplay--written directly for the screen),William Rose,Guess Who's Coming to Dinner,1914-12-12,Jefferson City,United States
1967,1968,40,JEAN HERSHOLT HUMANITARIAN AWARD,Gregory Peck,,1916-04-05,San Diego,United States
1967,1968,40,HONORARY AWARD,Arthur Freed for distinguished service to the Academy and the production of six top-rated Awards telecasts.,,1894-09-09,Charleston,United States
1967,1968,40,IRVING G. THALBERG MEMORIAL AWARD,Alfred Hitchcock,,1899-08-13,Leytonstone,United Kingdom
1968,1969,41,ACTOR,Cliff Robertson,Charly,1923-09-09,La Jolla,United States
1968,1969,41,ACTOR IN A SUPPORTING ROLE,Jack Albertson,The Subject Was Roses,1907-06-16,Malden,United States
1968,1969,41,ACTRESS,Katharine Hepburn,The Lion in Winter,1907-05-12,Hartford,United States
1968,1969,41,ACTRESS,Barbra Streisand,Funny Girl,1942-04-24,Brooklyn,United States
1968,1969,41,ACTRESS IN A SUPPORTING ROLE,Ruth Gordon,Rosemary's Baby,1896-10-30,Quincy,United States
1968,1969,41,ART DIRECTION,Art Direction:  John Box,Oliver!,,,
1968,1969,41,ART DIRECTION,Terence Marsh,Oliver!,1931-11-14,London,United Kingdom
1968,1969,41,ART DIRECTION,Set Decoration:  Vernon Dixon,Oliver!,,,
1968,1969,41,ART DIRECTION,Ken Muggleston,Oliver!,1930-04-24,Sydney,Australia
1968,1969,41,CINEMATOGRAPHY,Pasqualino De Santis,Romeo and Juliet,1927-04-24,Fondi,Italy
1968,1969,41,COSTUME DESIGN,Danilo Donati,Romeo and Juliet,1926-04-06,Luzzara,Italy
1968,1969,41,DIRECTING,Carol Reed,Oliver!,1906-12-30,Putney,United Kingdom
1968,1969,41,DOCUMENTARY (Feature),Bill McGaw,Journey into Self,,,
1968,1969,41,DOCUMENTARY (Feature),Producer,Journey into Self,,,
1968,1969,41,DOCUMENTARY (Short Subject),Saul Bass,Why Man Creates,1920-05-08,The Bronx,United States
1968,1969,41,DOCUMENTARY (Short Subject),Producer,Why Man Creates,,,
1968,1969,41,FILM EDITING,Frank P. Keller,Bullitt,1913-02-04,Monongahela,United States
1968,1969,41,FOREIGN LANGUAGE FILM,Union of Soviet Socialist Republics,War and Peace,,,
1968,1969,41,MUSIC (Original Score--for a motion picture [not a musical]),John Barry,The Lion in Winter,1933-11-03,York,United Kingdom
1968,1969,41,MUSIC (Score of a Musical Picture--original or adaptation),John Green,Oliver!,,,
1968,1969,41,MUSIC (Song--Original for the Picture),Michel Legrand,The Thomas Crown Affair,1932-02-24,Paris,France
1968,1969,41,MUSIC (Song--Original for the Picture),Alan Bergman and Marilyn Bergman,The Thomas Crown Affair,,,
1968,1969,41,BEST PICTURE,John Woolf,Oliver!,1913-03-15,London,United Kingdom
1968,1969,41,BEST PICTURE,Producer,Oliver!,,,
1968,1969,41,SHORT SUBJECT (Cartoon),Walt Disney,Winnie the Pooh and the Blustery Day,1901-12-05,Chicago,United States
1968,1969,41,SHORT SUBJECT (Cartoon),Producer,Winnie the Pooh and the Blustery Day,,,
1968,1969,41,SHORT SUBJECT (Live Action),Charles Guggenheim,Robert Kennedy Remembered,1924-03-31,Cincinnati,United States
1968,1969,41,SHORT SUBJECT (Live Action),Producer,Robert Kennedy Remembered,,,
1968,1969,41,SOUND,Shepperton Studio Sound Department,Oliver!,,,
1968,1969,41,SPECIAL VISUAL EFFECTS,Stanley Kubrick,2001: A Space Odyssey,1928-07-26,The Bronx,United States
1968,1969,41,WRITING (Screenplay--based on material from another medium),James Goldman,The Lion in Winter,1927-06-30,Chicago,United States
1968,1969,41,WRITING (Story and Screenplay--written directly for the screen),Mel Brooks,The Producers,1926-06-28,Brownsville,United States
1968,1969,41,JEAN HERSHOLT HUMANITARIAN AWARD,Martha Raye,,,,
1968,1969,41,HONORARY AWARD,John Chambers for his outstanding makeup achievement for Planet of the Apes.,,1923-09-12,Chicago,United States
1968,1969,41,HONORARY AWARD,Onna White for her outstanding choreography achievement for Oliver!,,1922-03-24,Inverness,Canada
1969,1970,42,ACTOR,John Wayne,True Grit,1907-05-26,Winterset,United States
1969,1970,42,ACTOR IN A SUPPORTING ROLE,Gig Young,"They Shoot Horses, Don't They?",1913-11-04,St. Cloud,United States
1969,1970,42,ACTRESS,Maggie Smith,The Prime of Miss Jean Brodie,1934-12-28,Ilford,United Kingdom
1969,1970,42,ACTRESS IN A SUPPORTING ROLE,Goldie Hawn,Cactus Flower,1945-11-21,"Washington, D.C.",United States
1969,1970,42,ART DIRECTION,Art Direction:  John DeCuir,"Hello, Dolly!",,,
1969,1970,42,ART DIRECTION,Jack Martin Smith,"Hello, Dolly!",1911-01-02,Los Angeles,United States
1969,1970,42,ART DIRECTION,Herman Blumenthal,"Hello, Dolly!",,,
1969,1970,42,ART DIRECTION,Set Decoration:  Walter M. Scott,"Hello, Dolly!",,,
1969,1970,42,ART DIRECTION,George Hopkins,"Hello, Dolly!",1896-03-23,Pasadena,United States
1969,1970,42,ART DIRECTION,Raphael Bretton,"Hello, Dolly!",1920-02-07,Paris,France
1969,1970,42,CINEMATOGRAPHY,Conrad Hall,Butch Cassidy and the Sundance Kid,,,
1969,1970,42,COSTUME DESIGN,Margaret Furse,Anne of the Thousand Days,1911-02-18,London,United Kingdom
1969,1970,42,DIRECTING,John Schlesinger,Midnight Cowboy,1926-02-16,London,United Kingdom
1969,1970,42,DOCUMENTARY (Feature),Bernard Chevry,Arthur Rubinstein - The Love of Life,1922-11-03,Melun,France
1969,1970,42,DOCUMENTARY (Feature),Producer,Arthur Rubinstein - The Love of Life,,,
1969,1970,42,DOCUMENTARY (Short Subject),Denis Sanders and Robert M. Fresco,Czechoslovakia 1968,,,
1969,1970,42,DOCUMENTARY (Short Subject),Producers,Czechoslovakia 1968,,,
1969,1970,42,FILM EDITING,Françoise Bonnot,Z,1939-08-17,Bois-Colombes,France
1969,1970,42,FOREIGN LANGUAGE FILM,Algeria,Z,,,
1969,1970,42,MUSIC (Original Score--for a motion picture [not a musical]),Burt Bacharach,Butch Cassidy and the Sundance Kid,1928-05-12,Kansas City,United States
1969,1970,42,MUSIC (Score of a Musical Picture--original or adaptation),Lennie Hayton and Lionel Newman,"Hello, Dolly!",,,
1969,1970,42,MUSIC (Song--Original for the Picture),Burt Bacharach,Butch Cassidy and the Sundance Kid,1928-05-12,Kansas City,United States
1969,1970,42,MUSIC (Song--Original for the Picture),Hal David,Butch Cassidy and the Sundance Kid,1921-05-25,New York City,United States
1969,1970,42,BEST PICTURE,Jerome Hellman,Midnight Cowboy,1928-09-04,New York City,United States
1969,1970,42,BEST PICTURE,Producer,Midnight Cowboy,,,
1969,1970,42,SHORT SUBJECT (Cartoon),Ward Kimball,It's Tough to Be a Bird,1914-03-04,Minneapolis,United States
1969,1970,42,SHORT SUBJECT (Cartoon),Producer,It's Tough to Be a Bird,,,
1969,1970,42,SHORT SUBJECT (Live Action),Joan Keller Stern,The Magic Machines,,,
1969,1970,42,SHORT SUBJECT (Live Action),Producer,The Magic Machines,,,
1969,1970,42,SOUND,Jack Solomon,"Hello, Dolly!",1913-03-08,Manhattan,United States
1969,1970,42,SOUND,Murray Spivack,"Hello, Dolly!",1903-09-06,Russia,Russia
1969,1970,42,SPECIAL VISUAL EFFECTS,Robbie Robertson,Marooned,1931-06-22,,
1969,1970,42,WRITING (Screenplay--based on material from another medium),Waldo Salt,Midnight Cowboy,1914-10-18,Chicago,United States
1969,1970,42,WRITING (Story and Screenplay--based on material not previously published or produced),William Goldman,Butch Cassidy and the Sundance Kid,1931-08-12,Highland Park,United States
1969,1970,42,JEAN HERSHOLT HUMANITARIAN AWARD,George Jessel,,,,
1969,1970,42,HONORARY AWARD,Cary Grant for his unique mastery of the art of screen acting with the respect and affection of his colleagues.,,1904-01-18,Bristol,United Kingdom
1970,1971,43,ACTOR,George C. Scott,Patton,1927-10-18,Wise,United States
1970,1971,43,ACTOR IN A SUPPORTING ROLE,John Mills,Ryan's Daughter,1908-02-22,Watts Naval School,United Kingdom
1970,1971,43,ACTRESS,Glenda Jackson,Women in Love,1936-05-09,Birkenhead,United Kingdom
1970,1971,43,ACTRESS IN A SUPPORTING ROLE,Helen Hayes,Airport,1900-10-10,"Washington, D.C.",United States
1970,1971,43,ART DIRECTION,Art Direction:  Urie McCleary,Patton,,,
1970,1971,43,ART DIRECTION,Gil Parrondo,Patton,1921-06-17,Ḷḷuarca,Spain
1970,1971,43,ART DIRECTION,Set Decoration:  Antonio Mateos,Patton,,,
1970,1971,43,ART DIRECTION,Pierre-Louis Thevenet,Patton,,,
1970,1971,43,CINEMATOGRAPHY,Freddie Young,Ryan's Daughter,,,
1970,1971,43,COSTUME DESIGN,Nino Novarese,Cromwell,,,
1970,1971,43,DIRECTING,Franklin J. Schaffner,Patton,1921-05-30,Tokyo,Japan
1970,1971,43,DOCUMENTARY (Feature),Bob Maurice,Woodstock,1937-07-10,,
1970,1971,43,DOCUMENTARY (Feature),Producer,Woodstock,,,
1970,1971,43,DOCUMENTARY (Short Subject),Joseph Strick,Interviews with My Lai Veterans,1923-07-06,Braddock,United States
1970,1971,43,DOCUMENTARY (Short Subject),Producer,Interviews with My Lai Veterans,,,
1970,1971,43,FILM EDITING,Hugh S. Fowler,Patton,1912-07-24,Missouri,United States
1970,1971,43,FOREIGN LANGUAGE FILM,Italy,Investigation of a Citizen above Suspicion,,,
1970,1971,43,MUSIC (Original Score),Francis Lai,Love Story,1932-04-26,Nice,France
1970,1971,43,MUSIC (Original Song Score),The Beatles,Let It Be,,,
1970,1971,43,MUSIC (Song--Original for the Picture),Fred Karlin,Lovers and Other Strangers,1936-06-16,Chicago,United States
1970,1971,43,MUSIC (Song--Original for the Picture),Robb Royer (aka Robb Wilson) and James Griffin (aka Arthur James),Lovers and Other Strangers,,,
1970,1971,43,BEST PICTURE,Frank McCarthy,Patton,1912-06-08,Richmond,United States
1970,1971,43,BEST PICTURE,Producer,Patton,,,
1970,1971,43,SHORT SUBJECT (Cartoon),Nick Bosustow,Is It Always Right to Be Right?,1940-03-28,Los Angeles,United States
1970,1971,43,SHORT SUBJECT (Cartoon),Producer,Is It Always Right to Be Right?,,,
1970,1971,43,SHORT SUBJECT (Live Action),John Longenecker,The Resurrection of Broncho Billy,,,
1970,1971,43,SHORT SUBJECT (Live Action),Producer,The Resurrection of Broncho Billy,,,
1970,1971,43,SOUND,Douglas Williams,Patton,1917-07-29,United States,United States
1970,1971,43,SOUND,Don Bassman,Patton,1928-04-02,United States,United States
1970,1971,43,SPECIAL VISUAL EFFECTS,A. D. Flowers,Tora! Tora! Tora!,1917-02-22,Hillsboro,United States
1970,1971,43,SPECIAL VISUAL EFFECTS,L. B. Abbott,Tora! Tora! Tora!,1908-06-13,Pasadena,United States
1970,1971,43,WRITING (Screenplay--based on material from another medium),Ring Lardner,M*A*S*H,,,
1970,1971,43,WRITING (Screenplay--based on material from another medium),Jr.,M*A*S*H,,,
1970,1971,43,WRITING (Story and Screenplay--based on factual material or material not previously published or produced),Francis Ford Coppola,Patton,1939-04-07,Detroit,United States
1970,1971,43,WRITING (Story and Screenplay--based on factual material or material not previously published or produced),Edmund H. North,Patton,1911-03-12,New York City,United States
1970,1971,43,JEAN HERSHOLT HUMANITARIAN AWARD,Frank Sinatra,,1915-12-12,Hoboken,United States
1970,1971,43,HONORARY AWARD,Lillian Gish for superlative artistry and for distinguished contribution to the progress of motion pictures.,,1893-10-14,Springfield,United States
1970,1971,43,HONORARY AWARD,Orson Welles for superlative artistry and versatility in the creation of motion pictures.,,1915-05-06,Kenosha,United States
1970,1971,43,IRVING G. THALBERG MEMORIAL AWARD,Ingmar Bergman,,1918-07-14,Uppsala,Sweden
1971,1972,44,ACTOR,Gene Hackman,The French Connection,1930-01-30,San Bernardino,United States
1971,1972,44,ACTOR IN A SUPPORTING ROLE,Ben Johnson,The Last Picture Show,1918-06-13,Foraker,United States
1971,1972,44,ACTRESS,Jane Fonda,Klute,1937-12-21,New York City,United States
1971,1972,44,ACTRESS IN A SUPPORTING ROLE,Cloris Leachman,The Last Picture Show,1926-04-30,Des Moines,United States
1971,1972,44,ART DIRECTION,Art Direction:  John Box,Nicholas and Alexandra,,,
1971,1972,44,ART DIRECTION,Ernest Archer,Nicholas and Alexandra,1910-07-26,England,United Kingdom
1971,1972,44,ART DIRECTION,Jack Maxsted,Nicholas and Alexandra,1916-04-30,Kingston upon Thames,United Kingdom
1971,1972,44,ART DIRECTION,Gil Parrondo,Nicholas and Alexandra,1921-06-17,Ḷḷuarca,Spain
1971,1972,44,ART DIRECTION,Set Decoration:  Vernon Dixon,Nicholas and Alexandra,,,
1971,1972,44,CINEMATOGRAPHY,Oswald Morris,Fiddler on the Roof,1915-11-22,Middlesex,United Kingdom
1971,1972,44,COSTUME DESIGN,Yvonne Blake,Nicholas and Alexandra,1940-04-17,Manchester,United Kingdom
1971,1972,44,COSTUME DESIGN,Antonio Castillo,Nicholas and Alexandra,1908-12-13,Madrid,Spain
1971,1972,44,DIRECTING,William Friedkin,The French Connection,1935-08-29,Chicago,United States
1971,1972,44,DOCUMENTARY (Feature),Walon Green,The Hellstrom Chronicle,,,
1971,1972,44,DOCUMENTARY (Feature),Producer,The Hellstrom Chronicle,,,
1971,1972,44,DOCUMENTARY (Short Subject),Manuel Arango and Robert Amram,Sentinels of Silence,,,
1971,1972,44,DOCUMENTARY (Short Subject),Producers,Sentinels of Silence,,,
1971,1972,44,FILM EDITING,Jerry Greenberg,The French Connection,,,
1971,1972,44,FOREIGN LANGUAGE FILM,Italy,The Garden of the Finzi Continis,,,
1971,1972,44,MUSIC (Original Dramatic Score),Michel Legrand,Summer of '42,1932-02-24,Paris,France
1971,1972,44,MUSIC (Scoring: Adaptation and Original Song Score),John Williams,Fiddler on the Roof,1932-02-08,New York City,United States
1971,1972,44,MUSIC (Song--Original for the Picture),Isaac Hayes,Shaft,1942-08-20,Covington,United States
1971,1972,44,BEST PICTURE,Philip D'Antoni,The French Connection,1929-02-19,New York City,United States
1971,1972,44,BEST PICTURE,Producer,The French Connection,,,
1971,1972,44,SHORT SUBJECT (Animated),Ted Petok,The Crunch Bird,1917-04-04,Detroit,United States
1971,1972,44,SHORT SUBJECT (Animated),Producer,The Crunch Bird,,,
1971,1972,44,SHORT SUBJECT (Live Action),Manuel Arango and Robert Amram,Sentinels of Silence,,,
1971,1972,44,SHORT SUBJECT (Live Action),Producers,Sentinels of Silence,,,
1971,1972,44,SOUND,Gordon K. McCallum,Fiddler on the Roof,,,
1971,1972,44,SOUND,David Hildyard,Fiddler on the Roof,1916-05-15,London,United Kingdom
1971,1972,44,SPECIAL VISUAL EFFECTS,Alan Maley,Bedknobs and Broomsticks,1931-01-07,Surrey,United Kingdom
1971,1972,44,SPECIAL VISUAL EFFECTS,Eustace Lycett,Bedknobs and Broomsticks,1914-12-21,Stoke-on-Trent,United Kingdom
1971,1972,44,SPECIAL VISUAL EFFECTS,Danny Lee,Bedknobs and Broomsticks,1919-07-09,Wisconsin,United States
1971,1972,44,WRITING (Screenplay--based on material from another medium),Ernest Tidyman,The French Connection,1928-01-01,Cleveland,United States
1971,1972,44,WRITING (Story and Screenplay--based on factual material or material not previously published or produced),Paddy Chayefsky,The Hospital,1923-01-29,The Bronx,United States
1971,1972,44,HONORARY AWARD,Charles Chaplin for the incalculable effect he has had in making motion pictures the art form of this century.,,,,
1972,1973,45,ACTOR,Marlon Brando,The Godfather,1924-04-03,Omaha,United States
1972,1973,45,ACTOR IN A SUPPORTING ROLE,Joel Grey,Cabaret,1932-04-11,Cleveland,United States
1972,1973,45,ACTRESS,Liza Minnelli,Cabaret,1946-03-12,Los Angeles,United States
1972,1973,45,ACTRESS IN A SUPPORTING ROLE,Eileen Heckart,Butterflies Are Free,1919-03-29,Columbus,United States
1972,1973,45,ART DIRECTION,Art Direction:  Rolf Zehetbauer,Cabaret,,,
1972,1973,45,ART DIRECTION,Jurgen Kiebach,Cabaret,,,
1972,1973,45,ART DIRECTION,Set Decoration:  Herbert Strabel,Cabaret,,,
1972,1973,45,CINEMATOGRAPHY,Geoffrey Unsworth,Cabaret,1914-05-26,Atherton,United Kingdom
1972,1973,45,COSTUME DESIGN,Anthony Powell,Travels with My Aunt,1935-06-02,Chorlton-cum-Hardy,United Kingdom
1972,1973,45,DIRECTING,Bob Fosse,Cabaret,1927-06-23,Chicago,United States
1972,1973,45,DOCUMENTARY (Feature),Howard Smith and Sarah Kernochan,Marjoe,,,
1972,1973,45,DOCUMENTARY (Feature),Producers,Marjoe,,,
1972,1973,45,DOCUMENTARY (Short Subject),Charles Huguenot van der Linden and Martina Huguenot van der Linden,This Tiny World,,,
1972,1973,45,DOCUMENTARY (Short Subject),Producers,This Tiny World,,,
1972,1973,45,FILM EDITING,David Bretherton,Cabaret,1924-02-29,Los Angeles,United States
1972,1973,45,FOREIGN LANGUAGE FILM,France,The Discreet Charm of the Bourgeoisie,,,
1972,1973,45,MUSIC (Original Dramatic Score),Charles Chaplin,Limelight,,,
1972,1973,45,MUSIC (Original Dramatic Score),Raymond Rasch,Limelight,1917-03-01,Toledo,United States
1972,1973,45,MUSIC (Original Dramatic Score),Larry Russell,Limelight,1913-10-14,Indiana,United States
1972,1973,45,MUSIC (Scoring: Adaptation and Original Song Score),Ralph Burns,Cabaret,1922-06-29,Newton,United States
1972,1973,45,MUSIC (Song--Original for the Picture),Al Kasha and Joel Hirschhorn,The Poseidon Adventure,,,
1972,1973,45,BEST PICTURE,Albert S. Ruddy,The Godfather,1930-03-28,Montreal,Canada
1972,1973,45,BEST PICTURE,Producer,The Godfather,,,
1972,1973,45,SHORT SUBJECT (Animated),Richard Williams,A Christmas Carol,1933-03-19,Toronto,Canada
1972,1973,45,SHORT SUBJECT (Animated),Producer,A Christmas Carol,,,
1972,1973,45,SHORT SUBJECT (Live Action),Richard Barclay,Norman Rockwell's World...An American Dream,,,
1972,1973,45,SHORT SUBJECT (Live Action),Producer,Norman Rockwell's World...An American Dream,,,
1972,1973,45,SOUND,Robert Knudson,Cabaret,1925-09-29,Los Angeles,United States
1972,1973,45,SOUND,David Hildyard,Cabaret,1916-05-15,London,United Kingdom
1972,1973,45,WRITING (Screenplay--based on material from another medium),Mario Puzo,The Godfather,1920-10-15,New York City,United States
1972,1973,45,WRITING (Screenplay--based on material from another medium),Francis Ford Coppola,The Godfather,1939-04-07,Detroit,United States
1972,1973,45,WRITING (Story and Screenplay--based on factual material or material not previously published or produced),Jeremy Larner,The Candidate,1937-03-20,Olean,United States
1972,1973,45,SPECIAL ACHIEVEMENT AWARD (Visual Effects),L. B. Abbott,The Poseidon Adventure,1908-06-13,Pasadena,United States
1972,1973,45,SPECIAL ACHIEVEMENT AWARD (Visual Effects),A. D. Flowers,The Poseidon Adventure,1917-02-22,Hillsboro,United States
1972,1973,45,JEAN HERSHOLT HUMANITARIAN AWARD,Rosalind Russell,,,,
1972,1973,45,HONORARY AWARD,Charles S. Boren,,,,
1972,1973,45,HONORARY AWARD,Edward G. Robinson who achieved greatness as a player,,1893-12-12,Bucharest,Romania
1973,1974,46,ACTOR,Jack Lemmon,Save the Tiger,1925-02-08,Newton,United States
1973,1974,46,ACTOR IN A SUPPORTING ROLE,John Houseman,The Paper Chase,1902-09-22,Bucharest,Romania
1973,1974,46,ACTRESS,Glenda Jackson,A Touch of Class,1936-05-09,Birkenhead,United Kingdom
1973,1974,46,ACTRESS IN A SUPPORTING ROLE,Tatum O'Neal,Paper Moon,1963-11-05,Los Angeles,United States
1973,1974,46,ART DIRECTION,Art Direction:  Henry Bumstead,The Sting,,,
1973,1974,46,ART DIRECTION,Set Decoration:  James Payne,The Sting,,,
1973,1974,46,CINEMATOGRAPHY,Sven Nykvist,Cries and Whispers,1922-12-03,Moheda,Sweden
1973,1974,46,COSTUME DESIGN,Edith Head,The Sting,1897-10-28,San Bernardino,United States
1973,1974,46,DIRECTING,George Roy Hill,The Sting,1921-12-20,Minneapolis,United States
1973,1974,46,DOCUMENTARY (Feature),Kieth Merrill,The Great American Cowboy,,,
1973,1974,46,DOCUMENTARY (Feature),Producer,The Great American Cowboy,,,
1973,1974,46,DOCUMENTARY (Short Subject),Julian Krainin and DeWitt L. Sage,Princeton: A Search for Answers,,,
1973,1974,46,DOCUMENTARY (Short Subject),Jr.,Princeton: A Search for Answers,,,
1973,1974,46,DOCUMENTARY (Short Subject),Producers,Princeton: A Search for Answers,,,
1973,1974,46,FILM EDITING,William Reynolds,The Sting,,,
1973,1974,46,FOREIGN LANGUAGE FILM,France,Day for Night,,,
1973,1974,46,MUSIC (Original Dramatic Score),Marvin Hamlisch,The Way We Were,1944-06-02,Manhattan,United States
1973,1974,46,MUSIC (Scoring: Original Song Score and Adaptation -or- Scoring: Adaptation),Marvin Hamlisch,The Sting,1944-06-02,Manhattan,United States
1973,1974,46,MUSIC (Song),Marvin Hamlisch,The Way We Were,1944-06-02,Manhattan,United States
1973,1974,46,MUSIC (Song),Alan Bergman and Marilyn Bergman,The Way We Were,,,
1973,1974,46,BEST PICTURE,Tony Bill,The Sting,1940-08-23,San Diego,United States
1973,1974,46,BEST PICTURE,Michael Phillips and Julia Phillips,The Sting,,,
1973,1974,46,BEST PICTURE,Producers,The Sting,,,
1973,1974,46,SHORT SUBJECT (Animated),Frank Mouris,Frank Film,1944-09-06,Key West,United States
1973,1974,46,SHORT SUBJECT (Animated),Producer,Frank Film,,,
1973,1974,46,SHORT SUBJECT (Live Action),Allan Miller and William Fertik,The Bolero,,,
1973,1974,46,SHORT SUBJECT (Live Action),Producers,The Bolero,,,
1973,1974,46,SOUND,Robert Knudson,The Exorcist,1925-09-29,Los Angeles,United States
1973,1974,46,SOUND,Chris Newman,The Exorcist,1940-02-17,New York City,United States
1973,1974,46,WRITING (Screenplay--based on material from another medium),William Peter Blatty,The Exorcist,1928-01-07,New York City,United States
1973,1974,46,WRITING (Story and Screenplay--based on factual material or material not previously published or produced),David S. Ward,The Sting,1945-10-25,Providence,United States
1973,1974,46,JEAN HERSHOLT HUMANITARIAN AWARD,Lew Wasserman,,,,
1973,1974,46,HONORARY AWARD,Henri Langlois for his devotion to the art of film,,1914-11-13,İzmir,Turkey
1973,1974,46,HONORARY AWARD,Groucho Marx in recognition of his brilliant creativity and for the unequalled achievements of the Marx Brothers in the art of motion picture comedy.,,1890-10-02,Manhattan,United States
1973,1974,46,IRVING G. THALBERG MEMORIAL AWARD,Lawrence Weingarten,,1897-12-30,Chicago,United States
1974,1975,47,ACTOR,Art Carney,Harry and Tonto,1918-11-04,Mount Vernon,United States
1974,1975,47,ACTOR IN A SUPPORTING ROLE,Robert De Niro,The Godfather Part II,1943-08-17,New York City,United States
1974,1975,47,ACTRESS,Ellen Burstyn,Alice Doesn't Live Here Anymore,1932-12-07,Detroit,United States
1974,1975,47,ACTRESS IN A SUPPORTING ROLE,Ingrid Bergman,Murder on the Orient Express,1915-08-29,Hedvig Eleonora parish,Sweden
1974,1975,47,ART DIRECTION,Art Direction:  Dean Tavoularis,The Godfather Part II,,,
1974,1975,47,ART DIRECTION,Angelo Graham,The Godfather Part II,,,
1974,1975,47,ART DIRECTION,Set Decoration:  George R. Nelson,The Godfather Part II,,,
1974,1975,47,CINEMATOGRAPHY,Fred Koenekamp,The Towering Inferno,1922-11-11,Los Angeles,United States
1974,1975,47,CINEMATOGRAPHY,Joseph Biroc,The Towering Inferno,,,
1974,1975,47,COSTUME DESIGN,Theoni V. Aldredge,The Great Gatsby,1922-08-22,Thessaloniki,Greece
1974,1975,47,DIRECTING,Francis Ford Coppola,The Godfather Part II,1939-04-07,Detroit,United States
1974,1975,47,DOCUMENTARY (Feature),Peter Davis and Bert Schneider,Hearts and Minds,,,
1974,1975,47,DOCUMENTARY (Feature),Producers,Hearts and Minds,,,
1974,1975,47,DOCUMENTARY (Short Subject),Robin Lehman,Don't,2000-01-01,United States,United States
1974,1975,47,DOCUMENTARY (Short Subject),Producer,Don't,,,
1974,1975,47,FILM EDITING,Harold F. Kress,The Towering Inferno,1913-06-26,Pittsburgh,United States
1974,1975,47,FILM EDITING,Carl Kress,The Towering Inferno,1937-02-03,Los Angeles,United States
1974,1975,47,FOREIGN LANGUAGE FILM,Italy,Amarcord,,,
1974,1975,47,MUSIC (Original Dramatic Score),Nino Rota,The Godfather Part II,1911-12-03,Milan,Italy
1974,1975,47,MUSIC (Original Dramatic Score),Carmine Coppola,The Godfather Part II,1910-06-11,Manhattan,United States
1974,1975,47,MUSIC (Scoring: Original Song Score and Adaptation -or- Scoring: Adaptation),Nelson Riddle,The Great Gatsby,1921-06-01,Oradell,United States
1974,1975,47,MUSIC (Song),Al Kasha and Joel Hirschhorn,The Towering Inferno,,,
1974,1975,47,BEST PICTURE,Francis Ford Coppola,The Godfather Part II,1939-04-07,Detroit,United States
1974,1975,47,BEST PICTURE,Producer,The Godfather Part II,,,
1974,1975,47,BEST PICTURE,Gray Frederickson and Fred Roos,The Godfather Part II,,,
1974,1975,47,BEST PICTURE,Co-Producers,The Godfather Part II,,,
1974,1975,47,SHORT FILM (Animated),Will Vinton and Bob Gardiner,Closed Mondays,,,
1974,1975,47,SHORT FILM (Animated),Producers,Closed Mondays,,,
1974,1975,47,SHORT FILM (Live Action),Paul Claudon and Edmond Sechan,One-Eyed Men Are Kings,,,
1974,1975,47,SHORT FILM (Live Action),Producers,One-Eyed Men Are Kings,,,
1974,1975,47,SOUND,Ronald Pierce,Earthquake,1909-09-18,,
1974,1975,47,SOUND,Melvin Metcalfe,Earthquake,,,
1974,1975,47,SOUND,Sr.,Earthquake,,,
1974,1975,47,WRITING (Original Screenplay),Robert Towne,Chinatown,1934-11-23,Los Angeles,United States
1974,1975,47,WRITING (Screenplay Adapted from Other Material),Francis Ford Coppola,The Godfather Part II,1939-04-07,Detroit,United States
1974,1975,47,WRITING (Screenplay Adapted from Other Material),Mario Puzo,The Godfather Part II,1920-10-15,New York City,United States
1974,1975,47,SPECIAL ACHIEVEMENT AWARD (Visual Effects),Frank Brendel,Earthquake,1914-11-24,,
1974,1975,47,SPECIAL ACHIEVEMENT AWARD (Visual Effects),Glen Robinson,Earthquake,1914-09-20,Idaho,United States
1974,1975,47,SPECIAL ACHIEVEMENT AWARD (Visual Effects),Albert Whitlock,Earthquake,1915-09-15,London,United Kingdom
1974,1975,47,JEAN HERSHOLT HUMANITARIAN AWARD,Arthur B. Krim,,,,
1974,1975,47,HONORARY AWARD,Howard Hawks - A master American filmmaker whose creative efforts hold a distinguished place in world cinema.,,,,
1974,1975,47,HONORARY AWARD,Jean Renoir - a genius who,,,,
1975,1976,48,ACTOR,Jack Nicholson,One Flew over the Cuckoo's Nest,1937-04-22,Neptune City,United States
1975,1976,48,ACTOR IN A SUPPORTING ROLE,George Burns,The Sunshine Boys,1896-01-20,New York City,United States
1975,1976,48,ACTRESS,Louise Fletcher,One Flew over the Cuckoo's Nest,1934-07-22,Birmingham,United States
1975,1976,48,ACTRESS IN A SUPPORTING ROLE,Lee Grant,Shampoo,1925-10-31,Manhattan,United States
1975,1976,48,ART DIRECTION,Art Direction:  Ken Adam,Barry Lyndon,,,
1975,1976,48,ART DIRECTION,Roy Walker,Barry Lyndon,1931-08-06,Tonbridge,United Kingdom
1975,1976,48,ART DIRECTION,Set Decoration:  Vernon Dixon,Barry Lyndon,,,
1975,1976,48,CINEMATOGRAPHY,John Alcott,Barry Lyndon,1930-11-27,London,United Kingdom
1975,1976,48,COSTUME DESIGN,Ulla-Britt Soderlund,Barry Lyndon,,,
1975,1976,48,COSTUME DESIGN,Milena Canonero,Barry Lyndon,1949-07-13,Turin,Italy
1975,1976,48,DIRECTING,Milos Forman,One Flew over the Cuckoo's Nest,,,
1975,1976,48,DOCUMENTARY (Feature),F. R. Crawley,The Man Who Skied down Everest,1911-11-14,Ottawa,Canada
1975,1976,48,DOCUMENTARY (Feature),James Hager and Dale Hartleben,The Man Who Skied down Everest,,,
1975,1976,48,DOCUMENTARY (Feature),Producers,The Man Who Skied down Everest,,,
1975,1976,48,DOCUMENTARY (Short Subject),Claire Wilbur and Robin Lehman,The End of the Game,,,
1975,1976,48,DOCUMENTARY (Short Subject),Producers,The End of the Game,,,
1975,1976,48,FILM EDITING,Verna Fields,Jaws,1918-03-21,St. Louis,United States
1975,1976,48,FOREIGN LANGUAGE FILM,Union of Soviet Socialist Republics,Dersu Uzala,,,
1975,1976,48,MUSIC (Original Score),John Williams,Jaws,1932-02-08,New York City,United States
1975,1976,48,MUSIC (Scoring: Original Song Score and Adaptation -or- Scoring: Adaptation),Leonard Rosenman,Barry Lyndon,1924-09-07,Brooklyn,United States
1975,1976,48,MUSIC (Original Song),Keith Carradine,Nashville,1949-08-08,San Mateo,United States
1975,1976,48,BEST PICTURE,Saul Zaentz and Michael Douglas,One Flew over the Cuckoo's Nest,,,
1975,1976,48,BEST PICTURE,Producers,One Flew over the Cuckoo's Nest,,,
1975,1976,48,SHORT FILM (Animated),Bob Godfrey,Great,1921-01-27,Maitland,Australia
1975,1976,48,SHORT FILM (Animated),Producer,Great,,,
1975,1976,48,SHORT FILM (Live Action),Bert Salzman,Angel and Big Joe,,,
1975,1976,48,SHORT FILM (Live Action),Producer,Angel and Big Joe,,,
1975,1976,48,SOUND,Robert L. Hoyt,Jaws,,,
1975,1976,48,SOUND,Roger Heman,Jaws,1932-03-28,Los Angeles,United States
1975,1976,48,SOUND,Earl Madery,Jaws,1918-08-17,Central City,United States
1975,1976,48,SOUND,John Carter,Jaws,1907-10-22,Gainesville,United States
1975,1976,48,WRITING (Original Screenplay),Frank Pierson,Dog Day Afternoon,1925-05-12,Westchester County,United States
1975,1976,48,WRITING (Screenplay Adapted from Other Material),Lawrence Hauben,One Flew over the Cuckoo's Nest,1931-03-03,New York City,United States
1975,1976,48,WRITING (Screenplay Adapted from Other Material),Bo Goldman,One Flew over the Cuckoo's Nest,1932-09-10,New York City,United States
1975,1976,48,SPECIAL ACHIEVEMENT AWARD (Sound Effects),Peter Berkos,The Hindenburg,1922-08-15,Cicero,United States
1975,1976,48,SPECIAL ACHIEVEMENT AWARD (Visual Effects),Albert Whitlock,The Hindenburg,1915-09-15,London,United Kingdom
1975,1976,48,SPECIAL ACHIEVEMENT AWARD (Visual Effects),Glen Robinson,The Hindenburg,1914-09-20,Idaho,United States
1975,1976,48,JEAN HERSHOLT HUMANITARIAN AWARD,Dr. Jules C. Stein,,,,
1975,1976,48,HONORARY AWARD,Mary Pickford in recognition of her unique contributions to the film industry and the development of film as an artistic medium.,,1892-04-08,Toronto,Canada
1975,1976,48,IRVING G. THALBERG MEMORIAL AWARD,Mervyn LeRoy,,1900-10-15,San Francisco,United States
1976,1977,49,ACTOR IN A LEADING ROLE,Peter Finch,Network,1916-09-28,South Kensington,United Kingdom
1976,1977,49,ACTOR IN A SUPPORTING ROLE,Jason Robards,All the President's Men,1922-07-26,Chicago,United States
1976,1977,49,ACTRESS IN A LEADING ROLE,Faye Dunaway,Network,1941-01-14,Bascom,United States
1976,1977,49,ACTRESS IN A SUPPORTING ROLE,Beatrice Straight,Network,1914-08-02,Old Westbury,United States
1976,1977,49,ART DIRECTION,Art Direction:  George Jenkins,All the President's Men,,,
1976,1977,49,ART DIRECTION,Set Decoration:  George Gaines,All the President's Men,,,
1976,1977,49,CINEMATOGRAPHY,Haskell Wexler,Bound for Glory,1922-02-06,Chicago,United States
1976,1977,49,COSTUME DESIGN,Danilo Donati,Fellini's Casanova,1926-04-06,Luzzara,Italy
1976,1977,49,DIRECTING,John G. Avildsen,Rocky,1935-12-21,Oak Park,United States
1976,1977,49,DOCUMENTARY (Feature),Barbara Kopple,"Harlan County, U.S.A.",1946-07-30,New York City,United States
1976,1977,49,DOCUMENTARY (Feature),Producer,"Harlan County, U.S.A.",,,
1976,1977,49,DOCUMENTARY (Short Subject),Lynne Littman,Number Our Days,1941-06-26,New York City,United States
1976,1977,49,DOCUMENTARY (Short Subject),Producer,Number Our Days,,,
1976,1977,49,FILM EDITING,Richard Halsey,Rocky,1940-01-01,United States,United States
1976,1977,49,FILM EDITING,Scott Conrad,Rocky,1944-01-01,California,United States
1976,1977,49,FOREIGN LANGUAGE FILM,Ivory Coast,Black and White in Color,,,
1976,1977,49,MUSIC (Original Score),Jerry Goldsmith,The Omen,1929-02-10,Los Angeles,United States
1976,1977,49,MUSIC (Original Song Score and Its Adaptation or Adaptation Score),Leonard Rosenman,Bound for Glory,1924-09-07,Brooklyn,United States
1976,1977,49,MUSIC (Original Song),Barbra Streisand,A Star Is Born,1942-04-24,Brooklyn,United States
1976,1977,49,MUSIC (Original Song),Paul Williams,A Star Is Born,1940-09-19,Omaha,United States
1976,1977,49,BEST PICTURE,Irwin Winkler and Robert Chartoff,Rocky,,,
1976,1977,49,BEST PICTURE,Producers,Rocky,,,
1976,1977,49,SHORT FILM (Animated),Suzanne Baker,Leisure,1939-01-01,England,United Kingdom
1976,1977,49,SHORT FILM (Animated),Producer,Leisure,,,
1976,1977,49,SHORT FILM (Live Action),Andre Guttfreund and Peter Werner,In the Region of Ice,,,
1976,1977,49,SHORT FILM (Live Action),Producers,In the Region of Ice,,,
1976,1977,49,SOUND,Arthur Piantadosi,All the President's Men,1916-08-04,Brooklyn,United States
1976,1977,49,SOUND,Les Fresholtz,All the President's Men,1931-12-01,Los Angeles,United States
1976,1977,49,SOUND,Dick Alexander,All the President's Men,2000-01-01,,
1976,1977,49,SOUND,Jim Webb,All the President's Men,2000-01-01,United States,United States
1976,1977,49,WRITING (Screenplay--based on material from another medium),William Goldman,All the President's Men,1931-08-12,Highland Park,United States
1976,1977,49,WRITING (Screenplay Written Directly for the Screen--based on factual material or on story material not previously published or produced),Paddy Chayefsky,Network,1923-01-29,The Bronx,United States
1976,1977,49,SPECIAL ACHIEVEMENT AWARD (Visual Effects),Carlo Rambaldi,King Kong,1925-09-15,Vigarano Mainarda,Italy
1976,1977,49,SPECIAL ACHIEVEMENT AWARD (Visual Effects),Glen Robinson,King Kong,1914-09-20,Idaho,United States
1976,1977,49,SPECIAL ACHIEVEMENT AWARD (Visual Effects),Frank Van der Veer,King Kong,1921-06-02,New York City,United States
1976,1977,49,SPECIAL ACHIEVEMENT AWARD (Visual Effects),L. B. Abbott,Logan's Run,1908-06-13,Pasadena,United States
1976,1977,49,SPECIAL ACHIEVEMENT AWARD (Visual Effects),Glen Robinson,Logan's Run,1914-09-20,Idaho,United States
1976,1977,49,SPECIAL ACHIEVEMENT AWARD (Visual Effects),Matthew Yuricich,Logan's Run,,,
1976,1977,49,IRVING G. THALBERG MEMORIAL AWARD,Pandro S. Berman,,1905-03-28,Pittsburgh,United States
1977,1978,50,ACTOR IN A LEADING ROLE,Richard Dreyfuss,The Goodbye Girl,1947-10-29,Brooklyn,United States
1977,1978,50,ACTOR IN A SUPPORTING ROLE,Jason Robards,Julia,1922-07-26,Chicago,United States
1977,1978,50,ACTRESS IN A LEADING ROLE,Diane Keaton,Annie Hall,1946-01-05,Los Angeles,United States
1977,1978,50,ACTRESS IN A SUPPORTING ROLE,Vanessa Redgrave,Julia,1937-01-30,Blackheath,United Kingdom
1977,1978,50,ART DIRECTION,Art Direction:  John Barry,Star Wars,,,
1977,1978,50,ART DIRECTION,Norman Reynolds,Star Wars,1934-03-26,London,United Kingdom
1977,1978,50,ART DIRECTION,Leslie Dilley,Star Wars,1941-01-11,Rhondda,United Kingdom
1977,1978,50,ART DIRECTION,Set Decoration:  Roger Christian,Star Wars,,,
1977,1978,50,CINEMATOGRAPHY,Vilmos Zsigmond,Close Encounters of the Third Kind,1930-06-16,Szeged,Hungary
1977,1978,50,COSTUME DESIGN,John Mollo,Star Wars,1931-03-18,London,United Kingdom
1977,1978,50,DIRECTING,Woody Allen,Annie Hall,1935-11-30,The Bronx,United States
1977,1978,50,DOCUMENTARY (Feature),John Korty,Who Are the DeBolts? And Where Did They Get Nineteen Kids?,1936-06-22,Lafayette,United States
1977,1978,50,DOCUMENTARY (Feature),Dan McCann and Warren L. Lockhart,Who Are the DeBolts? And Where Did They Get Nineteen Kids?,,,
1977,1978,50,DOCUMENTARY (Feature),Producers,Who Are the DeBolts? And Where Did They Get Nineteen Kids?,,,
1977,1978,50,DOCUMENTARY (Short Subject),John Joseph and Jan Stussy,Gravity Is My Enemy,,,
1977,1978,50,DOCUMENTARY (Short Subject),Producers,Gravity Is My Enemy,,,
1977,1978,50,FILM EDITING,Paul Hirsch,Star Wars,1945-11-14,New York City,United States
1977,1978,50,FILM EDITING,Marcia Lucas,Star Wars,1945-10-04,Modesto,United States
1977,1978,50,FILM EDITING,Richard Chew,Star Wars,1940-06-28,Los Angeles,United States
1977,1978,50,FOREIGN LANGUAGE FILM,France,Madame Rosa,,,
1977,1978,50,MUSIC (Original Score),John Williams,Star Wars,1932-02-08,New York City,United States
1977,1978,50,MUSIC (Original Song Score and Its Adaptation or Adaptation Score),Jonathan Tunick,A Little Night Music,1938-04-19,New York City,United States
1977,1978,50,MUSIC (Original Song),Joseph Brooks,You Light Up My Life,1938-03-11,New York City,United States
1977,1978,50,BEST PICTURE,Charles H. Joffe,Annie Hall,1929-07-16,Brooklyn,United States
1977,1978,50,BEST PICTURE,Producer,Annie Hall,,,
1977,1978,50,SHORT FILM (Animated),Co Hoedeman,The Sand Castle,1940-08-01,Amsterdam,Netherlands
1977,1978,50,SHORT FILM (Animated),Producer,The Sand Castle,,,
1977,1978,50,SHORT FILM (Live Action),Beverly Shaffer and Yuki Yoshida,I'll Find a Way,,,
1977,1978,50,SHORT FILM (Live Action),Producers,I'll Find a Way,,,
1977,1978,50,SOUND,Don MacDougall,Star Wars,2000-01-01,,
1977,1978,50,SOUND,Ray West,Star Wars,1925-11-29,Detroit,United States
1977,1978,50,SOUND,Bob Minkler,Star Wars,1937-08-31,Glendale,United States
1977,1978,50,SOUND,Derek Ball,Star Wars,1930-01-01,London Borough of Islington,United Kingdom
1977,1978,50,VISUAL EFFECTS,John Stears,Star Wars,1934-08-25,Uxbridge,United Kingdom
1977,1978,50,VISUAL EFFECTS,John Dykstra,Star Wars,,,
1977,1978,50,VISUAL EFFECTS,Richard Edlund,Star Wars,1940-12-06,Fargo,United States
1977,1978,50,VISUAL EFFECTS,Grant McCune,Star Wars,1943-03-27,Los Angeles,United States
1977,1978,50,VISUAL EFFECTS,Robert Blalack,Star Wars,1948-12-09,Coco Solo,Panama
1977,1978,50,WRITING (Screenplay--based on material from another medium),Alvin Sargent,Julia,1927-04-12,Philadelphia,United States
1977,1978,50,WRITING (Screenplay Written Directly for the Screen--based on factual material or on story material not previously published or produced),Woody Allen,Annie Hall,1935-11-30,The Bronx,United States
1977,1978,50,WRITING (Screenplay Written Directly for the Screen--based on factual material or on story material not previously published or produced),Marshall Brickman,Annie Hall,1939-08-25,Rio de Janeiro,Brazil
1977,1978,50,SPECIAL ACHIEVEMENT AWARD,Benjamin Burtt,,,,
1977,1978,50,SPECIAL ACHIEVEMENT AWARD (Sound Effects Editing),Frank E. Warner,Close Encounters of the Third Kind,,,
1977,1978,50,JEAN HERSHOLT HUMANITARIAN AWARD,Charlton Heston,,1923-10-04,Evanston,United States
1977,1978,50,HONORARY AWARD,Margaret Booth for her exceptional contribution to the art of film editing in the motion picture industry.,,1898-01-16,Los Angeles,United States
1977,1978,50,IRVING G. THALBERG MEMORIAL AWARD,Walter Mirisch,,1921-11-08,New York City,United States
1978,1979,51,ACTOR IN A LEADING ROLE,Jon Voight,Coming Home,1938-12-29,Yonkers,United States
1978,1979,51,ACTOR IN A SUPPORTING ROLE,Christopher Walken,The Deer Hunter,1943-03-31,Astoria,United States
1978,1979,51,ACTRESS IN A LEADING ROLE,Jane Fonda,Coming Home,1937-12-21,New York City,United States
1978,1979,51,ACTRESS IN A SUPPORTING ROLE,Maggie Smith,California Suite,1934-12-28,Ilford,United Kingdom
1978,1979,51,ART DIRECTION,Art Direction:  Paul Sylbert,Heaven Can Wait,,,
1978,1979,51,ART DIRECTION,Edwin O'Donovan,Heaven Can Wait,1914-06-11,,
1978,1979,51,ART DIRECTION,Set Decoration:  George Gaines,Heaven Can Wait,,,
1978,1979,51,CINEMATOGRAPHY,Nestor Almendros,Days of Heaven,,,
1978,1979,51,COSTUME DESIGN,Anthony Powell,Death on the Nile,1935-06-02,Chorlton-cum-Hardy,United Kingdom
1978,1979,51,DIRECTING,Michael Cimino,The Deer Hunter,1939-02-03,New York City,United States
1978,1979,51,DOCUMENTARY (Feature),Arnold Shapiro,Scared Straight!,1941-02-01,Los Angeles,United States
1978,1979,51,DOCUMENTARY (Feature),Producer,Scared Straight!,,,
1978,1979,51,DOCUMENTARY (Short Subject),Jacqueline Phillips Shedd and Ben Shedd,The Flight of the Gossamer Condor,,,
1978,1979,51,DOCUMENTARY (Short Subject),Producers,The Flight of the Gossamer Condor,,,
1978,1979,51,FILM EDITING,Peter Zinner,The Deer Hunter,1919-07-24,Vienna,Austria
1978,1979,51,FOREIGN LANGUAGE FILM,France,Get Out Your Handkerchiefs,,,
1978,1979,51,MUSIC (Adaptation Score),Joe Renzetti,The Buddy Holly Story,1941-01-04,Philadelphia,United States
1978,1979,51,MUSIC (Original Score),Giorgio Moroder,Midnight Express,1940-04-26,Urtijëi,Italy
1978,1979,51,MUSIC (Original Song),Paul Jabara,Thank God It's Friday,1948-01-31,Brooklyn,United States
1978,1979,51,BEST PICTURE,Barry Spikings,The Deer Hunter,1939-11-23,Boston,United Kingdom
1978,1979,51,BEST PICTURE,Michael Deeley,The Deer Hunter,1932-08-06,London,United Kingdom
1978,1979,51,BEST PICTURE,Michael Cimino and John Peverall,The Deer Hunter,,,
1978,1979,51,BEST PICTURE,Producers,The Deer Hunter,,,
1978,1979,51,SHORT FILM (Animated),Eunice Macaulay and John Weldon,Special Delivery,,,
1978,1979,51,SHORT FILM (Animated),Producers,Special Delivery,,,
1978,1979,51,SHORT FILM (Live Action),Taylor Hackford,Teenage Father,,,
1978,1979,51,SHORT FILM (Live Action),Producer,Teenage Father,,,
1978,1979,51,SOUND,Richard Portman,The Deer Hunter,1934-04-02,Los Angeles,United States
1978,1979,51,SOUND,William McCaughey,The Deer Hunter,1929-12-12,Kansas City,United States
1978,1979,51,SOUND,Aaron Rochin,The Deer Hunter,2000-01-01,,
1978,1979,51,SOUND,Darin Knight,The Deer Hunter,1950-01-01,,
1978,1979,51,WRITING (Screenplay Based on Material from Another Medium),Oliver Stone,Midnight Express,1946-09-15,New York City,United States
1978,1979,51,WRITING (Screenplay Written Directly for the Screen),Nancy Dowd,Coming Home,1945-01-01,Framingham,United States
1978,1979,51,WRITING (Screenplay Written Directly for the Screen),Waldo Salt,Coming Home,1914-10-18,Chicago,United States
1978,1979,51,WRITING (Screenplay Written Directly for the Screen),Robert C. Jones,Coming Home,1936-03-30,Los Angeles,United States
1978,1979,51,SPECIAL ACHIEVEMENT AWARD (Visual Effects),Les Bowie,Superman,1913-11-10,Vancouver,Canada
1978,1979,51,SPECIAL ACHIEVEMENT AWARD (Visual Effects),Colin Chilvers,Superman,1945-01-01,England,United Kingdom
1978,1979,51,SPECIAL ACHIEVEMENT AWARD (Visual Effects),Denys Coop,Superman,1920-07-20,Reading,United Kingdom
1978,1979,51,SPECIAL ACHIEVEMENT AWARD (Visual Effects),Roy Field,Superman,1932-08-19,,
1978,1979,51,SPECIAL ACHIEVEMENT AWARD (Visual Effects),Derek Meddings,Superman,1931-01-15,London,United Kingdom
1978,1979,51,SPECIAL ACHIEVEMENT AWARD (Visual Effects),Zoran Perisic,Superman,1940-03-16,Prokuplje,Serbia
1978,1979,51,JEAN HERSHOLT HUMANITARIAN AWARD,Leo Jaffe,,,,
1978,1979,51,HONORARY AWARD,Walter Lantz for bringing joy and laughter to every part of the world through his unique animated motion pictures.,,,,
1978,1979,51,HONORARY AWARD,The Museum of Modern Art Department of Film for the contribution it has made to the public's perception of movies as an art form.,,,,
1978,1979,51,HONORARY AWARD,Laurence Olivier for the full body of his work,,1907-05-22,Dorking,United Kingdom
1978,1979,51,HONORARY AWARD,King Vidor for his incomparable achievements as a cinematic creator and innovator.,,1894-02-08,Galveston,United States
1979,1980,52,ACTOR IN A LEADING ROLE,Dustin Hoffman,Kramer vs. Kramer,1937-08-08,Los Angeles,United States
1979,1980,52,ACTOR IN A SUPPORTING ROLE,Melvyn Douglas,Being There,1901-04-05,Macon,United States
1979,1980,52,ACTRESS IN A LEADING ROLE,Sally Field,Norma Rae,1946-11-06,Pasadena,United States
1979,1980,52,ACTRESS IN A SUPPORTING ROLE,Meryl Streep,Kramer vs. Kramer,1949-06-22,Summit,United States
1979,1980,52,ART DIRECTION,Art Direction:  Philip Rosenberg,All That Jazz,,,
1979,1980,52,ART DIRECTION,Tony Walton,All That Jazz,1934-10-24,Walton-on-Thames,United Kingdom
1979,1980,52,ART DIRECTION,Set Decoration:  Edward Stewart,All That Jazz,,,
1979,1980,52,ART DIRECTION,Gary Brink,All That Jazz,,,
1979,1980,52,CINEMATOGRAPHY,Vittorio Storaro,Apocalypse Now,1940-06-24,Rome,Italy
1979,1980,52,COSTUME DESIGN,Albert Wolsky,All That Jazz,1930-11-24,12th arrondissement of Paris,France
1979,1980,52,DIRECTING,Robert Benton,Kramer vs. Kramer,1932-09-29,Dallas,United States
1979,1980,52,DOCUMENTARY (Feature),Ira Wohl,Best Boy,,,
1979,1980,52,DOCUMENTARY (Feature),Producer,Best Boy,,,
1979,1980,52,DOCUMENTARY (Short Subject),Saul J. Turell,Paul Robeson: Tribute to an Artist,1921-01-20,New York City,United States
1979,1980,52,DOCUMENTARY (Short Subject),Producer,Paul Robeson: Tribute to an Artist,,,
1979,1980,52,FILM EDITING,Alan Heim,All That Jazz,1936-05-21,New York City,United States
1979,1980,52,FOREIGN LANGUAGE FILM,Federal Republic of Germany,The Tin Drum,,,
1979,1980,52,MUSIC (Original Score),Georges Delerue,A Little Romance,1925-03-12,Roubaix,France
1979,1980,52,MUSIC (Original Song Score and Its Adaptation -or- Adaptation Score),Ralph Burns,All That Jazz,1922-06-29,Newton,United States
1979,1980,52,MUSIC (Original Song),David Shire,Norma Rae,1937-07-03,Buffalo,United States
1979,1980,52,MUSIC (Original Song),Norman Gimbel,Norma Rae,1927-11-16,Brooklyn,United States
1979,1980,52,BEST PICTURE,Stanley R. Jaffe,Kramer vs. Kramer,1940-07-31,New Rochelle,United States
1979,1980,52,BEST PICTURE,Producer,Kramer vs. Kramer,,,
1979,1980,52,SHORT FILM (Animated),Derek Lamb,Every Child,1936-06-20,London,United Kingdom
1979,1980,52,SHORT FILM (Animated),Producer,Every Child,,,
1979,1980,52,SHORT FILM (Live Action),Sarah Pillsbury and Ron Ellis,Board and Care,,,
1979,1980,52,SHORT FILM (Live Action),Producers,Board and Care,,,
1979,1980,52,SOUND,Walter Murch,Apocalypse Now,1943-07-12,New York City,United States
1979,1980,52,SOUND,Mark Berger,Apocalypse Now,1943-05-14,San Francisco,United States
1979,1980,52,SOUND,Richard Beggs,Apocalypse Now,1942-01-08,San Francisco,United States
1979,1980,52,SOUND,Nat Boxer,Apocalypse Now,1925-06-22,Wawarsing,United States
1979,1980,52,VISUAL EFFECTS,H.R. Giger,Alien,,,
1979,1980,52,VISUAL EFFECTS,Carlo Rambaldi,Alien,1925-09-15,Vigarano Mainarda,Italy
1979,1980,52,VISUAL EFFECTS,Brian Johnson,Alien,1939-06-29,Surrey,United Kingdom
1979,1980,52,VISUAL EFFECTS,Nick Allder,Alien,1943-02-23,Buckinghamshire,United Kingdom
1979,1980,52,VISUAL EFFECTS,Denys Ayling,Alien,,,
1979,1980,52,WRITING (Screenplay Based on Material from Another Medium),Robert Benton,Kramer vs. Kramer,1932-09-29,Dallas,United States
1979,1980,52,WRITING (Screenplay Written Directly for the Screen),Steve Tesich,Breaking Away,1942-09-29,Užice,Serbia
1979,1980,52,SPECIAL ACHIEVEMENT AWARD (Sound Editing),Alan Splet,The Black Stallion,,,
1979,1980,52,JEAN HERSHOLT HUMANITARIAN AWARD,Robert Benjamin,,,,
1979,1980,52,HONORARY AWARD,Alec Guinness for advancing the art of screen acting through a host of memorable and distinguished performances.,,1914-04-02,Marylebone,United Kingdom
1979,1980,52,HONORARY AWARD,Hal Elias for his dedication and distinguished service to the Academy of Motion Picture Arts and Sciences.,,1899-12-23,,
1979,1980,52,IRVING G. THALBERG MEMORIAL AWARD,Ray Stark,,1915-10-03,Chicago,United States
1980,1981,53,ACTOR IN A LEADING ROLE,Robert De Niro,Raging Bull,1943-08-17,New York City,United States
1980,1981,53,ACTOR IN A SUPPORTING ROLE,Timothy Hutton,Ordinary People,1960-08-16,Malibu,United States
1980,1981,53,ACTRESS IN A LEADING ROLE,Sissy Spacek,Coal Miner's Daughter,1949-12-25,Quitman,United States
1980,1981,53,ACTRESS IN A SUPPORTING ROLE,Mary Steenburgen,Melvin and Howard,1953-02-08,Newport,United States
1980,1981,53,ART DIRECTION,Art Direction:  Pierre Guffroy,Tess,,,
1980,1981,53,ART DIRECTION,Jack Stephens,Tess,2000-01-01,Chittagong,Bangladesh
1980,1981,53,CINEMATOGRAPHY,Geoffrey Unsworth,Tess,1914-05-26,Atherton,United Kingdom
1980,1981,53,CINEMATOGRAPHY,Ghislain Cloquet,Tess,1924-04-18,Antwerp,Belgium
1980,1981,53,COSTUME DESIGN,Anthony Powell,Tess,1935-06-02,Chorlton-cum-Hardy,United Kingdom
1980,1981,53,DIRECTING,Robert Redford,Ordinary People,1936-08-18,Santa Monica,United States
1980,1981,53,DOCUMENTARY (Feature),Murray Lerner,From Mao to Mozart: Isaac Stern in China,,,
1980,1981,53,DOCUMENTARY (Feature),Producer,From Mao to Mozart: Isaac Stern in China,,,
1980,1981,53,DOCUMENTARY (Short Subject),Roland Hallé and Peter W. Ladue,Karl Hess: Toward Liberty,,,
1980,1981,53,DOCUMENTARY (Short Subject),Producers,Karl Hess: Toward Liberty,,,
1980,1981,53,FILM EDITING,Thelma Schoonmaker,Raging Bull,1940-01-03,Algiers,Algeria
1980,1981,53,FOREIGN LANGUAGE FILM,Union of Soviet Socialist Republics,Moscow Does Not Believe in Tears,,,
1980,1981,53,MUSIC (Original Score),Michael Gore,Fame,1951-03-05,Brooklyn,United States
1980,1981,53,MUSIC (Original Song),Michael Gore,Fame,1951-03-05,Brooklyn,United States
1980,1981,53,MUSIC (Original Song),Dean Pitchford,Fame,1951-07-29,Honolulu,United States
1980,1981,53,BEST PICTURE,Ronald L. Schwary,Ordinary People,1944-05-23,The Dalles,United States
1980,1981,53,BEST PICTURE,Producer,Ordinary People,,,
1980,1981,53,SHORT FILM (Animated),Ferenc Rofusz,The Fly,1946-08-19,Budapest,Hungary
1980,1981,53,SHORT FILM (Animated),Producer,The Fly,,,
1980,1981,53,SHORT FILM (Dramatic Live Action),Lloyd Phillips,The Dollar Bottom,,,
1980,1981,53,SHORT FILM (Dramatic Live Action),Producer,The Dollar Bottom,,,
1980,1981,53,SOUND,Bill Varney,The Empire Strikes Back,1934-01-22,Beverly,United States
1980,1981,53,SOUND,Steve Maslow,The Empire Strikes Back,1944-10-17,Los Angeles,United States
1980,1981,53,SOUND,Gregg Landaker,The Empire Strikes Back,2000-01-01,Los Angeles,United States
1980,1981,53,SOUND,Peter Sutton,The Empire Strikes Back,1943-04-23,Newcastle upon Tyne,United Kingdom
1980,1981,53,WRITING (Screenplay Based on Material from Another Medium),Alvin Sargent,Ordinary People,1927-04-12,Philadelphia,United States
1980,1981,53,WRITING (Screenplay Written Directly for the Screen),Bo Goldman,Melvin and Howard,1932-09-10,New York City,United States
1980,1981,53,SPECIAL ACHIEVEMENT AWARD (Visual Effects),Brian Johnson,The Empire Strikes Back,1939-06-29,Surrey,United Kingdom
1980,1981,53,SPECIAL ACHIEVEMENT AWARD (Visual Effects),Richard Edlund,The Empire Strikes Back,1940-12-06,Fargo,United States
1980,1981,53,SPECIAL ACHIEVEMENT AWARD (Visual Effects),Dennis Muren,The Empire Strikes Back,1946-11-01,Glendale,United States
1980,1981,53,SPECIAL ACHIEVEMENT AWARD (Visual Effects),Bruce Nicholson,The Empire Strikes Back,2000-01-01,United States,United States
1980,1981,53,HONORARY AWARD,Henry Fonda,,1905-05-16,Grand Island,United States
1981,1982,54,ACTOR IN A LEADING ROLE,Henry Fonda,On Golden Pond,1905-05-16,Grand Island,United States
1981,1982,54,ACTOR IN A SUPPORTING ROLE,John Gielgud,Arthur,1904-04-14,South Kensington,United Kingdom
1981,1982,54,ACTRESS IN A LEADING ROLE,Katharine Hepburn,On Golden Pond,1907-05-12,Hartford,United States
1981,1982,54,ACTRESS IN A SUPPORTING ROLE,Maureen Stapleton,Reds,1925-06-21,Troy,United States
1981,1982,54,ART DIRECTION,Art Direction:  Norman Reynolds,Raiders of the Lost Ark,,,
1981,1982,54,ART DIRECTION,Leslie Dilley,Raiders of the Lost Ark,1941-01-11,Rhondda,United Kingdom
1981,1982,54,ART DIRECTION,Set Decoration:  Michael Ford,Raiders of the Lost Ark,,,
1981,1982,54,CINEMATOGRAPHY,Vittorio Storaro,Reds,1940-06-24,Rome,Italy
1981,1982,54,COSTUME DESIGN,Milena Canonero,Chariots of Fire,1949-07-13,Turin,Italy
1981,1982,54,DIRECTING,Warren Beatty,Reds,1937-03-30,Richmond,United States
1981,1982,54,DOCUMENTARY (Feature),Arnold Schwartzman and Rabbi Marvin Hier,Genocide,,,
1981,1982,54,DOCUMENTARY (Feature),Producers,Genocide,,,
1981,1982,54,DOCUMENTARY (Short Subject),Nigel Noble,Close Harmony,1943-01-01,Blackpool,United Kingdom
1981,1982,54,DOCUMENTARY (Short Subject),Producer,Close Harmony,,,
1981,1982,54,FILM EDITING,Michael Kahn,Raiders of the Lost Ark,1930-12-08,New York City,United States
1981,1982,54,FOREIGN LANGUAGE FILM,Hungary,Mephisto,,,
1981,1982,54,MAKEUP,Rick Baker,An American Werewolf in London,1950-12-08,Binghamton,United States
1981,1982,54,MUSIC (Original Score),Vangelis,Chariots of Fire,1943-03-29,Agria,Greece
1981,1982,54,MUSIC (Original Song),Burt Bacharach,Arthur,1928-05-12,Kansas City,United States
1981,1982,54,MUSIC (Original Song),Carole Bayer Sager,Arthur,1947-03-08,Brooklyn,United States
1981,1982,54,MUSIC (Original Song),Christopher Cross and Peter Allen,Arthur,,,
1981,1982,54,BEST PICTURE,David Puttnam,Chariots of Fire,1941-02-25,Southgate,United Kingdom
1981,1982,54,BEST PICTURE,Producer,Chariots of Fire,,,
1981,1982,54,SHORT FILM (Animated),Frédéric Back,Crac,1924-04-08,Saarbrücken,Germany
1981,1982,54,SHORT FILM (Animated),Producer,Crac,,,
1981,1982,54,SHORT FILM (Live Action),Paul Kemp and Shelley Levinson,Violet,,,
1981,1982,54,SHORT FILM (Live Action),Producers,Violet,,,
1981,1982,54,SOUND,Bill Varney,Raiders of the Lost Ark,1934-01-22,Beverly,United States
1981,1982,54,SOUND,Steve Maslow,Raiders of the Lost Ark,1944-10-17,Los Angeles,United States
1981,1982,54,SOUND,Gregg Landaker,Raiders of the Lost Ark,2000-01-01,Los Angeles,United States
1981,1982,54,SOUND,Roy Charman,Raiders of the Lost Ark,1930-05-31,Battersea,United Kingdom
1981,1982,54,VISUAL EFFECTS,Richard Edlund,Raiders of the Lost Ark,1940-12-06,Fargo,United States
1981,1982,54,VISUAL EFFECTS,Kit West,Raiders of the Lost Ark,1936-02-06,London,United Kingdom
1981,1982,54,VISUAL EFFECTS,Bruce Nicholson,Raiders of the Lost Ark,2000-01-01,United States,United States
1981,1982,54,VISUAL EFFECTS,Joe Johnston,Raiders of the Lost Ark,1950-05-13,Fort Worth,United States
1981,1982,54,WRITING (Screenplay Based on Material from Another Medium),Ernest Thompson,On Golden Pond,1949-11-06,Bellows Falls,United States
1981,1982,54,WRITING (Screenplay Written Directly for the Screen),Colin Welland,Chariots of Fire,1934-07-04,Liverpool,United Kingdom
1981,1982,54,SPECIAL ACHIEVEMENT AWARD (Sound Effects Editing),Ben Burtt,Raiders of the Lost Ark,1948-07-12,Jamesville,United States
1981,1982,54,SPECIAL ACHIEVEMENT AWARD (Sound Effects Editing),Richard L. Anderson,Raiders of the Lost Ark,1950-01-01,,
1981,1982,54,JEAN HERSHOLT HUMANITARIAN AWARD,Danny Kaye,,1911-01-18,Brooklyn,United States
1981,1982,54,HONORARY AWARD,Barbara Stanwyck for superlative creativity and unique contribution to the art of screen acting.,,1907-07-16,Brooklyn,United States
1981,1982,54,IRVING G. THALBERG MEMORIAL AWARD,Albert R. Broccoli,,,,
1982,1983,55,ACTOR IN A LEADING ROLE,Ben Kingsley,Gandhi,1943-12-31,Snainton,United Kingdom
1982,1983,55,ACTOR IN A SUPPORTING ROLE,Louis Gossett,An Officer and a Gentleman,,,
1982,1983,55,ACTOR IN A SUPPORTING ROLE,Jr.,An Officer and a Gentleman,,,
1982,1983,55,ACTRESS IN A LEADING ROLE,Meryl Streep,Sophie's Choice,1949-06-22,Summit,United States
1982,1983,55,ACTRESS IN A SUPPORTING ROLE,Jessica Lange,Tootsie,1949-04-20,Cloquet,United States
1982,1983,55,ART DIRECTION,Art Direction:  Stuart Craig,Gandhi,,,
1982,1983,55,ART DIRECTION,Bob Laing,Gandhi,,,
1982,1983,55,ART DIRECTION,Set Decoration:  Michael Seirton,Gandhi,,,
1982,1983,55,CINEMATOGRAPHY,Billy Williams,Gandhi,1929-06-03,Walthamstow,United Kingdom
1982,1983,55,CINEMATOGRAPHY,Ronnie Taylor,Gandhi,1924-10-27,Hampstead,United Kingdom
1982,1983,55,COSTUME DESIGN,John Mollo,Gandhi,1931-03-18,London,United Kingdom
1982,1983,55,COSTUME DESIGN,Bhanu Athaiya,Gandhi,1929-04-28,Kolhapur,India
1982,1983,55,DIRECTING,Richard Attenborough,Gandhi,1923-08-29,Cambridge,United Kingdom
1982,1983,55,DOCUMENTARY (Feature),John Zaritsky,Just Another Missing Kid,1943-07-13,St. Catharines,Canada
1982,1983,55,DOCUMENTARY (Feature),Producer,Just Another Missing Kid,,,
1982,1983,55,DOCUMENTARY (Short Subject),Edward Le Lorrain and Terri Nash,If You Love This Planet,,,
1982,1983,55,DOCUMENTARY (Short Subject),Producers,If You Love This Planet,,,
1982,1983,55,FILM EDITING,John Bloom,Gandhi,1935-09-12,London,United Kingdom
1982,1983,55,FOREIGN LANGUAGE FILM,Spain,Volver a Empezar ('To Begin Again'),,,
1982,1983,55,MAKEUP,Sarah Monzani,Quest for Fire,1949-01-01,Hemel Hempstead,United Kingdom
1982,1983,55,MAKEUP,Michèle Burke,Quest for Fire,1959-01-01,Kildare,Ireland
1982,1983,55,MUSIC (Original Score),John Williams,E.T. The Extra-Terrestrial,1932-02-08,New York City,United States
1982,1983,55,MUSIC (Original Song Score and Its Adaptation -or- Adaptation Score),Henry Mancini and Leslie Bricusse,Victor/Victoria,,,
1982,1983,55,MUSIC (Original Song Score and Its Adaptation -or- Adaptation Score),Henry Mancini,Victor/Victoria,1924-04-16,Cleveland,United States
1982,1983,55,MUSIC (Original Song),Jack Nitzsche and Buffy Sainte-Marie,An Officer and a Gentleman,,,
1982,1983,55,MUSIC (Original Song),Will Jennings,An Officer and a Gentleman,1944-06-27,Kilgore,United States
1982,1983,55,BEST PICTURE,Richard Attenborough,Gandhi,1923-08-29,Cambridge,United Kingdom
1982,1983,55,BEST PICTURE,Producer,Gandhi,,,
1982,1983,55,SHORT FILM (Animated),Zbigniew Rybczynski,Tango,,,
1982,1983,55,SHORT FILM (Animated),Producer,Tango,,,
1982,1983,55,SHORT FILM (Live Action),Christine Oestreicher,A Shocking Accident,,,
1982,1983,55,SHORT FILM (Live Action),Producer,A Shocking Accident,,,
1982,1983,55,SOUND,Robert Knudson,E.T. The Extra-Terrestrial,1925-09-29,Los Angeles,United States
1982,1983,55,SOUND,Robert Glass,E.T. The Extra-Terrestrial,1939-12-04,Barre,United States
1982,1983,55,SOUND,Don Digirolamo,E.T. The Extra-Terrestrial,1950-01-01,New York City,United States
1982,1983,55,SOUND,Gene Cantamessa,E.T. The Extra-Terrestrial,1931-02-17,Queens,United States
1982,1983,55,SOUND EFFECTS EDITING,Charles L. Campbell,E.T. The Extra-Terrestrial,,,
1982,1983,55,SOUND EFFECTS EDITING,Ben Burtt,E.T. The Extra-Terrestrial,1948-07-12,Jamesville,United States
1982,1983,55,VISUAL EFFECTS,Carlo Rambaldi,E.T. The Extra-Terrestrial,1925-09-15,Vigarano Mainarda,Italy
1982,1983,55,VISUAL EFFECTS,Dennis Muren,E.T. The Extra-Terrestrial,1946-11-01,Glendale,United States
1982,1983,55,VISUAL EFFECTS,Kenneth F. Smith,E.T. The Extra-Terrestrial,,,
1982,1983,55,WRITING (Screenplay Based on Material from Another Medium),Costa-Gavras,Missing,1933-02-12,Loutra,Greece
1982,1983,55,WRITING (Screenplay Based on Material from Another Medium),Donald Stewart,Missing,,,
1982,1983,55,WRITING (Screenplay Written Directly for the Screen),John Briley,Gandhi,1925-06-25,Kalamazoo,United States
1982,1983,55,JEAN HERSHOLT HUMANITARIAN AWARD,Walter Mirisch,,1921-11-08,New York City,United States
1982,1983,55,HONORARY AWARD,Mickey Rooney,,1920-09-23,Brooklyn,United States
1983,1984,56,ACTOR IN A LEADING ROLE,Robert Duvall,Tender Mercies,1931-01-05,San Diego,United States
1983,1984,56,ACTOR IN A SUPPORTING ROLE,Jack Nicholson,Terms of Endearment,1937-04-22,Neptune City,United States
1983,1984,56,ACTRESS IN A LEADING ROLE,Shirley MacLaine,Terms of Endearment,1934-04-24,Richmond,United States
1983,1984,56,ACTRESS IN A SUPPORTING ROLE,Linda Hunt,The Year of Living Dangerously,1945-04-02,Morristown,United States
1983,1984,56,ART DIRECTION,Anna Asp,Fanny & Alexander,1946-05-16,Segersta socken,Sweden
1983,1984,56,CINEMATOGRAPHY,Sven Nykvist,Fanny & Alexander,1922-12-03,Moheda,Sweden
1983,1984,56,COSTUME DESIGN,Marik Vos,Fanny & Alexander,,,
1983,1984,56,DIRECTING,James L. Brooks,Terms of Endearment,1940-05-09,Brooklyn,United States
1983,1984,56,DOCUMENTARY (Feature),Emile Ardolino,He Makes Me Feel Like Dancin',1943-05-09,Maspeth,United States
1983,1984,56,DOCUMENTARY (Feature),Producer,He Makes Me Feel Like Dancin',,,
1983,1984,56,DOCUMENTARY (Short Subject),Cynthia Scott and Adam Symansky,Flamenco at 5:15,,,
1983,1984,56,DOCUMENTARY (Short Subject),Producers,Flamenco at 5:15,,,
1983,1984,56,FILM EDITING,Glenn Farr,The Right Stuff,1946-03-26,United States,United States
1983,1984,56,FILM EDITING,Lisa Fruchtman,The Right Stuff,1948-08-01,New York City,United States
1983,1984,56,FILM EDITING,Stephen A. Rotter,The Right Stuff,2000-01-01,,
1983,1984,56,FILM EDITING,Douglas Stewart,The Right Stuff,1919-03-27,Vancouver,Canada
1983,1984,56,FILM EDITING,Tom Rolf,The Right Stuff,1931-12-31,Stockholm,Sweden
1983,1984,56,FOREIGN LANGUAGE FILM,Sweden,Fanny & Alexander,,,
1983,1984,56,MUSIC (Original Score),Bill Conti,The Right Stuff,1942-04-13,Providence,United States
1983,1984,56,MUSIC (Original Song Score or Adaptation Score),Michel Legrand,Yentl,1932-02-24,Paris,France
1983,1984,56,MUSIC (Original Song Score or Adaptation Score),Alan Bergman and Marilyn Bergman,Yentl,,,
1983,1984,56,MUSIC (Original Song),Giorgio Moroder,Flashdance,1940-04-26,Urtijëi,Italy
1983,1984,56,MUSIC (Original Song),Keith Forsey and Irene Cara,Flashdance,,,
1983,1984,56,BEST PICTURE,James L. Brooks,Terms of Endearment,1940-05-09,Brooklyn,United States
1983,1984,56,BEST PICTURE,Producer,Terms of Endearment,,,
1983,1984,56,SHORT FILM (Animated),Jimmy Picker,Sundae in New York,1949-07-08,New York City,United States
1983,1984,56,SHORT FILM (Animated),Producer,Sundae in New York,,,
1983,1984,56,SHORT FILM (Live Action),Janice L. Platt,Boys and Girls,,,
1983,1984,56,SHORT FILM (Live Action),Producer,Boys and Girls,,,
1983,1984,56,SOUND,Mark Berger,The Right Stuff,1943-05-14,San Francisco,United States
1983,1984,56,SOUND,Tom Scott,The Right Stuff,1950-01-01,,
1983,1984,56,SOUND,Randy Thom,The Right Stuff,2000-01-01,Shreveport,United States
1983,1984,56,SOUND,David MacMillan,The Right Stuff,2000-01-01,Northern Ireland,United Kingdom
1983,1984,56,SOUND EFFECTS EDITING,Jay Boekelheide,The Right Stuff,,,
1983,1984,56,WRITING (Screenplay Based on Material from Another Medium),James L. Brooks,Terms of Endearment,1940-05-09,Brooklyn,United States
1983,1984,56,WRITING (Screenplay Written Directly for the Screen),Horton Foote,Tender Mercies,1916-03-14,Wharton,United States
1983,1984,56,SPECIAL ACHIEVEMENT AWARD (Visual Effects),Richard Edlund,Return of the Jedi,1940-12-06,Fargo,United States
1983,1984,56,SPECIAL ACHIEVEMENT AWARD (Visual Effects),Dennis Muren,Return of the Jedi,1946-11-01,Glendale,United States
1983,1984,56,SPECIAL ACHIEVEMENT AWARD (Visual Effects),Ken Ralston,Return of the Jedi,1954-01-01,United States,United States
1983,1984,56,SPECIAL ACHIEVEMENT AWARD (Visual Effects),Phil Tippett,Return of the Jedi,1951-09-27,Berkeley,United States
1983,1984,56,JEAN HERSHOLT HUMANITARIAN AWARD,M. J. Frankovich,,,,
1983,1984,56,HONORARY AWARD,Hal Roach,,1892-01-14,Elmira,United States
1984,1985,57,ACTOR IN A LEADING ROLE,F. Murray Abraham,Amadeus,1939-10-24,Pittsburgh,United States
1984,1985,57,ACTOR IN A SUPPORTING ROLE,Haing S. Ngor,The Killing Fields,1940-03-22,French Indochina,Vietnam
1984,1985,57,ACTRESS IN A LEADING ROLE,Sally Field,Places in the Heart,1946-11-06,Pasadena,United States
1984,1985,57,ACTRESS IN A SUPPORTING ROLE,Peggy Ashcroft,A Passage to India,1907-12-22,Surrey,United Kingdom
1984,1985,57,ART DIRECTION,Art Direction:  Patrizia Von Brandenstein,Amadeus,,,
1984,1985,57,ART DIRECTION,Set Decoration:  Karel Cerny,Amadeus,,,
1984,1985,57,CINEMATOGRAPHY,Chris Menges,The Killing Fields,1940-09-15,Kington,United Kingdom
1984,1985,57,COSTUME DESIGN,Theodor Pistek,Amadeus,,,
1984,1985,57,DIRECTING,Milos Forman,Amadeus,,,
1984,1985,57,DOCUMENTARY (Feature),Robert Epstein and Richard Schmiechen,The Times of Harvey Milk,,,
1984,1985,57,DOCUMENTARY (Feature),Producers,The Times of Harvey Milk,,,
1984,1985,57,DOCUMENTARY (Short Subject),Marjorie Hunt and Paul Wagner,The Stone Carvers,,,
1984,1985,57,DOCUMENTARY (Short Subject),Producers,The Stone Carvers,,,
1984,1985,57,FILM EDITING,Jim Clark,The Killing Fields,1931-05-24,Boston,United Kingdom
1984,1985,57,FOREIGN LANGUAGE FILM,Switzerland,Dangerous Moves,,,
1984,1985,57,MAKEUP,Paul LeBlanc,Amadeus,1946-01-01,Moncton,Canada
1984,1985,57,MAKEUP,Dick Smith,Amadeus,1922-06-26,Larchmont,United States
1984,1985,57,MUSIC (Original Score),Maurice Jarre,A Passage to India,1924-09-13,5th arrondissement of Lyon,France
1984,1985,57,MUSIC (Original Song Score),Prince,Purple Rain,1958-06-07,Minneapolis,United States
1984,1985,57,MUSIC (Original Song),Stevie Wonder,The Woman in Red,1950-05-13,Saginaw,United States
1984,1985,57,BEST PICTURE,Saul Zaentz,Amadeus,1921-02-28,Passaic,United States
1984,1985,57,BEST PICTURE,Producer,Amadeus,,,
1984,1985,57,SHORT FILM (Animated),Jon Minnis,Charade,1950-01-01,Birmingham,United Kingdom
1984,1985,57,SHORT FILM (Animated),Producer,Charade,,,
1984,1985,57,SHORT FILM (Live Action),Mike Hoover,Up,,,
1984,1985,57,SHORT FILM (Live Action),Producer,Up,,,
1984,1985,57,SOUND,Mark Berger,Amadeus,1943-05-14,San Francisco,United States
1984,1985,57,SOUND,Tom Scott,Amadeus,1950-01-01,,
1984,1985,57,SOUND,Todd Boekelheide,Amadeus,2000-01-01,Chico,United States
1984,1985,57,SOUND,Chris Newman,Amadeus,1940-02-17,New York City,United States
1984,1985,57,VISUAL EFFECTS,Dennis Muren,Indiana Jones and the Temple of Doom,1946-11-01,Glendale,United States
1984,1985,57,VISUAL EFFECTS,Michael McAlister,Indiana Jones and the Temple of Doom,,,
1984,1985,57,VISUAL EFFECTS,Lorne Peterson,Indiana Jones and the Temple of Doom,2000-01-01,Vancouver,Canada
1984,1985,57,VISUAL EFFECTS,George Gibbs,Indiana Jones and the Temple of Doom,1937-07-18,London Borough of Islington,United Kingdom
1984,1985,57,WRITING (Screenplay Based on Material from Another Medium),Peter Shaffer,Amadeus,1926-05-15,Liverpool,United Kingdom
1984,1985,57,WRITING (Screenplay Written Directly for the Screen),Robert Benton,Places in the Heart,1932-09-29,Dallas,United States
1984,1985,57,SPECIAL ACHIEVEMENT AWARD (Sound Effects Editing),Kay Rose,The River,1922-02-12,New York City,United States
1984,1985,57,JEAN HERSHOLT HUMANITARIAN AWARD,David L. Wolper,,,,
1984,1985,57,HONORARY AWARD,James Stewart,,1908-05-20,Indiana,United States
1984,1985,57,HONORARY AWARD,the National Endowment for the Arts,,,,
1985,1986,58,ACTOR IN A LEADING ROLE,William Hurt,Kiss of the Spider Woman,1950-03-20,"Washington, D.C.",United States
1985,1986,58,ACTOR IN A SUPPORTING ROLE,Don Ameche,Cocoon,1908-05-31,Kenosha,United States
1985,1986,58,ACTRESS IN A LEADING ROLE,Geraldine Page,The Trip to Bountiful,1924-11-22,Kirksville,United States
1985,1986,58,ACTRESS IN A SUPPORTING ROLE,Anjelica Huston,Prizzi's Honor,1951-07-08,Santa Monica,United States
1985,1986,58,ART DIRECTION,Art Direction:  Stephen Grimes,Out of Africa,,,
1985,1986,58,ART DIRECTION,Set Decoration:  Josie MacAvin,Out of Africa,,,
1985,1986,58,CINEMATOGRAPHY,David Watkin,Out of Africa,1925-03-23,Margate,United Kingdom
1985,1986,58,COSTUME DESIGN,Emi Wada,Ran,1937-03-18,Kyoto,Japan
1985,1986,58,DIRECTING,Sydney Pollack,Out of Africa,1934-07-01,Lafayette,United States
1985,1986,58,DOCUMENTARY (Feature),Maria Florio and Victoria Mudd,Broken Rainbow,,,
1985,1986,58,DOCUMENTARY (Feature),Producers,Broken Rainbow,,,
1985,1986,58,DOCUMENTARY (Short Subject),David Goodman,Witness to War: Dr. Charlie Clements,,,
1985,1986,58,DOCUMENTARY (Short Subject),Producer,Witness to War: Dr. Charlie Clements,,,
1985,1986,58,FILM EDITING,Thom Noble,Witness,1936-05-01,London,United Kingdom
1985,1986,58,FOREIGN LANGUAGE FILM,Argentina,The Official Story,,,
1985,1986,58,MAKEUP,Michael Westmore,Mask,1938-03-22,Los Angeles,United States
1985,1986,58,MAKEUP,Zoltan Elek,Mask,2000-01-01,,
1985,1986,58,MUSIC (Original Score),John Barry,Out of Africa,1933-11-03,York,United Kingdom
1985,1986,58,MUSIC (Original Song),Lionel Richie,White Nights,1949-06-20,Tuskegee,United States
1985,1986,58,BEST PICTURE,Sydney Pollack,Out of Africa,1934-07-01,Lafayette,United States
1985,1986,58,BEST PICTURE,Producer,Out of Africa,,,
1985,1986,58,SHORT FILM (Animated),Cilia Van Dijk,Anna & Bella,,,
1985,1986,58,SHORT FILM (Animated),Producer,Anna & Bella,,,
1985,1986,58,SHORT FILM (Live Action),Jeff Brown and Chris Pelzer,Molly's Pilgrim,,,
1985,1986,58,SHORT FILM (Live Action),Producers,Molly's Pilgrim,,,
1985,1986,58,SOUND,Chris Jenkins,Out of Africa,1950-01-01,United States,United States
1985,1986,58,SOUND,Gary Alexander,Out of Africa,1950-01-01,,
1985,1986,58,SOUND,Larry Stensvold,Out of Africa,1950-01-01,United States,United States
1985,1986,58,SOUND,Peter Handford,Out of Africa,1919-03-21,Four Elms,United Kingdom
1985,1986,58,SOUND EFFECTS EDITING,Charles L. Campbell,Back to the Future,,,
1985,1986,58,SOUND EFFECTS EDITING,Robert Rutledge,Back to the Future,,,
1985,1986,58,VISUAL EFFECTS,Ken Ralston,Cocoon,1954-01-01,United States,United States
1985,1986,58,VISUAL EFFECTS,Ralph McQuarrie,Cocoon,1929-06-13,Gary,United States
1985,1986,58,VISUAL EFFECTS,Scott Farrar,Cocoon,1950-06-26,United States,United States
1985,1986,58,VISUAL EFFECTS,David Berry,Cocoon,,,
1985,1986,58,WRITING (Screenplay Based on Material from Another Medium),Kurt Luedtke,Out of Africa,1939-09-28,Michigan,United States
1985,1986,58,WRITING (Screenplay Written Directly for the Screen),Earl W. Wallace,Witness,1942-10-23,,
1985,1986,58,WRITING (Screenplay Written Directly for the Screen),William Kelley,Witness,1929-05-27,Staten Island,United States
1985,1986,58,WRITING (Screenplay Written Directly for the Screen),William Kelley,Witness,1929-05-27,Staten Island,United States
1985,1986,58,WRITING (Screenplay Written Directly for the Screen),Pamela Wallace,Witness,1949-01-01,Exeter,United States
1985,1986,58,WRITING (Screenplay Written Directly for the Screen),Earl W. Wallace,Witness,1942-10-23,,
1985,1986,58,JEAN HERSHOLT HUMANITARIAN AWARD,Charles 'Buddy' Rogers,,,,
1985,1986,58,HONORARY AWARD,Paul Newman,,1925-01-26,Shaker Heights,United States
1985,1986,58,HONORARY AWARD,Alex North,,1910-12-04,Chester,United States
1986,1987,59,ACTOR IN A LEADING ROLE,Paul Newman,The Color of Money,1925-01-26,Shaker Heights,United States
1986,1987,59,ACTOR IN A SUPPORTING ROLE,Michael Caine,Hannah and Her Sisters,1933-03-14,Rotherhithe,United Kingdom
1986,1987,59,ACTRESS IN A LEADING ROLE,Marlee Matlin,Children of a Lesser God,1965-08-24,Morton Grove,United States
1986,1987,59,ACTRESS IN A SUPPORTING ROLE,Dianne Wiest,Hannah and Her Sisters,1948-03-28,Kansas City,United States
1986,1987,59,ART DIRECTION,Art Direction:  Gianni Quaranta,A Room with a View,,,
1986,1987,59,ART DIRECTION,Brian Ackland-Snow,A Room with a View,1940-03-31,London,United Kingdom
1986,1987,59,ART DIRECTION,Set Decoration:  Brian Savegar,A Room with a View,,,
1986,1987,59,ART DIRECTION,Elio Altamura,A Room with a View,,,
1986,1987,59,CINEMATOGRAPHY,Chris Menges,The Mission,1940-09-15,Kington,United Kingdom
1986,1987,59,COSTUME DESIGN,Jenny Beavan,A Room with a View,1950-08-03,London,United Kingdom
1986,1987,59,COSTUME DESIGN,John Bright,A Room with a View,1940-03-07,New Forest,United Kingdom
1986,1987,59,DIRECTING,Oliver Stone,Platoon,1946-09-15,New York City,United States
1986,1987,59,DOCUMENTARY (Feature),Brigitte Berman,Artie Shaw: Time Is All You've Got,1952-01-01,Frankfurt,Germany
1986,1987,59,DOCUMENTARY (Feature),Producer,Artie Shaw: Time Is All You've Got,,,
1986,1987,59,DOCUMENTARY (Feature),Joseph Feury and Milton Justice,Down and Out in America,,,
1986,1987,59,DOCUMENTARY (Feature),Producers,Down and Out in America,,,
1986,1987,59,DOCUMENTARY (Short Subject),Vivienne Verdon-Roe,"Women--for America, for the World",,,
1986,1987,59,DOCUMENTARY (Short Subject),Producer,"Women--for America, for the World",,,
1986,1987,59,FILM EDITING,Claire Simpson,Platoon,2000-01-01,,
1986,1987,59,FOREIGN LANGUAGE FILM,The Netherlands,The Assault,,,
1986,1987,59,MAKEUP,Chris Walas,The Fly,1955-01-01,Chicago,United States
1986,1987,59,MAKEUP,Stephan Dupuis,The Fly,1959-01-01,Montreal,Canada
1986,1987,59,MUSIC (Original Score),Herbie Hancock,'Round Midnight,1940-04-12,Chicago,United States
1986,1987,59,MUSIC (Original Song),Giorgio Moroder,Top Gun,1940-04-26,Urtijëi,Italy
1986,1987,59,MUSIC (Original Song),Tom Whitlock,Top Gun,1954-02-20,Springfield,United States
1986,1987,59,BEST PICTURE,Arnold Kopelson,Platoon,1935-02-14,New York City,United States
1986,1987,59,BEST PICTURE,Producer,Platoon,,,
1986,1987,59,SHORT FILM (Animated),Linda Van Tulden and Willem Thijssen,A Greek Tragedy,,,
1986,1987,59,SHORT FILM (Animated),Producers,A Greek Tragedy,,,
1986,1987,59,SHORT FILM (Live Action),Chuck Workman,Precious Images,,,
1986,1987,59,SHORT FILM (Live Action),Producer,Precious Images,,,
1986,1987,59,SOUND,John K. Wilkinson,Platoon,,,
1986,1987,59,SOUND,Richard Rogers,Platoon,1950-01-01,,
1986,1987,59,SOUND,Charles 'Bud' Grenzbach,Platoon,,,
1986,1987,59,SOUND,Simon Kaye,Platoon,1935-07-22,London,United Kingdom
1986,1987,59,SOUND EFFECTS EDITING,Don Sharpe,Aliens,,,
1986,1987,59,VISUAL EFFECTS,Robert Skotak,Aliens,1945-05-17,Detroit,United States
1986,1987,59,VISUAL EFFECTS,Stan Winston,Aliens,1946-04-07,Richmond,United States
1986,1987,59,VISUAL EFFECTS,John Richardson,Aliens,1946-06-10,Brentford,United Kingdom
1986,1987,59,VISUAL EFFECTS,Suzanne Benson,Aliens,,,
1986,1987,59,WRITING (Screenplay Based on Material from Another Medium),Ruth Prawer Jhabvala,A Room with a View,1927-05-07,Cologne,Germany
1986,1987,59,WRITING (Screenplay Written Directly for the Screen),Woody Allen,Hannah and Her Sisters,1935-11-30,The Bronx,United States
1986,1987,59,HONORARY AWARD,Ralph Bellamy for his unique artistry and his distinguished service to the profession of acting.,,1904-06-17,Chicago,United States
1986,1987,59,IRVING G. THALBERG MEMORIAL AWARD,Steven Spielberg,,1946-12-18,Cincinnati,United States
1987,1988,60,ACTOR IN A LEADING ROLE,Michael Douglas,Wall Street,1944-09-25,New Brunswick,United States
1987,1988,60,ACTOR IN A SUPPORTING ROLE,Sean Connery,The Untouchables,1930-08-25,Fountainbridge,United Kingdom
1987,1988,60,ACTRESS IN A LEADING ROLE,Cher,Moonstruck,1946-05-20,El Centro,United States
1987,1988,60,ACTRESS IN A SUPPORTING ROLE,Olympia Dukakis,Moonstruck,1931-06-20,Lowell,United States
1987,1988,60,ART DIRECTION,Art Direction:  Ferdinando Scarfiotti,The Last Emperor,,,
1987,1988,60,ART DIRECTION,Set Decoration:  Bruno Cesari,The Last Emperor,,,
1987,1988,60,ART DIRECTION,Osvaldo Desideri,The Last Emperor,1939-02-16,Rome,Italy
1987,1988,60,CINEMATOGRAPHY,Vittorio Storaro,The Last Emperor,1940-06-24,Rome,Italy
1987,1988,60,COSTUME DESIGN,James Acheson,The Last Emperor,1946-01-01,Leicester,United Kingdom
1987,1988,60,DIRECTING,Bernardo Bertolucci,The Last Emperor,1941-03-16,Parma,Italy
1987,1988,60,DOCUMENTARY (Feature),Aviva Slesin,The Ten-Year Lunch: The Wit and Legend of the Algonquin Round Table,1942-01-01,Šiauliai,Lithuania
1987,1988,60,DOCUMENTARY (Feature),Producer,The Ten-Year Lunch: The Wit and Legend of the Algonquin Round Table,,,
1987,1988,60,DOCUMENTARY (Short Subject),Sue Marx and Pamela Conn,Young at Heart,,,
1987,1988,60,DOCUMENTARY (Short Subject),Producers,Young at Heart,,,
1987,1988,60,FILM EDITING,Gabriella Cristiani,The Last Emperor,1949-05-21,Foggia,Italy
1987,1988,60,FOREIGN LANGUAGE FILM,Denmark,Babette's Feast,,,
1987,1988,60,MAKEUP,Rick Baker,Harry and the Hendersons,1950-12-08,Binghamton,United States
1987,1988,60,MUSIC (Original Score),Ryuichi Sakamoto,The Last Emperor,1952-01-17,Nakano,Japan
1987,1988,60,MUSIC (Original Score),David Byrne,The Last Emperor,1952-05-14,Dumbarton,United Kingdom
1987,1988,60,MUSIC (Original Score),Cong Su,The Last Emperor,1957-01-01,Tianjin,People's Republic of China
1987,1988,60,MUSIC (Original Song),Franke Previte,Dirty Dancing,1946-05-02,New Brunswick,United States
1987,1988,60,MUSIC (Original Song),John DeNicola and Donald Markowitz,Dirty Dancing,,,
1987,1988,60,MUSIC (Original Song),Franke Previte,Dirty Dancing,1946-05-02,New Brunswick,United States
1987,1988,60,BEST PICTURE,Jeremy Thomas,The Last Emperor,1949-07-26,London,United Kingdom
1987,1988,60,BEST PICTURE,Producer,The Last Emperor,,,
1987,1988,60,SHORT FILM (Animated),Frédéric Back,The Man Who Planted Trees,1924-04-08,Saarbrücken,Germany
1987,1988,60,SHORT FILM (Animated),Producer,The Man Who Planted Trees,,,
1987,1988,60,SHORT FILM (Live Action),Jonathan Sanger and Jana Sue Memel,Ray's Male Heterosexual Dance Hall,,,
1987,1988,60,SHORT FILM (Live Action),Producers,Ray's Male Heterosexual Dance Hall,,,
1987,1988,60,SOUND,Bill Rowe,The Last Emperor,1931-02-02,Crook,United Kingdom
1987,1988,60,SOUND,Ivan Sharrock,The Last Emperor,1941-07-17,St Austell,United Kingdom
1987,1988,60,VISUAL EFFECTS,Dennis Muren,Innerspace,1946-11-01,Glendale,United States
1987,1988,60,VISUAL EFFECTS,William George,Innerspace,,,
1987,1988,60,VISUAL EFFECTS,Harley Jessup,Innerspace,1954-02-12,Corvallis,United States
1987,1988,60,VISUAL EFFECTS,Kenneth Smith,Innerspace,,,
1987,1988,60,WRITING (Screenplay Based on Material from Another Medium),Mark Peploe,The Last Emperor,1943-02-24,Nairobi,Kenya
1987,1988,60,WRITING (Screenplay Based on Material from Another Medium),Bernardo Bertolucci,The Last Emperor,1941-03-16,Parma,Italy
1987,1988,60,WRITING (Screenplay Written Directly for the Screen),John Patrick Shanley,Moonstruck,1950-10-03,The Bronx,United States
1987,1988,60,SPECIAL ACHIEVEMENT AWARD (Sound Effects Editing),Stephen Flick,RoboCop,,,
1987,1988,60,SPECIAL ACHIEVEMENT AWARD (Sound Effects Editing),John Pospisil,RoboCop,,,
1987,1988,60,IRVING G. THALBERG MEMORIAL AWARD,Billy Wilder,,1906-06-22,Sucha Beskidzka,Poland
1988,1989,61,ACTOR IN A LEADING ROLE,Dustin Hoffman,Rain Man,1937-08-08,Los Angeles,United States
1988,1989,61,ACTOR IN A SUPPORTING ROLE,Kevin Kline,A Fish Called Wanda,1947-10-24,St. Louis,United States
1988,1989,61,ACTRESS IN A LEADING ROLE,Jodie Foster,The Accused,1962-11-19,Los Angeles,United States
1988,1989,61,ACTRESS IN A SUPPORTING ROLE,Geena Davis,The Accidental Tourist,1956-01-21,Wareham,United States
1988,1989,61,ART DIRECTION,Art Direction:  Stuart Craig,Dangerous Liaisons,,,
1988,1989,61,ART DIRECTION,Set Decoration:  Gerard James,Dangerous Liaisons,,,
1988,1989,61,CINEMATOGRAPHY,Peter Biziou,Mississippi Burning,1944-08-08,Wales,United Kingdom
1988,1989,61,COSTUME DESIGN,James Acheson,Dangerous Liaisons,1946-01-01,Leicester,United Kingdom
1988,1989,61,DIRECTING,Barry Levinson,Rain Man,1942-04-06,Baltimore,United States
1988,1989,61,DOCUMENTARY (Feature),Marcel Ophuls,Hotel Terminus: The Life and Times of Klaus Barbie,1927-11-01,Frankfurt,Germany
1988,1989,61,DOCUMENTARY (Feature),Producer,Hotel Terminus: The Life and Times of Klaus Barbie,,,
1988,1989,61,DOCUMENTARY (Short Subject),William Guttentag and Malcolm Clarke,You Don't Have to Die,,,
1988,1989,61,DOCUMENTARY (Short Subject),Producers,You Don't Have to Die,,,
1988,1989,61,FILM EDITING,Arthur Schmidt,Who Framed Roger Rabbit,1937-06-17,Los Angeles,United States
1988,1989,61,FOREIGN LANGUAGE FILM,Denmark,Pelle the Conqueror,,,
1988,1989,61,MAKEUP,Ve Neill,Beetlejuice,1951-01-01,Riverside,United States
1988,1989,61,MAKEUP,Steve La Porte,Beetlejuice,2000-01-01,Oklahoma City,United States
1988,1989,61,MAKEUP,Robert Short,Beetlejuice,2000-01-01,,
1988,1989,61,MUSIC (Original Score),Dave Grusin,The Milagro Beanfield War,1934-06-26,Littleton,United States
1988,1989,61,MUSIC (Original Song),Carly Simon,Working Girl,1943-06-25,The Bronx,United States
1988,1989,61,BEST PICTURE,Mark Johnson,Rain Man,1945-12-27,Maryland,United States
1988,1989,61,BEST PICTURE,Producer,Rain Man,,,
1988,1989,61,SHORT FILM (Animated),John Lasseter,Tin Toy,1957-01-12,Hollywood,United States
1988,1989,61,SHORT FILM (Animated),William Reeves,Tin Toy,1951-07-19,Toronto,Canada
1988,1989,61,SHORT FILM (Live Action),Dean Parisot,The Appointments of Dennis Jennings,,,
1988,1989,61,SHORT FILM (Live Action),Steven Wright,The Appointments of Dennis Jennings,,,
1988,1989,61,SOUND,Les Fresholtz,Bird,1931-12-01,Los Angeles,United States
1988,1989,61,SOUND,Dick Alexander,Bird,2000-01-01,,
1988,1989,61,SOUND,Vern Poore,Bird,2000-01-01,,
1988,1989,61,SOUND,Willie D. Burton,Bird,2000-01-01,Tuscaloosa,United States
1988,1989,61,SOUND EFFECTS EDITING,Charles L. Campbell,Who Framed Roger Rabbit,,,
1988,1989,61,SOUND EFFECTS EDITING,Louis L. Edemann,Who Framed Roger Rabbit,,,
1988,1989,61,VISUAL EFFECTS,Ken Ralston,Who Framed Roger Rabbit,1954-01-01,United States,United States
1988,1989,61,VISUAL EFFECTS,Richard Williams,Who Framed Roger Rabbit,1933-03-19,Toronto,Canada
1988,1989,61,VISUAL EFFECTS,Edward Jones,Who Framed Roger Rabbit,2000-01-01,,
1988,1989,61,VISUAL EFFECTS,George Gibbs,Who Framed Roger Rabbit,1937-07-18,London Borough of Islington,United Kingdom
1988,1989,61,WRITING (Screenplay Based on Material from Another Medium),Christopher Hampton,Dangerous Liaisons,1946-01-26,Faial Island,Portugal
1988,1989,61,WRITING (Screenplay Written Directly for the Screen),Ronald Bass,Rain Man,1942-03-26,Los Angeles,United States
1988,1989,61,WRITING (Screenplay Written Directly for the Screen),Barry Morrow,Rain Man,1948-06-12,Austin,United States
1988,1989,61,WRITING (Screenplay Written Directly for the Screen),Barry Morrow,Rain Man,1948-06-12,Austin,United States
1988,1989,61,SPECIAL ACHIEVEMENT AWARD,Richard Williams for the animation direction of Who Framed Roger Rabbit.,,1933-03-19,Toronto,Canada
1988,1989,61,HONORARY AWARD,the National Film Board of Canada in recognition of its 50th anniversary and its dedicated commitment to originate artistic,,,,
1988,1989,61,HONORARY AWARD,Eastman Kodak Company in recognition of the company's fundamental contributions to the art of motion pictures during the first century of film history.,,,,
1989,1990,62,ACTOR IN A LEADING ROLE,Daniel Day Lewis,My Left Foot,,,
1989,1990,62,ACTOR IN A SUPPORTING ROLE,Denzel Washington,Glory,1954-12-28,Mount Vernon,United States
1989,1990,62,ACTRESS IN A LEADING ROLE,Jessica Tandy,Driving Miss Daisy,1909-06-07,London,United Kingdom
1989,1990,62,ACTRESS IN A SUPPORTING ROLE,Brenda Fricker,My Left Foot,1945-02-17,Dublin,Ireland
1989,1990,62,ART DIRECTION,Art Direction:  Anton Furst,Batman,,,
1989,1990,62,ART DIRECTION,Set Decoration:  Peter Young,Batman,,,
1989,1990,62,CINEMATOGRAPHY,Freddie Francis,Glory,1917-12-22,London,United Kingdom
1989,1990,62,COSTUME DESIGN,Phyllis Dalton,Henry V,1925-10-16,Chiswick,United Kingdom
1989,1990,62,DIRECTING,Oliver Stone,Born on the Fourth of July,1946-09-15,New York City,United States
1989,1990,62,DOCUMENTARY (Feature),Robert Epstein and Bill Couturié,Common Threads: Stories from the Quilt,,,
1989,1990,62,DOCUMENTARY (Feature),Producers,Common Threads: Stories from the Quilt,,,
1989,1990,62,DOCUMENTARY (Short Subject),Charles Guggenheim,The Johnstown Flood,1924-03-31,Cincinnati,United States
1989,1990,62,DOCUMENTARY (Short Subject),Producer,The Johnstown Flood,,,
1989,1990,62,FILM EDITING,David Brenner,Born on the Fourth of July,1962-11-03,Hollywood,United States
1989,1990,62,FILM EDITING,Joe Hutshing,Born on the Fourth of July,2000-01-01,San Diego,United States
1989,1990,62,FOREIGN LANGUAGE FILM,Italy,Cinema Paradiso,,,
1989,1990,62,MAKEUP,Manlio Rocchetti,Driving Miss Daisy,1943-11-28,Rome,Italy
1989,1990,62,MAKEUP,Lynn Barber,Driving Miss Daisy,2000-01-01,,
1989,1990,62,MAKEUP,Kevin Haney,Driving Miss Daisy,2000-01-01,,
1989,1990,62,MUSIC (Original Score),Alan Menken,The Little Mermaid,1949-07-22,New Rochelle,United States
1989,1990,62,MUSIC (Original Song),Alan Menken,The Little Mermaid,1949-07-22,New Rochelle,United States
1989,1990,62,MUSIC (Original Song),Howard Ashman,The Little Mermaid,1950-05-17,Baltimore,United States
1989,1990,62,BEST PICTURE,Richard D. Zanuck and Lili Fini Zanuck,Driving Miss Daisy,,,
1989,1990,62,BEST PICTURE,Producers,Driving Miss Daisy,,,
1989,1990,62,SHORT FILM (Animated),Christoph Lauenstein,Balance,1962-03-20,Hildesheim,Germany
1989,1990,62,SHORT FILM (Animated),Wolfgang Lauenstein,Balance,1962-03-20,Hildesheim,Germany
1989,1990,62,SHORT FILM (Live Action),James Hendrie,Work Experience,,,
1989,1990,62,SOUND,Donald O. Mitchell,Glory,2000-01-01,,
1989,1990,62,SOUND,Gregg C. Rudloff,Glory,,,
1989,1990,62,SOUND,Elliot Tyson,Glory,1952-11-20,Santa Monica,United States
1989,1990,62,SOUND,Russell Williams II,Glory,,,
1989,1990,62,SOUND EFFECTS EDITING,Ben Burtt,Indiana Jones and the Last Crusade,1948-07-12,Jamesville,United States
1989,1990,62,SOUND EFFECTS EDITING,Richard Hymns,Indiana Jones and the Last Crusade,,,
1989,1990,62,VISUAL EFFECTS,John Bruno,The Abyss,2000-01-01,,
1989,1990,62,VISUAL EFFECTS,Dennis Muren,The Abyss,1946-11-01,Glendale,United States
1989,1990,62,VISUAL EFFECTS,Hoyt Yeatman,The Abyss,1955-01-23,San Francisco,United States
1989,1990,62,VISUAL EFFECTS,Dennis Skotak,The Abyss,1943-02-15,Detroit,United States
1989,1990,62,WRITING (Screenplay Based on Material from Another Medium),Alfred Uhry,Driving Miss Daisy,1936-12-03,Atlanta,United States
1989,1990,62,WRITING (Screenplay Written Directly for the Screen),Tom Schulman,Dead Poets Society,1950-10-20,Nashville,United States
1989,1990,62,JEAN HERSHOLT HUMANITARIAN AWARD,Howard W. Koch,,,,
1989,1990,62,HONORARY AWARD,Akira Kurosawa for accomplishments that have inspired,,1910-03-23,Ōi,Japan
1990,1991,63,ACTOR IN A LEADING ROLE,Jeremy Irons,Reversal of Fortune,1948-09-19,Cowes,United Kingdom
1990,1991,63,ACTOR IN A SUPPORTING ROLE,Joe Pesci,Good Fellas,1943-02-09,Newark,United States
1990,1991,63,ACTRESS IN A LEADING ROLE,Kathy Bates,Misery,1948-06-28,Memphis,United States
1990,1991,63,ACTRESS IN A SUPPORTING ROLE,Whoopi Goldberg,Ghost,1955-11-13,New York City,United States
1990,1991,63,ART DIRECTION,Art Direction:  Richard Sylbert,Dick Tracy,,,
1990,1991,63,ART DIRECTION,Set Decoration:  Rick Simpson,Dick Tracy,,,
1990,1991,63,CINEMATOGRAPHY,Dean Semler,Dances With Wolves,1943-01-01,Renmark,Australia
1990,1991,63,COSTUME DESIGN,Franca Squarciapino,Cyrano de Bergerac,1940-05-16,Rome,Italy
1990,1991,63,DIRECTING,Kevin Costner,Dances With Wolves,1955-01-18,Lynwood,United States
1990,1991,63,DOCUMENTARY (Feature),Barbara Kopple and Arthur Cohn,American Dream,,,
1990,1991,63,DOCUMENTARY (Feature),Producers,American Dream,,,
1990,1991,63,DOCUMENTARY (Short Subject),Steven Okazaki,Days of Waiting,1952-03-12,Venice,United States
1990,1991,63,DOCUMENTARY (Short Subject),Producer,Days of Waiting,,,
1990,1991,63,FILM EDITING,Neil Travis,Dances With Wolves,1936-10-12,Los Angeles,United States
1990,1991,63,FOREIGN LANGUAGE FILM,Switzerland,Journey of Hope,,,
1990,1991,63,MAKEUP,John Caglione,Dick Tracy,,,
1990,1991,63,MAKEUP,Jr.,Dick Tracy,,,
1990,1991,63,MAKEUP,Doug Drexler,Dick Tracy,2000-01-01,New York City,United States
1990,1991,63,MUSIC (Original Score),John Barry,Dances With Wolves,1933-11-03,York,United Kingdom
1990,1991,63,MUSIC (Original Song),Stephen Sondheim,Dick Tracy,1930-03-22,Manhattan,United States
1990,1991,63,BEST PICTURE,Jim Wilson and Kevin Costner,Dances With Wolves,,,
1990,1991,63,BEST PICTURE,Producers,Dances With Wolves,,,
1990,1991,63,SHORT FILM (Animated),Nick Park,Creature Comforts,1958-12-06,5 and 7 Weavers Yard,United Kingdom
1990,1991,63,SHORT FILM (Live Action),Adam Davidson,The Lunch Date,,,
1990,1991,63,SOUND,Jeffrey Perkins,Dances With Wolves,1950-01-01,,
1990,1991,63,SOUND,Bill W. Benton,Dances With Wolves,1950-01-01,,
1990,1991,63,SOUND,Greg Watkins,Dances With Wolves,,,
1990,1991,63,SOUND,Russell Williams II,Dances With Wolves,,,
1990,1991,63,SOUND EFFECTS EDITING,Cecelia Hall,The Hunt for Red October,,,
1990,1991,63,SOUND EFFECTS EDITING,George Watters II,The Hunt for Red October,,,
1990,1991,63,WRITING (Screenplay Based on Material from Another Medium),Michael Blake,Dances With Wolves,1945-07-05,Fort Bragg,United States
1990,1991,63,WRITING (Screenplay Written Directly for the Screen),Bruce Joel Rubin,Ghost,1943-03-10,Detroit,United States
1990,1991,63,SPECIAL ACHIEVEMENT AWARD (Visual Effects),Eric Brevig,Total Recall,1957-01-01,,
1990,1991,63,SPECIAL ACHIEVEMENT AWARD (Visual Effects),Rob Bottin,Total Recall,1959-04-01,El Monte,United States
1990,1991,63,SPECIAL ACHIEVEMENT AWARD (Visual Effects),Tim McGovern,Total Recall,1955-06-24,Chicago,United States
1990,1991,63,SPECIAL ACHIEVEMENT AWARD (Visual Effects),Alex Funke,Total Recall,1944-10-12,Santa Barbara,United States
1990,1991,63,HONORARY AWARD,Sophia Loren,,1934-09-20,Rome,Italy
1990,1991,63,HONORARY AWARD,Myrna Loy,,1905-08-02,Helena,United States
1990,1991,63,IRVING G. THALBERG MEMORIAL AWARD,David Brown and Richard D. Zanuck,,,,
1991,1992,64,ACTOR IN A LEADING ROLE,Anthony Hopkins,The Silence of the Lambs,1937-12-31,Port Talbot,United Kingdom
1991,1992,64,ACTOR IN A SUPPORTING ROLE,Jack Palance,City Slickers,1919-02-18,Lattimer,United States
1991,1992,64,ACTRESS IN A LEADING ROLE,Jodie Foster,The Silence of the Lambs,1962-11-19,Los Angeles,United States
1991,1992,64,ACTRESS IN A SUPPORTING ROLE,Mercedes Ruehl,The Fisher King,1948-02-28,Queens,United States
1991,1992,64,ART DIRECTION,Art Direction:  Dennis Gassner,Bugsy,,,
1991,1992,64,ART DIRECTION,Set Decoration:  Nancy Haigh,Bugsy,,,
1991,1992,64,CINEMATOGRAPHY,Robert Richardson,JFK,1955-08-27,Hyannis,United States
1991,1992,64,COSTUME DESIGN,Albert Wolsky,Bugsy,1930-11-24,12th arrondissement of Paris,France
1991,1992,64,DIRECTING,Jonathan Demme,The Silence of the Lambs,1944-02-22,Baldwin,United States
1991,1992,64,DOCUMENTARY (Feature),Allie Light and Irving Saraf,In the Shadow of the Stars,,,
1991,1992,64,DOCUMENTARY (Feature),Producers,In the Shadow of the Stars,,,
1991,1992,64,DOCUMENTARY (Short Subject),Debra Chasnoff,"Deadly Deception: General Electric, Nuclear Weapons and Our Environment",1957-10-12,Philadelphia,United States
1991,1992,64,DOCUMENTARY (Short Subject),Producer,"Deadly Deception: General Electric, Nuclear Weapons and Our Environment",,,
1991,1992,64,FILM EDITING,Joe Hutshing,JFK,2000-01-01,San Diego,United States
1991,1992,64,FILM EDITING,Pietro Scalia,JFK,1960-03-17,Sicily,Italy
1991,1992,64,FOREIGN LANGUAGE FILM,Italy,Mediterraneo,,,
1991,1992,64,MAKEUP,Stan Winston,Terminator 2: Judgment Day,1946-04-07,Richmond,United States
1991,1992,64,MAKEUP,Jeff Dawn,Terminator 2: Judgment Day,2000-01-01,United States,United States
1991,1992,64,MUSIC (Original Score),Alan Menken,Beauty and the Beast,1949-07-22,New Rochelle,United States
1991,1992,64,MUSIC (Original Song),Alan Menken,Beauty and the Beast,1949-07-22,New Rochelle,United States
1991,1992,64,MUSIC (Original Song),Howard Ashman,Beauty and the Beast,1950-05-17,Baltimore,United States
1991,1992,64,BEST PICTURE,Edward Saxon,The Silence of the Lambs,1956-11-17,St. Louis,United States
1991,1992,64,BEST PICTURE,Kenneth Utt and Ron Bozman,The Silence of the Lambs,,,
1991,1992,64,BEST PICTURE,Producers,The Silence of the Lambs,,,
1991,1992,64,SHORT FILM (Animated),Daniel Greaves,Manipulation,1959-01-01,Woburn,United Kingdom
1991,1992,64,SHORT FILM (Live Action),Seth Winston,Session Man,,,
1991,1992,64,SHORT FILM (Live Action),Rob Fried,Session Man,,,
1991,1992,64,SOUND,Tom Johnson,Terminator 2: Judgment Day,2000-01-01,,
1991,1992,64,SOUND,Gary Rydstrom,Terminator 2: Judgment Day,1959-06-29,Chicago,United States
1991,1992,64,SOUND,Gary Summers,Terminator 2: Judgment Day,2000-01-01,,
1991,1992,64,SOUND,Lee Orloff,Terminator 2: Judgment Day,2000-01-01,,
1991,1992,64,SOUND EFFECTS EDITING,Gary Rydstrom,Terminator 2: Judgment Day,1959-06-29,Chicago,United States
1991,1992,64,SOUND EFFECTS EDITING,Gloria S. Borders,Terminator 2: Judgment Day,,,
1991,1992,64,VISUAL EFFECTS,Dennis Muren,Terminator 2: Judgment Day,1946-11-01,Glendale,United States
1991,1992,64,VISUAL EFFECTS,Stan Winston,Terminator 2: Judgment Day,1946-04-07,Richmond,United States
1991,1992,64,VISUAL EFFECTS,Gene Warren,Terminator 2: Judgment Day,1916-08-12,Boulder,United States
1991,1992,64,VISUAL EFFECTS,Jr.,Terminator 2: Judgment Day,,,
1991,1992,64,VISUAL EFFECTS,Robert Skotak,Terminator 2: Judgment Day,1945-05-17,Detroit,United States
1991,1992,64,WRITING (Screenplay Based on Material Previously Produced or Published),Ted Tally,The Silence of the Lambs,1952-04-09,North Carolina,United States
1991,1992,64,WRITING (Screenplay Written Directly for the Screen),Callie Khouri,Thelma & Louise,1957-11-27,San Antonio,United States
1991,1992,64,HONORARY AWARD,Satyajit Ray,,1921-05-02,Kolkata,India
1991,1992,64,IRVING G. THALBERG MEMORIAL AWARD,George Lucas,,,,
1992,1993,65,ACTOR IN A LEADING ROLE,Al Pacino,Scent of a Woman,1940-04-25,Manhattan,United States
1992,1993,65,ACTOR IN A SUPPORTING ROLE,Gene Hackman,Unforgiven,1930-01-30,San Bernardino,United States
1992,1993,65,ACTRESS IN A LEADING ROLE,Emma Thompson,Howards End,1959-04-15,Paddington,United Kingdom
1992,1993,65,ACTRESS IN A SUPPORTING ROLE,Marisa Tomei,My Cousin Vinny,1964-12-04,Brooklyn,United States
1992,1993,65,ART DIRECTION,Art Direction:  Luciana Arrighi,Howards End,,,
1992,1993,65,ART DIRECTION,Set Decoration:  Ian Whittaker,Howards End,,,
1992,1993,65,CINEMATOGRAPHY,Philippe Rousselot,A River Runs through It,1945-09-04,Briey,France
1992,1993,65,COSTUME DESIGN,Eiko Ishioka,Bram Stoker's Dracula,1938-07-12,Tokyo,Japan
1992,1993,65,DIRECTING,Clint Eastwood,Unforgiven,1930-05-31,San Francisco,United States
1992,1993,65,DOCUMENTARY (Feature),Barbara Trent and David Kasper,The Panama Deception,,,
1992,1993,65,DOCUMENTARY (Feature),Producers,The Panama Deception,,,
1992,1993,65,DOCUMENTARY (Short Subject),Thomas C. Goodwin and Gerardine Wurzburg,Educating Peter,,,
1992,1993,65,DOCUMENTARY (Short Subject),Producers,Educating Peter,,,
1992,1993,65,FILM EDITING,Joel Cox,Unforgiven,1942-04-02,Los Angeles,United States
1992,1993,65,FOREIGN LANGUAGE FILM,France,Indochine,,,
1992,1993,65,MAKEUP,Greg Cannom,Bram Stoker's Dracula,1951-03-04,"Washington, D.C.",United States
1992,1993,65,MAKEUP,Michèle Burke,Bram Stoker's Dracula,1959-01-01,Kildare,Ireland
1992,1993,65,MAKEUP,Matthew W. Mungle,Bram Stoker's Dracula,1956-10-26,Durant,United States
1992,1993,65,MUSIC (Original Score),Alan Menken,Aladdin,1949-07-22,New Rochelle,United States
1992,1993,65,MUSIC (Original Song),Alan Menken,Aladdin,1949-07-22,New Rochelle,United States
1992,1993,65,MUSIC (Original Song),Tim Rice,Aladdin,1944-11-10,St Albans,United Kingdom
1992,1993,65,BEST PICTURE,Clint Eastwood,Unforgiven,1930-05-31,San Francisco,United States
1992,1993,65,BEST PICTURE,Producer,Unforgiven,,,
1992,1993,65,SHORT FILM (Animated),Joan C. Gratz,Mona Lisa Descending a Staircase,1941-04-06,Los Angeles,United States
1992,1993,65,SHORT FILM (Live Action),Sam Karmann,Omnibus,,,
1992,1993,65,SOUND,Chris Jenkins,The Last of the Mohicans,1950-01-01,United States,United States
1992,1993,65,SOUND,Doug Hemphill,The Last of the Mohicans,1955-01-01,Texas,United States
1992,1993,65,SOUND,Mark Smith,The Last of the Mohicans,2000-01-01,,
1992,1993,65,SOUND,Simon Kaye,The Last of the Mohicans,1935-07-22,London,United Kingdom
1992,1993,65,SOUND EFFECTS EDITING,Tom C. McCarthy,Bram Stoker's Dracula,,,
1992,1993,65,SOUND EFFECTS EDITING,David E. Stone,Bram Stoker's Dracula,,,
1992,1993,65,VISUAL EFFECTS,Ken Ralston,Death Becomes Her,1954-01-01,United States,United States
1992,1993,65,VISUAL EFFECTS,Doug Chiang,Death Becomes Her,1962-02-16,Taipei,Taiwan
1992,1993,65,VISUAL EFFECTS,Doug Smythe,Death Becomes Her,,,
1992,1993,65,VISUAL EFFECTS,Tom Woodruff,Death Becomes Her,,,
1992,1993,65,VISUAL EFFECTS,Jr.,Death Becomes Her,,,
1992,1993,65,WRITING (Screenplay Based on Material Previously Produced or Published),Ruth Prawer Jhabvala,Howards End,1927-05-07,Cologne,Germany
1992,1993,65,WRITING (Screenplay Written Directly for the Screen),Neil Jordan,The Crying Game,1950-02-25,Sligo,Ireland
1992,1993,65,JEAN HERSHOLT HUMANITARIAN AWARD,Audrey Hepburn,,1929-05-04,Brussels,Belgium
1992,1993,65,JEAN HERSHOLT HUMANITARIAN AWARD,Elizabeth Taylor,,1932-02-27,Hampstead Garden Suburb,United Kingdom
1992,1993,65,HONORARY AWARD,Federico Fellini in recognition of his place as one of the screen's master storytellers.,,1920-01-20,Rimini,Italy
1993,1994,66,ACTOR IN A LEADING ROLE,Tom Hanks,Philadelphia,1956-07-09,Concord,United States
1993,1994,66,ACTOR IN A SUPPORTING ROLE,Tommy Lee Jones,The Fugitive,1946-09-15,San Saba,United States
1993,1994,66,ACTRESS IN A LEADING ROLE,Holly Hunter,The Piano,1958-03-20,Conyers,United States
1993,1994,66,ACTRESS IN A SUPPORTING ROLE,Anna Paquin,The Piano,1982-07-24,Winnipeg,Canada
1993,1994,66,ART DIRECTION,Art Direction:  Allan Starski,Schindler's List,,,
1993,1994,66,ART DIRECTION,Set Decoration:  Ewa Braun,Schindler's List,,,
1993,1994,66,CINEMATOGRAPHY,Janusz Kaminski,Schindler's List,,,
1993,1994,66,COSTUME DESIGN,Gabriella Pescucci,The Age of Innocence,1941-01-17,Rosignano Solvay,Italy
1993,1994,66,DIRECTING,Steven Spielberg,Schindler's List,1946-12-18,Cincinnati,United States
1993,1994,66,DOCUMENTARY (Feature),Susan Raymond,I Am a Promise: The Children of Stanton Elementary School,,,
1993,1994,66,DOCUMENTARY (Feature),Alan Raymond,I Am a Promise: The Children of Stanton Elementary School,,,
1993,1994,66,DOCUMENTARY (Short Subject),Margaret Lazarus,Defending Our Lives,1949-01-22,,
1993,1994,66,DOCUMENTARY (Short Subject),Renner Wunderlich,Defending Our Lives,1947-05-05,,
1993,1994,66,FILM EDITING,Michael Kahn,Schindler's List,1930-12-08,New York City,United States
1993,1994,66,FOREIGN LANGUAGE FILM,Spain,Belle Epoque,,,
1993,1994,66,MAKEUP,Greg Cannom,Mrs. Doubtfire,1951-03-04,"Washington, D.C.",United States
1993,1994,66,MAKEUP,Ve Neill,Mrs. Doubtfire,1951-01-01,Riverside,United States
1993,1994,66,MAKEUP,Yolanda Toussieng,Mrs. Doubtfire,1949-01-01,,
1993,1994,66,MUSIC (Original Score),John Williams,Schindler's List,1932-02-08,New York City,United States
1993,1994,66,MUSIC (Original Song),Bruce Springsteen,Philadelphia,1949-09-23,Long Branch,United States
1993,1994,66,BEST PICTURE,Steven Spielberg,Schindler's List,1946-12-18,Cincinnati,United States
1993,1994,66,BEST PICTURE,Gerald R. Molen and Branko Lustig,Schindler's List,,,
1993,1994,66,BEST PICTURE,Producers,Schindler's List,,,
1993,1994,66,SHORT FILM (Animated),Nick Park,The Wrong Trousers,1958-12-06,5 and 7 Weavers Yard,United Kingdom
1993,1994,66,SHORT FILM (Live Action),Pepe Danquart,Black Rider (Schwarzfahrer),,,
1993,1994,66,SOUND,Gary Summers,Jurassic Park,2000-01-01,,
1993,1994,66,SOUND,Gary Rydstrom,Jurassic Park,1959-06-29,Chicago,United States
1993,1994,66,SOUND,Shawn Murphy,Jurassic Park,1948-05-16,Los Angeles,United States
1993,1994,66,SOUND,Ron Judkins,Jurassic Park,1953-01-01,Little Rock,United States
1993,1994,66,SOUND EFFECTS EDITING,Gary Rydstrom,Jurassic Park,1959-06-29,Chicago,United States
1993,1994,66,SOUND EFFECTS EDITING,Richard Hymns,Jurassic Park,,,
1993,1994,66,VISUAL EFFECTS,Dennis Muren,Jurassic Park,1946-11-01,Glendale,United States
1993,1994,66,VISUAL EFFECTS,Stan Winston,Jurassic Park,1946-04-07,Richmond,United States
1993,1994,66,VISUAL EFFECTS,Phil Tippett,Jurassic Park,1951-09-27,Berkeley,United States
1993,1994,66,VISUAL EFFECTS,Michael Lantieri,Jurassic Park,1954-08-13,Los Angeles,United States
1993,1994,66,WRITING (Screenplay Based on Material Previously Produced or Published),Steven Zaillian,Schindler's List,1953-01-30,Fresno,United States
1993,1994,66,WRITING (Screenplay Written Directly for the Screen),Jane Campion,The Piano,1954-04-30,Wellington,New Zealand
1993,1994,66,JEAN HERSHOLT HUMANITARIAN AWARD,Paul Newman,,1925-01-26,Shaker Heights,United States
1993,1994,66,HONORARY AWARD,Deborah Kerr,,1921-09-30,Helensburgh,United Kingdom
1994,1995,67,ACTOR IN A LEADING ROLE,Tom Hanks,Forrest Gump,1956-07-09,Concord,United States
1994,1995,67,ACTOR IN A SUPPORTING ROLE,Martin Landau,Ed Wood,1928-06-20,Brooklyn,United States
1994,1995,67,ACTRESS IN A LEADING ROLE,Jessica Lange,Blue Sky,1949-04-20,Cloquet,United States
1994,1995,67,ACTRESS IN A SUPPORTING ROLE,Dianne Wiest,Bullets over Broadway,1948-03-28,Kansas City,United States
1994,1995,67,ART DIRECTION,Art Direction:  Ken Adam,The Madness of King George,,,
1994,1995,67,ART DIRECTION,Set Decoration:  Carolyn Scott,The Madness of King George,,,
1994,1995,67,CINEMATOGRAPHY,John Toll,Legends of the Fall,,,
1994,1995,67,COSTUME DESIGN,Lizzy Gardiner,"The Adventures of Priscilla, Queen of the Desert",1966-10-24,Dubbo,Australia
1994,1995,67,COSTUME DESIGN,Tim Chappel,"The Adventures of Priscilla, Queen of the Desert",1967-12-15,New South Wales,Australia
1994,1995,67,DIRECTING,Robert Zemeckis,Forrest Gump,1952-05-14,Chicago,United States
1994,1995,67,DOCUMENTARY (Feature),Freida Lee Mock,Maya Lin: A Strong Clear Vision,2000-01-01,,
1994,1995,67,DOCUMENTARY (Feature),Terry Sanders,Maya Lin: A Strong Clear Vision,1931-12-20,New York City,United States
1994,1995,67,DOCUMENTARY (Short Subject),Charles Guggenheim,A Time for Justice,1924-03-31,Cincinnati,United States
1994,1995,67,FILM EDITING,Arthur Schmidt,Forrest Gump,1937-06-17,Los Angeles,United States
1994,1995,67,FOREIGN LANGUAGE FILM,Russia,Burnt by the Sun,,,
1994,1995,67,MAKEUP,Rick Baker,Ed Wood,1950-12-08,Binghamton,United States
1994,1995,67,MAKEUP,Ve Neill,Ed Wood,1951-01-01,Riverside,United States
1994,1995,67,MAKEUP,Yolanda Toussieng,Ed Wood,1949-01-01,,
1994,1995,67,MUSIC (Original Score),Hans Zimmer,The Lion King,1957-09-12,Frankfurt,Germany
1994,1995,67,MUSIC (Original Song),Elton John,The Lion King,1947-03-25,Pinner,United Kingdom
1994,1995,67,MUSIC (Original Song),Tim Rice,The Lion King,1944-11-10,St Albans,United Kingdom
1994,1995,67,BEST PICTURE,Wendy Finerman,Forrest Gump,1961-08-02,California,United States
1994,1995,67,BEST PICTURE,Steve Tisch and Steve Starkey,Forrest Gump,,,
1994,1995,67,BEST PICTURE,Producers,Forrest Gump,,,
1994,1995,67,SHORT FILM (Animated),Alison Snowden,Bob's Birthday,1958-04-04,Arnold,United Kingdom
1994,1995,67,SHORT FILM (Animated),David Fine,Bob's Birthday,1960-09-13,Toronto,Canada
1994,1995,67,SHORT FILM (Live Action),Peter Capaldi,Franz Kafka's It's a Wonderful Life,,,
1994,1995,67,SHORT FILM (Live Action),Ruth Kenley-Letts,Franz Kafka's It's a Wonderful Life,,,
1994,1995,67,SHORT FILM (Live Action),Peggy Rajski,Trevor,,,
1994,1995,67,SHORT FILM (Live Action),Randy Stone,Trevor,,,
1994,1995,67,SOUND,Gregg Landaker,Speed,2000-01-01,Los Angeles,United States
1994,1995,67,SOUND,Steve Maslow,Speed,1944-10-17,Los Angeles,United States
1994,1995,67,SOUND,Bob Beemer,Speed,1955-02-08,Hollywood,United States
1994,1995,67,SOUND,David R. B. MacMillan,Speed,,,
1994,1995,67,SOUND EFFECTS EDITING,Stephen Hunter Flick,Speed,1949-06-21,Evanston,United States
1994,1995,67,VISUAL EFFECTS,Ken Ralston,Forrest Gump,1954-01-01,United States,United States
1994,1995,67,VISUAL EFFECTS,George Murphy,Forrest Gump,1902-07-04,New Haven,United States
1994,1995,67,VISUAL EFFECTS,Stephen Rosenbaum,Forrest Gump,1965-10-26,Tacoma,United States
1994,1995,67,VISUAL EFFECTS,Allen Hall,Forrest Gump,1946-05-04,Salt Lake City,United States
1994,1995,67,WRITING (Screenplay Based on Material Previously Produced or Published),Eric Roth,Forrest Gump,1945-03-22,New York City,United States
1994,1995,67,WRITING (Screenplay Written Directly for the Screen),Roger Avary,Pulp Fiction,1965-08-23,Flin Flon,Canada
1994,1995,67,JEAN HERSHOLT HUMANITARIAN AWARD,Quincy Jones,,,,
1994,1995,67,HONORARY AWARD,Michelangelo Antonioni in recognition of his place as one of the cinema's master visual stylists.,,1912-09-29,Ferrara,Italy
1994,1995,67,IRVING G. THALBERG MEMORIAL AWARD,Clint Eastwood,,1930-05-31,San Francisco,United States
1995,1996,68,ACTOR IN A LEADING ROLE,Nicolas Cage,Leaving Las Vegas,1964-01-07,Long Beach,United States
1995,1996,68,ACTOR IN A SUPPORTING ROLE,Kevin Spacey,The Usual Suspects,1959-07-26,South Orange,United States
1995,1996,68,ACTRESS IN A LEADING ROLE,Susan Sarandon,Dead Man Walking,1946-10-04,Jackson Heights,United States
1995,1996,68,ACTRESS IN A SUPPORTING ROLE,Mira Sorvino,Mighty Aphrodite,1967-09-28,New York City,United States
1995,1996,68,ART DIRECTION,Eugenio Zanetti,Restoration,1946-10-19,Córdoba,Argentina
1995,1996,68,CINEMATOGRAPHY,John Toll,Braveheart,,,
1995,1996,68,COSTUME DESIGN,James Acheson,Restoration,1946-01-01,Leicester,United Kingdom
1995,1996,68,DIRECTING,Mel Gibson,Braveheart,1956-01-03,Peekskill,United States
1995,1996,68,DOCUMENTARY (Feature),Jon Blair,Anne Frank Remembered,,,
1995,1996,68,DOCUMENTARY (Short Subject),Kary Antholis,One Survivor Remembers,1962-01-01,"Washington, D.C.",United States
1995,1996,68,FILM EDITING,Mike Hill,Apollo 13,1949-01-01,Omaha,United States
1995,1996,68,FILM EDITING,Dan Hanley,Apollo 13,,,
1995,1996,68,FOREIGN LANGUAGE FILM,The Netherlands,Antonia's Line,,,
1995,1996,68,MAKEUP,Peter Frampton,Braveheart,1950-01-01,London,United Kingdom
1995,1996,68,MAKEUP,Paul Pattison,Braveheart,2000-01-01,,
1995,1996,68,MAKEUP,Lois Burwell,Braveheart,1960-01-01,London,United Kingdom
1995,1996,68,MUSIC (Original Dramatic Score),Luis Enrique Bacalov,The Postman (Il Postino),,,
1995,1996,68,MUSIC (Original Musical or Comedy Score),Alan Menken,Pocahontas,1949-07-22,New Rochelle,United States
1995,1996,68,MUSIC (Original Musical or Comedy Score),Stephen Schwartz,Pocahontas,1948-03-06,New York City,United States
1995,1996,68,MUSIC (Original Musical or Comedy Score),Alan Menken,Pocahontas,1949-07-22,New Rochelle,United States
1995,1996,68,MUSIC (Original Song),Alan Menken,Pocahontas,1949-07-22,New Rochelle,United States
1995,1996,68,MUSIC (Original Song),Stephen Schwartz,Pocahontas,1948-03-06,New York City,United States
1995,1996,68,BEST PICTURE,Mel Gibson,Braveheart,1956-01-03,Peekskill,United States
1995,1996,68,BEST PICTURE,Alan Ladd,Braveheart,,,
1995,1996,68,BEST PICTURE,Jr. and Bruce Davey,Braveheart,,,
1995,1996,68,BEST PICTURE,Producers,Braveheart,,,
1995,1996,68,SHORT FILM (Animated),Nick Park,A Close Shave,1958-12-06,5 and 7 Weavers Yard,United Kingdom
1995,1996,68,SHORT FILM (Live Action),Christine Lahti,Lieberman in Love,,,
1995,1996,68,SHORT FILM (Live Action),Jana Sue Memel,Lieberman in Love,,,
1995,1996,68,SOUND,Rick Dior,Apollo 13,1947-04-09,Los Angeles,United States
1995,1996,68,SOUND,Steve Pederson,Apollo 13,1957-03-24,Los Angeles County,United States
1995,1996,68,SOUND,Scott Millan,Apollo 13,1954-02-02,Los Angeles,United States
1995,1996,68,SOUND,David MacMillan,Apollo 13,2000-01-01,Northern Ireland,United Kingdom
1995,1996,68,SOUND EFFECTS EDITING,Lon Bender,Braveheart,,,
1995,1996,68,SOUND EFFECTS EDITING,Per Hallberg,Braveheart,,,
1995,1996,68,VISUAL EFFECTS,Scott E. Anderson,Babe,1964-04-01,Cortland,United States
1995,1996,68,VISUAL EFFECTS,Charles Gibson,Babe,2000-01-01,,
1995,1996,68,VISUAL EFFECTS,Neal Scanlan,Babe,1961-09-01,Cheshire,United Kingdom
1995,1996,68,VISUAL EFFECTS,John Cox,Babe,1908-05-07,Leicester,United Kingdom
1995,1996,68,WRITING (Screenplay Based on Material Previously Produced or Published),Emma Thompson,Sense and Sensibility,1959-04-15,Paddington,United Kingdom
1995,1996,68,WRITING (Screenplay Written Directly for the Screen),Christopher McQuarrie,The Usual Suspects,1968-06-12,Princeton Junction,United States
1995,1996,68,SPECIAL ACHIEVEMENT AWARD,John Lasseter,,1957-01-12,Hollywood,United States
1995,1996,68,HONORARY AWARD,Kirk Douglas,,1916-12-09,Amsterdam,United States
1995,1996,68,HONORARY AWARD,Chuck Jones,,1912-09-21,Spokane,United States
1996,1997,69,ACTOR IN A LEADING ROLE,Geoffrey Rush,Shine,1951-07-06,Toowoomba,Australia
1996,1997,69,ACTOR IN A SUPPORTING ROLE,Cuba Gooding,Jerry Maguire,,,
1996,1997,69,ACTOR IN A SUPPORTING ROLE,Jr.,Jerry Maguire,,,
1996,1997,69,ACTRESS IN A LEADING ROLE,Frances McDormand,Fargo,1957-06-23,Gibson City,United States
1996,1997,69,ACTRESS IN A SUPPORTING ROLE,Juliette Binoche,The English Patient,1964-03-09,12th arrondissement of Paris,France
1996,1997,69,ART DIRECTION,Art Direction:  Stuart Craig,The English Patient,,,
1996,1997,69,ART DIRECTION,Set Decoration:  Stephenie McMillan,The English Patient,,,
1996,1997,69,CINEMATOGRAPHY,John Seale,The English Patient,1942-10-05,Warwick,Australia
1996,1997,69,COSTUME DESIGN,Ann Roth,The English Patient,1931-10-30,Hanover,United States
1996,1997,69,DIRECTING,Anthony Minghella,The English Patient,1954-01-06,Ryde,United Kingdom
1996,1997,69,DOCUMENTARY (Feature),Leon Gast,When We Were Kings,1936-01-01,Jersey City,United States
1996,1997,69,DOCUMENTARY (Feature),David Sonenberg,When We Were Kings,,New York,United States
1996,1997,69,DOCUMENTARY (Short Subject),Jessica Yu,Breathing Lessons: The Life and Work of Mark O'Brien,1966-02-14,New York City,United States
1996,1997,69,FILM EDITING,Walter Murch,The English Patient,1943-07-12,New York City,United States
1996,1997,69,FOREIGN LANGUAGE FILM,Czech Republic,Kolya,,,
1996,1997,69,MAKEUP,Rick Baker,The Nutty Professor,1950-12-08,Binghamton,United States
1996,1997,69,MAKEUP,David LeRoy Anderson,The Nutty Professor,1963-01-01,Venice,United States
1996,1997,69,MUSIC (Original Dramatic Score),Gabriel Yared,The English Patient,1949-10-07,Beirut,Lebanon
1996,1997,69,MUSIC (Original Musical or Comedy Score),Rachel Portman,Emma,1960-12-11,Haslemere,United Kingdom
1996,1997,69,MUSIC (Original Song),Andrew Lloyd Webber,Evita,1948-03-22,Kensington,United Kingdom
1996,1997,69,MUSIC (Original Song),Tim Rice,Evita,1944-11-10,St Albans,United Kingdom
1996,1997,69,BEST PICTURE,Saul Zaentz,The English Patient,1921-02-28,Passaic,United States
1996,1997,69,BEST PICTURE,Producer,The English Patient,,,
1996,1997,69,SHORT FILM (Animated),Tyron Montgomery,Quest,1967-04-29,Germany,Germany
1996,1997,69,SHORT FILM (Animated),Thomas Stellmach,Quest,1965-01-01,Straubing,Germany
1996,1997,69,SHORT FILM (Live Action),David Frankel,Dear Diary,,,
1996,1997,69,SHORT FILM (Live Action),Barry Jossen,Dear Diary,,,
1996,1997,69,SOUND,Walter Murch,The English Patient,1943-07-12,New York City,United States
1996,1997,69,SOUND,Mark Berger,The English Patient,1943-05-14,San Francisco,United States
1996,1997,69,SOUND,David Parker,The English Patient,1951-01-01,,
1996,1997,69,SOUND,Chris Newman,The English Patient,1940-02-17,New York City,United States
1996,1997,69,SOUND EFFECTS EDITING,Bruce Stambler,The Ghost and the Darkness,,,
1996,1997,69,VISUAL EFFECTS,Volker Engel,Independence Day,1965-02-17,Bremerhaven,Germany
1996,1997,69,VISUAL EFFECTS,Douglas Smith,Independence Day,2000-01-01,California,United States
1996,1997,69,VISUAL EFFECTS,Clay Pinney,Independence Day,1946-05-30,,
1996,1997,69,VISUAL EFFECTS,Joseph Viskocil,Independence Day,,,
1996,1997,69,WRITING (Screenplay Based on Material Previously Produced or Published),Billy Bob Thornton,Sling Blade,1955-08-04,Hot Springs,United States
1996,1997,69,WRITING (Screenplay Written Directly for the Screen),Ethan Coen,Fargo,1957-09-21,St. Louis Park,United States
1996,1997,69,WRITING (Screenplay Written Directly for the Screen),Joel Coen,Fargo,1954-11-29,St. Louis Park,United States
1996,1997,69,HONORARY AWARD,Michael Kidd in recognition of his services to the art of the dance in the art of the screen.,,1915-08-12,Brooklyn,United States
1996,1997,69,IRVING G. THALBERG MEMORIAL AWARD,Saul Zaentz,,1921-02-28,Passaic,United States
1997,1998,70,ACTOR IN A LEADING ROLE,Jack Nicholson,As Good as It Gets,1937-04-22,Neptune City,United States
1997,1998,70,ACTOR IN A SUPPORTING ROLE,Robin Williams,Good Will Hunting,1951-07-21,Chicago,United States
1997,1998,70,ACTRESS IN A LEADING ROLE,Helen Hunt,As Good as It Gets,1963-06-15,Culver City,United States
1997,1998,70,ACTRESS IN A SUPPORTING ROLE,Kim Basinger,L.A. Confidential,1953-12-08,Athens,United States
1997,1998,70,ART DIRECTION,Art Direction:  Peter Lamont,Titanic,,,
1997,1998,70,ART DIRECTION,Set Decoration:  Michael Ford,Titanic,,,
1997,1998,70,CINEMATOGRAPHY,Russell Carpenter,Titanic,1950-12-09,Van Nuys,United States
1997,1998,70,COSTUME DESIGN,Deborah L. Scott,Titanic,,,
1997,1998,70,DIRECTING,James Cameron,Titanic,1954-08-16,Kapuskasing,Canada
1997,1998,70,DOCUMENTARY (Feature),Rabbi Marvin Hier,The Long Way Home,,,
1997,1998,70,DOCUMENTARY (Feature),Richard Trank,The Long Way Home,,,
1997,1998,70,DOCUMENTARY (Short Subject),Donna Dewey,A Story of Healing,,,
1997,1998,70,DOCUMENTARY (Short Subject),Carol Pasternak,A Story of Healing,,,
1997,1998,70,FILM EDITING,Conrad Buff,Titanic,,,
1997,1998,70,FILM EDITING,James Cameron,Titanic,1954-08-16,Kapuskasing,Canada
1997,1998,70,FILM EDITING,Richard A. Harris,Titanic,1934-02-06,New York City,United States
1997,1998,70,FOREIGN LANGUAGE FILM,The Netherlands,Character,,,
1997,1998,70,MAKEUP,Rick Baker,Men in Black,1950-12-08,Binghamton,United States
1997,1998,70,MAKEUP,David LeRoy Anderson,Men in Black,1963-01-01,Venice,United States
1997,1998,70,MUSIC (Original Dramatic Score),James Horner,Titanic,1953-08-14,Los Angeles,United States
1997,1998,70,MUSIC (Original Musical or Comedy Score),Anne Dudley,The Full Monty,1956-05-07,Chatham,United Kingdom
1997,1998,70,MUSIC (Original Song),James Horner,Titanic,1953-08-14,Los Angeles,United States
1997,1998,70,MUSIC (Original Song),Will Jennings,Titanic,1944-06-27,Kilgore,United States
1997,1998,70,BEST PICTURE,James Cameron and Jon Landau,Titanic,,,
1997,1998,70,BEST PICTURE,Producers,Titanic,,,
1997,1998,70,SHORT FILM (Animated),Jan Pinkava,Geri's Game,1963-06-21,Prague,Czech Republic
1997,1998,70,SHORT FILM (Live Action),Chris Tashima,Visas and Virtue,,,
1997,1998,70,SHORT FILM (Live Action),Chris Donahue,Visas and Virtue,,,
1997,1998,70,SOUND,Gary Rydstrom,Titanic,1959-06-29,Chicago,United States
1997,1998,70,SOUND,Tom Johnson,Titanic,2000-01-01,,
1997,1998,70,SOUND,Gary Summers,Titanic,2000-01-01,,
1997,1998,70,SOUND,Mark Ulano,Titanic,1954-06-12,New York City,United States
1997,1998,70,SOUND EFFECTS EDITING,Tom Bellfort,Titanic,,,
1997,1998,70,SOUND EFFECTS EDITING,Christopher Boyes,Titanic,1968-09-05,Frederick,United States
1997,1998,70,VISUAL EFFECTS,Robert Legato,Titanic,1956-05-06,Monmouth County,United States
1997,1998,70,VISUAL EFFECTS,Mark Lasoff,Titanic,2000-01-01,,
1997,1998,70,VISUAL EFFECTS,Thomas L. Fisher,Titanic,1950-01-01,,
1997,1998,70,VISUAL EFFECTS,Michael Kanfer,Titanic,2000-01-01,,
1997,1998,70,WRITING (Screenplay Based on Material Previously Produced or Published),Brian Helgeland,L.A. Confidential,1961-01-17,Providence,United States
1997,1998,70,WRITING (Screenplay Based on Material Previously Produced or Published),Curtis Hanson,L.A. Confidential,1945-03-24,Reno,United States
1997,1998,70,WRITING (Screenplay Written Directly for the Screen),Ben Affleck,Good Will Hunting,1972-08-15,Berkeley,United States
1997,1998,70,WRITING (Screenplay Written Directly for the Screen),Matt Damon,Good Will Hunting,1970-10-08,Cambridge,United States
1997,1998,70,HONORARY AWARD,grace,,,,
1998,1999,71,ACTOR IN A LEADING ROLE,Roberto Benigni,Life Is Beautiful,1952-10-27,Castiglion Fiorentino,Italy
1998,1999,71,ACTOR IN A SUPPORTING ROLE,James Coburn,Affliction,1928-08-31,Laurel,United States
1998,1999,71,ACTRESS IN A LEADING ROLE,Gwyneth Paltrow,Shakespeare in Love,1972-09-27,Los Angeles,United States
1998,1999,71,ACTRESS IN A SUPPORTING ROLE,Judi Dench,Shakespeare in Love,1934-12-09,York,United Kingdom
1998,1999,71,ART DIRECTION,Art Direction:  Martin Childs,Shakespeare in Love,,,
1998,1999,71,ART DIRECTION,Set Decoration:  Jill Quertier,Shakespeare in Love,,,
1998,1999,71,CINEMATOGRAPHY,Janusz Kaminski,Saving Private Ryan,,,
1998,1999,71,COSTUME DESIGN,Sandy Powell,Shakespeare in Love,1960-04-07,London,United Kingdom
1998,1999,71,DIRECTING,Steven Spielberg,Saving Private Ryan,1946-12-18,Cincinnati,United States
1998,1999,71,DOCUMENTARY (Feature),James Moll,The Last Days,,,
1998,1999,71,DOCUMENTARY (Feature),Ken Lipper,The Last Days,,,
1998,1999,71,DOCUMENTARY (Short Subject),Keiko Ibi,The Personals: Improvisations on Romance in the Golden Years,1967-01-01,Niigata,Japan
1998,1999,71,FILM EDITING,Michael Kahn,Saving Private Ryan,1930-12-08,New York City,United States
1998,1999,71,FOREIGN LANGUAGE FILM,Italy,Life Is Beautiful,,,
1998,1999,71,MAKEUP,Jenny Shircore,Elizabeth,2000-01-01,British Raj,British Empire
1998,1999,71,MUSIC (Original Dramatic Score),Nicola Piovani,Life Is Beautiful,1946-05-26,Rome,Italy
1998,1999,71,MUSIC (Original Musical or Comedy Score),Stephen Warbeck,Shakespeare in Love,1953-05-03,Southampton,United Kingdom
1998,1999,71,MUSIC (Original Song),Stephen Schwartz,The Prince of Egypt,1948-03-06,New York City,United States
1998,1999,71,BEST PICTURE,David Parfitt,Shakespeare in Love,1958-07-08,Sunderland,United Kingdom
1998,1999,71,BEST PICTURE,Donna Gigliotti,Shakespeare in Love,1955-11-01,United States,United States
1998,1999,71,BEST PICTURE,Harvey Weinstein,Shakespeare in Love,1952-03-19,New York City,United States
1998,1999,71,BEST PICTURE,Edward Zwick and Marc Norman,Shakespeare in Love,,,
1998,1999,71,BEST PICTURE,Producers,Shakespeare in Love,,,
1998,1999,71,SHORT FILM (Animated),Chris Wedge,Bunny,1957-03-20,Binghamton,United States
1998,1999,71,SHORT FILM (Live Action),Kim Magnusson,Election Night (Valgaften),,,
1998,1999,71,SHORT FILM (Live Action),Anders Thomas Jensen,Election Night (Valgaften),,,
1998,1999,71,SOUND,Gary Rydstrom,Saving Private Ryan,1959-06-29,Chicago,United States
1998,1999,71,SOUND,Gary Summers,Saving Private Ryan,2000-01-01,,
1998,1999,71,SOUND,Andy Nelson,Saving Private Ryan,1953-01-01,London,United Kingdom
1998,1999,71,SOUND,Ronald Judkins,Saving Private Ryan,,,
1998,1999,71,SOUND EFFECTS EDITING,Gary Rydstrom,Saving Private Ryan,1959-06-29,Chicago,United States
1998,1999,71,SOUND EFFECTS EDITING,Richard Hymns,Saving Private Ryan,,,
1998,1999,71,VISUAL EFFECTS,Joel Hynek,What Dreams May Come,2000-01-01,,
1998,1999,71,VISUAL EFFECTS,Nicholas Brooks,What Dreams May Come,1964-05-20,London,United Kingdom
1998,1999,71,VISUAL EFFECTS,Stuart Robertson,What Dreams May Come,1943-06-17,Frankfort,United States
1998,1999,71,VISUAL EFFECTS,Kevin Mack,What Dreams May Come,1959-07-23,Los Angeles,United States
1998,1999,71,WRITING (Screenplay Based on Material Previously Produced or Published),Bill Condon,Gods and Monsters,1955-10-22,New York City,United States
1998,1999,71,WRITING (Screenplay Written Directly for the Screen),Marc Norman,Shakespeare in Love,1941-02-10,Los Angeles,United States
1998,1999,71,WRITING (Screenplay Written Directly for the Screen),Tom Stoppard,Shakespeare in Love,1937-07-03,Zlín,Czech Republic
1998,1999,71,HONORARY AWARD,Elia Kazan in recognition of his indelible contributions to the art of motion picture direction.,,1909-09-07,Constantinople,Turkey
1998,1999,71,IRVING G. THALBERG MEMORIAL AWARD,Norman Jewison,,1926-07-21,Toronto,Canada
1999,2000,72,ACTOR IN A LEADING ROLE,Kevin Spacey,American Beauty,1959-07-26,South Orange,United States
1999,2000,72,ACTOR IN A SUPPORTING ROLE,Michael Caine,The Cider House Rules,1933-03-14,Rotherhithe,United Kingdom
1999,2000,72,ACTRESS IN A LEADING ROLE,Hilary Swank,Boys Don't Cry,1974-07-30,Lincoln,United States
1999,2000,72,ACTRESS IN A SUPPORTING ROLE,Angelina Jolie,"Girl, Interrupted",1975-06-04,Los Angeles,United States
1999,2000,72,ART DIRECTION,Art Direction:  Rick Heinrichs,Sleepy Hollow,,,
1999,2000,72,ART DIRECTION,Set Decoration:  Peter Young,Sleepy Hollow,,,
1999,2000,72,CINEMATOGRAPHY,Conrad L. Hall,American Beauty,,,
1999,2000,72,COSTUME DESIGN,Lindy Hemming,Topsy-Turvy,1948-08-21,Carmarthenshire,United Kingdom
1999,2000,72,DIRECTING,Sam Mendes,American Beauty,1965-08-01,Reading,United Kingdom
1999,2000,72,DOCUMENTARY (Feature),Arthur Cohn,One Day in September,1927-02-04,Basel,Switzerland
1999,2000,72,DOCUMENTARY (Feature),Kevin Macdonald,One Day in September,,,
1999,2000,72,DOCUMENTARY (Short Subject),Susan Hannah Hadary,King Gimp,,,
1999,2000,72,DOCUMENTARY (Short Subject),William A. Whiteford,King Gimp,,,
1999,2000,72,FILM EDITING,Zach Staenberg,The Matrix,1951-08-01,United States,United States
1999,2000,72,FOREIGN LANGUAGE FILM,Spain,All about My Mother,,,
1999,2000,72,MAKEUP,Christine Blundell,Topsy-Turvy,1961-10-01,London,United Kingdom
1999,2000,72,MAKEUP,Trefor Proud,Topsy-Turvy,2000-01-01,,
1999,2000,72,MUSIC (Original Score),John Corigliano,The Red Violin,1938-02-16,New York City,United States
1999,2000,72,MUSIC (Original Song),Phil Collins,Tarzan,1951-01-30,Putney Hospital,United Kingdom
1999,2000,72,BEST PICTURE,Bruce Cohen and Dan Jinks,American Beauty,,,
1999,2000,72,BEST PICTURE,Producers,American Beauty,,,
1999,2000,72,SHORT FILM (Animated),Alexander Petrov,The Old Man and the Sea,,,
1999,2000,72,SHORT FILM (Live Action),Barbara Schock,My Mother Dreams the Satan's Disciples in New York,,,
1999,2000,72,SHORT FILM (Live Action),Tammy Tiehel,My Mother Dreams the Satan's Disciples in New York,,,
1999,2000,72,SOUND,John Reitz,The Matrix,,,
1999,2000,72,SOUND,Gregg Rudloff,The Matrix,1955-11-02,Los Angeles,United States
1999,2000,72,SOUND,David Campbell,The Matrix,,,
1999,2000,72,SOUND,David Lee,The Matrix,1938-01-01,Scotland,United Kingdom
1999,2000,72,SOUND EFFECTS EDITING,Dane A. Davis,The Matrix,,,
1999,2000,72,VISUAL EFFECTS,John Gaeta,The Matrix,1965-01-01,New York City,United States
1999,2000,72,VISUAL EFFECTS,Janek Sirrs,The Matrix,1965-10-20,,
1999,2000,72,VISUAL EFFECTS,Steve Courtley,The Matrix,1950-01-01,Australia,Australia
1999,2000,72,VISUAL EFFECTS,Jon Thum,The Matrix,1962-01-01,,
1999,2000,72,WRITING (Screenplay Based on Material Previously Produced or Published),John Irving,The Cider House Rules,1942-03-02,Exeter,United States
1999,2000,72,WRITING (Screenplay Written Directly for the Screen),Alan Ball,American Beauty,1957-05-13,Atlanta,United States
1999,2000,72,HONORARY AWARD,Andrzej Wajda in recognition of five decades of extraordinary film direction.,,1926-03-06,Suwałki,Poland
1999,2000,72,IRVING G. THALBERG MEMORIAL AWARD,Warren Beatty,,1937-03-30,Richmond,United States
2000,2001,73,ACTOR IN A LEADING ROLE,Russell Crowe,Gladiator,1964-04-07,Strathmore Park,New Zealand
2000,2001,73,ACTOR IN A SUPPORTING ROLE,Benicio Del Toro,Traffic,,,
2000,2001,73,ACTRESS IN A LEADING ROLE,Julia Roberts,Erin Brockovich,1967-10-28,Atlanta,United States
2000,2001,73,ACTRESS IN A SUPPORTING ROLE,Marcia Gay Harden,Pollock,1959-08-14,La Jolla,United States
2000,2001,73,ART DIRECTION,Tim Yip,"Crouching Tiger, Hidden Dragon",,,
2000,2001,73,CINEMATOGRAPHY,Peter Pau,"Crouching Tiger, Hidden Dragon",1952-01-01,Hong Kong,People's Republic of China
2000,2001,73,COSTUME DESIGN,Janty Yates,Gladiator,1950-01-01,London,United Kingdom
2000,2001,73,DIRECTING,Steven Soderbergh,Traffic,1963-01-14,Atlanta,United States
2000,2001,73,DOCUMENTARY (Feature),Mark Jonathan Harris,Into the Arms of Strangers: Stories of the Kindertransport,1941-01-01,Scranton,United States
2000,2001,73,DOCUMENTARY (Feature),Deborah Oppenheimer,Into the Arms of Strangers: Stories of the Kindertransport,2000-01-01,,
2000,2001,73,DOCUMENTARY (Short Subject),Tracy Seretean,Big Mama,2000-01-01,,
2000,2001,73,FILM EDITING,Stephen Mirrione,Traffic,1969-02-17,Santa Clara County,United States
2000,2001,73,FOREIGN LANGUAGE FILM,Taiwan,"Crouching Tiger, Hidden Dragon",,,
2000,2001,73,MAKEUP,Rick Baker,Dr. Seuss' How the Grinch Stole Christmas,1950-12-08,Binghamton,United States
2000,2001,73,MAKEUP,Gail Ryan,Dr. Seuss' How the Grinch Stole Christmas,1939-01-11,Cincinnati,United States
2000,2001,73,MUSIC (Original Score),Tan Dun,"Crouching Tiger, Hidden Dragon",1957-08-18,Changsha,People's Republic of China
2000,2001,73,MUSIC (Original Song),Bob Dylan,Wonder Boys,1941-05-24,Duluth,United States
2000,2001,73,BEST PICTURE,Douglas Wick,Gladiator,1954-04-07,United States,United States
2000,2001,73,BEST PICTURE,David Franzoni and Branko Lustig,Gladiator,,,
2000,2001,73,BEST PICTURE,Producers,Gladiator,,,
2000,2001,73,SHORT FILM (Animated),Michael Dudok de Wit,Father and Daughter,,,
2000,2001,73,SHORT FILM (Live Action),Florian Gallenberger,Quiero Ser (I want to be...),,,
2000,2001,73,SOUND,Scott Millan,Gladiator,1954-02-02,Los Angeles,United States
2000,2001,73,SOUND,Bob Beemer,Gladiator,1955-02-08,Hollywood,United States
2000,2001,73,SOUND,Ken Weston,Gladiator,1947-05-30,Finsbury Park,United Kingdom
2000,2001,73,SOUND EDITING,Jon Johnson,U-571,,,
2000,2001,73,VISUAL EFFECTS,John Nelson,Gladiator,1953-07-21,Detroit,United States
2000,2001,73,VISUAL EFFECTS,Neil Corbould,Gladiator,1962-12-24,London,United Kingdom
2000,2001,73,VISUAL EFFECTS,Tim Burke,Gladiator,1965-01-01,Newcastle upon Tyne,United Kingdom
2000,2001,73,VISUAL EFFECTS,Rob Harvey,Gladiator,1964-07-01,,
2000,2001,73,WRITING (Screenplay Based on Material Previously Produced or Published),Stephen Gaghan,Traffic,1965-05-06,Louisville,United States
2000,2001,73,WRITING (Screenplay Written Directly for the Screen),Cameron Crowe,Almost Famous,1957-07-13,Palm Springs,United States
2000,2001,73,HONORARY AWARD,Jack Cardiff,,1914-09-18,Great Yarmouth,United Kingdom
2000,2001,73,HONORARY AWARD,Ernest Lehman,,1915-12-08,New York City,United States
2000,2001,73,IRVING G. THALBERG MEMORIAL AWARD,Dino De Laurentiis,,1919-08-08,Torre Annunziata,Italy
2001,2002,74,ACTOR IN A LEADING ROLE,Denzel Washington,Training Day,1954-12-28,Mount Vernon,United States
2001,2002,74,ACTOR IN A SUPPORTING ROLE,Jim Broadbent,Iris,1949-05-24,Holton cum Beckering,United Kingdom
2001,2002,74,ACTRESS IN A LEADING ROLE,Halle Berry,Monster's Ball,1966-08-14,Cleveland,United States
2001,2002,74,ACTRESS IN A SUPPORTING ROLE,Jennifer Connelly,A Beautiful Mind,1970-12-12,Cairo,United States
2001,2002,74,ANIMATED FEATURE FILM,Aron Warner,Shrek,1961-03-25,Pasadena,United States
2001,2002,74,ART DIRECTION,Art Direction:  Catherine Martin,Moulin Rouge,,,
2001,2002,74,ART DIRECTION,Set Decoration:  Brigitte Broch,Moulin Rouge,,,
2001,2002,74,CINEMATOGRAPHY,Andrew Lesnie,The Lord of the Rings: The Fellowship of the Ring,1956-01-01,Sydney,Australia
2001,2002,74,COSTUME DESIGN,Catherine Martin,Moulin Rouge,1965-01-26,Lindfield,Australia
2001,2002,74,COSTUME DESIGN,Angus Strathie,Moulin Rouge,2000-01-01,,
2001,2002,74,DIRECTING,Ron Howard,A Beautiful Mind,1954-03-01,Duncan,United States
2001,2002,74,DOCUMENTARY (Feature),Jean-Xavier de Lestrade,Murder on a Sunday Morning,,,
2001,2002,74,DOCUMENTARY (Feature),Denis Poncet,Murder on a Sunday Morning,,,
2001,2002,74,DOCUMENTARY (Short Subject),Sarah Kernochan,Thoth,1947-12-30,New York City,United States
2001,2002,74,DOCUMENTARY (Short Subject),Lynn Appelle,Thoth,1967-01-01,New York City,United States
2001,2002,74,FILM EDITING,Pietro Scalia,Black Hawk Down,1960-03-17,Sicily,Italy
2001,2002,74,FOREIGN LANGUAGE FILM,Bosnia,No Man's Land,,,
2001,2002,74,FOREIGN LANGUAGE FILM,Herzegovina,No Man's Land,,,
2001,2002,74,MAKEUP,Peter Owen,The Lord of the Rings: The Fellowship of the Ring,2000-01-01,,
2001,2002,74,MAKEUP,Richard Taylor,The Lord of the Rings: The Fellowship of the Ring,1965-02-08,Cheadle,United Kingdom
2001,2002,74,MUSIC (Original Score),Howard Shore,The Lord of the Rings: The Fellowship of the Ring,1946-10-18,Toronto,Canada
2001,2002,74,MUSIC (Original Song),Randy Newman,"Monsters, Inc.",1943-11-28,Los Angeles,United States
2001,2002,74,BEST PICTURE,Brian Grazer and Ron Howard,A Beautiful Mind,,,
2001,2002,74,BEST PICTURE,Producers,A Beautiful Mind,,,
2001,2002,74,SHORT FILM (Animated),Ralph Eggleston,For the Birds,1965-10-18,Lake Charles,United States
2001,2002,74,SHORT FILM (Live Action),Ray McKinnon,the accountant,,,
2001,2002,74,SHORT FILM (Live Action),Lisa Blount,the accountant,,,
2001,2002,74,SOUND,Michael Minkler,Black Hawk Down,1952-05-14,Los Angeles,United States
2001,2002,74,SOUND,Myron Nettinga,Black Hawk Down,1967-01-01,United States,United States
2001,2002,74,SOUND,Chris Munro,Black Hawk Down,2000-01-01,Willesden,United Kingdom
2001,2002,74,SOUND EDITING,George Watters II,Pearl Harbor,,,
2001,2002,74,SOUND EDITING,Christopher Boyes,Pearl Harbor,1968-09-05,Frederick,United States
2001,2002,74,VISUAL EFFECTS,Jim Rygiel,The Lord of the Rings: The Fellowship of the Ring,1955-02-17,Kenosha,United States
2001,2002,74,VISUAL EFFECTS,Randall William Cook,The Lord of the Rings: The Fellowship of the Ring,1952-01-01,United States,United States
2001,2002,74,VISUAL EFFECTS,Richard Taylor,The Lord of the Rings: The Fellowship of the Ring,1965-02-08,Cheadle,United Kingdom
2001,2002,74,VISUAL EFFECTS,Mark Stetson,The Lord of the Rings: The Fellowship of the Ring,1952-01-01,,
2001,2002,74,WRITING (Screenplay Based on Material Previously Produced or Published),Akiva Goldsman,A Beautiful Mind,1962-07-07,New York City,United States
2001,2002,74,WRITING (Screenplay Written Directly for the Screen),Julian Fellowes,Gosford Park,1949-08-17,Cairo,Egypt
2001,2002,74,JEAN HERSHOLT HUMANITARIAN AWARD,Arthur Hiller,,,,
2001,2002,74,HONORARY AWARD,Sidney Poitier in recognition of his remarkable accomplishments as an artist and as a human being.,,1927-02-20,Miami,United States
2001,2002,74,HONORARY AWARD,Robert Redford:  Actor,,,,
2002,2003,75,ACTOR IN A LEADING ROLE,Adrien Brody,The Pianist,1973-04-14,Woodhaven,United States
2002,2003,75,ACTOR IN A SUPPORTING ROLE,Chris Cooper,Adaptation,1951-07-09,Kansas City,United States
2002,2003,75,ACTRESS IN A LEADING ROLE,Nicole Kidman,The Hours,1967-06-20,Honolulu,United States
2002,2003,75,ACTRESS IN A SUPPORTING ROLE,Catherine Zeta-Jones,Chicago,1969-09-25,Swansea,United Kingdom
2002,2003,75,ANIMATED FEATURE FILM,Hayao Miyazaki,Spirited Away,1941-01-05,Bunkyō-ku,Japan
2002,2003,75,ART DIRECTION,Art Direction:  John Myhre,Chicago,,,
2002,2003,75,ART DIRECTION,Set Decoration:  Gordon Sim,Chicago,,,
2002,2003,75,CINEMATOGRAPHY,Conrad L. Hall,Road to Perdition,,,
2002,2003,75,COSTUME DESIGN,Colleen Atwood,Chicago,1948-09-25,Yakima,United States
2002,2003,75,DIRECTING,Roman Polanski,The Pianist,1933-08-18,Paris,France
2002,2003,75,DOCUMENTARY (Feature),Michael Moore,Bowling for Columbine,1954-04-23,Flint,United States
2002,2003,75,DOCUMENTARY (Feature),Michael Donovan,Bowling for Columbine,,,
2002,2003,75,DOCUMENTARY (Short Subject),Bill Guttentag,Twin Towers,1958-10-01,Brooklyn,United States
2002,2003,75,DOCUMENTARY (Short Subject),Robert David Port,Twin Towers,,,
2002,2003,75,FILM EDITING,Martin Walsh,Chicago,1955-11-08,Manchester,United Kingdom
2002,2003,75,FOREIGN LANGUAGE FILM,Germany,Nowhere in Africa,,,
2002,2003,75,MAKEUP,John Jackson,Frida,,,
2002,2003,75,MAKEUP,Beatrice De Alba,Frida,2000-01-01,Los Angeles,United States
2002,2003,75,MUSIC (Original Score),Elliot Goldenthal,Frida,1954-05-02,Brooklyn,United States
2002,2003,75,MUSIC (Original Song),Eminem,8 Mile,1972-10-17,St. Joseph,United States
2002,2003,75,MUSIC (Original Song),Jeff Bass and Luis Resto,8 Mile,,,
2002,2003,75,MUSIC (Original Song),Eminem,8 Mile,1972-10-17,St. Joseph,United States
2002,2003,75,BEST PICTURE,Martin Richards,Chicago,1932-03-11,The Bronx,United States
2002,2003,75,BEST PICTURE,Producer,Chicago,,,
2002,2003,75,SHORT FILM (Animated),Eric Armstrong,The ChubbChubbs!,1963-12-11,Brantford,Canada
2002,2003,75,SHORT FILM (Live Action),Martin Strange-Hansen,This Charming Man (Der Er En Yndig Mand),,,
2002,2003,75,SHORT FILM (Live Action),Mie Andreasen,This Charming Man (Der Er En Yndig Mand),,,
2002,2003,75,SOUND,Michael Minkler,Chicago,1952-05-14,Los Angeles,United States
2002,2003,75,SOUND,Dominick Tavella,Chicago,1950-01-01,United States,United States
2002,2003,75,SOUND,David Lee,Chicago,1938-01-01,Scotland,United Kingdom
2002,2003,75,SOUND EDITING,Ethan Van der Ryn,The Lord of the Rings: The Two Towers,,,
2002,2003,75,SOUND EDITING,Michael Hopkins,The Lord of the Rings: The Two Towers,,,
2002,2003,75,VISUAL EFFECTS,Jim Rygiel,The Lord of the Rings: The Two Towers,1955-02-17,Kenosha,United States
2002,2003,75,VISUAL EFFECTS,Joe Letteri,The Lord of the Rings: The Two Towers,1957-01-01,Aliquippa,United States
2002,2003,75,VISUAL EFFECTS,Randall William Cook,The Lord of the Rings: The Two Towers,1952-01-01,United States,United States
2002,2003,75,VISUAL EFFECTS,Alex Funke,The Lord of the Rings: The Two Towers,1944-10-12,Santa Barbara,United States
2002,2003,75,WRITING (Adapted Screenplay),Ronald Harwood,The Pianist,1934-11-09,Cape Town,South Africa
2002,2003,75,WRITING (Original Screenplay),Pedro Almodóvar,Talk to Her,1949-09-25,Calzada de Calatrava,Spain
2002,2003,75,HONORARY AWARD,Peter O'ole,,,,
2003,2004,76,ACTOR IN A LEADING ROLE,Sean Penn,Mystic River,1960-08-17,Santa Monica,United States
2003,2004,76,ACTOR IN A SUPPORTING ROLE,Tim Robbins,Mystic River,1958-10-16,West Covina,United States
2003,2004,76,ACTRESS IN A LEADING ROLE,Charlize Theron,Monster,1975-08-07,Benoni,South Africa
2003,2004,76,ACTRESS IN A SUPPORTING ROLE,Renée Zellweger,Cold Mountain,1969-04-25,Katy,United States
2003,2004,76,ANIMATED FEATURE FILM,Andrew Stanton,Finding Nemo,1965-12-03,Rockport,United States
2003,2004,76,ART DIRECTION,Art Direction: Grant Major,The Lord of the Rings: The Return of the King,,,
2003,2004,76,ART DIRECTION,Set Decoration: Dan Hennah and Alan Lee,The Lord of the Rings: The Return of the King,,,
2003,2004,76,CINEMATOGRAPHY,Russell Boyd,Master and Commander: The Far Side of the World,1944-04-21,Geelong,Australia
2003,2004,76,COSTUME DESIGN,Ngila Dickson and Richard Taylor,The Lord of the Rings: The Return of the King,,,
2003,2004,76,DIRECTING,Peter Jackson,The Lord of the Rings: The Return of the King,1961-10-31,Wellington,New Zealand
2003,2004,76,DOCUMENTARY (Feature),Errol Morris and Michael Williams,The Fog of War,,,
2003,2004,76,DOCUMENTARY (Short Subject),Maryann DeLeo,Chernobyl Heart,2000-01-01,,
2003,2004,76,FILM EDITING,Jamie Selkirk,The Lord of the Rings: The Return of the King,2000-01-01,New Zealand,New Zealand
2003,2004,76,FOREIGN LANGUAGE FILM,Canada,The Barbarian Invasions,,,
2003,2004,76,MAKEUP,Richard Taylor and Peter King,The Lord of the Rings: The Return of the King,,,
2003,2004,76,MUSIC (Original Score),Howard Shore,The Lord of the Rings: The Return of the King,1946-10-18,Toronto,Canada
2003,2004,76,MUSIC (Original Song),Fran Walsh and Howard Shore and Annie Lennox,The Lord of the Rings: The Return of the King,,,
2003,2004,76,BEST PICTURE,Barrie M. Osborne,The Lord of the Rings: The Return of the King,1944-02-07,New York City,United States
2003,2004,76,BEST PICTURE,Peter Jackson and Fran Walsh,The Lord of the Rings: The Return of the King,,,
2003,2004,76,BEST PICTURE,Producers,The Lord of the Rings: The Return of the King,,,
2003,2004,76,SHORT FILM (Animated),Adam Elliot,Harvie Krumpet,1972-01-02,Berwick,Australia
2003,2004,76,SHORT FILM (Live Action),Aaron Schneider and Andrew J. Sacks,Two Soldiers,,,
2003,2004,76,SOUND EDITING,Richard King,Master and Commander: The Far Side of the World,,,
2003,2004,76,SOUND MIXING,Christopher Boyes,The Lord of the Rings: The Return of the King,1968-09-05,Frederick,United States
2003,2004,76,SOUND MIXING,Michael Semanick,The Lord of the Rings: The Return of the King,1963-01-01,,
2003,2004,76,SOUND MIXING,Michael Hedges and Hammond Peek,The Lord of the Rings: The Return of the King,,,
2003,2004,76,VISUAL EFFECTS,Jim Rygiel,The Lord of the Rings: The Return of the King,1955-02-17,Kenosha,United States
2003,2004,76,VISUAL EFFECTS,Joe Letteri,The Lord of the Rings: The Return of the King,1957-01-01,Aliquippa,United States
2003,2004,76,VISUAL EFFECTS,Randall William Cook and Alex Funke,The Lord of the Rings: The Return of the King,,,
2003,2004,76,WRITING (Adapted Screenplay),Fran Walsh,The Lord of the Rings: The Return of the King,1959-01-10,Wellington,New Zealand
2003,2004,76,WRITING (Adapted Screenplay),Philippa Boyens,The Lord of the Rings: The Return of the King,1963-01-01,Auckland,New Zealand
2003,2004,76,WRITING (Adapted Screenplay),Peter Jackson,The Lord of the Rings: The Return of the King,1961-10-31,Wellington,New Zealand
2003,2004,76,WRITING (Original Screenplay),Sofia Coppola,Lost in Translation,1971-05-14,New York City,United States
2003,2004,76,HONORARY AWARD,Blake Edwards in recognition of his writing,,1922-07-26,Tulsa,United States
2004,2005,77,ACTOR IN A LEADING ROLE,Jamie Foxx,Ray,1967-12-13,Terrell,United States
2004,2005,77,ACTOR IN A SUPPORTING ROLE,Morgan Freeman,Million Dollar Baby,1937-06-01,Memphis,United States
2004,2005,77,ACTRESS IN A LEADING ROLE,Hilary Swank,Million Dollar Baby,1974-07-30,Lincoln,United States
2004,2005,77,ACTRESS IN A SUPPORTING ROLE,Cate Blanchett,The Aviator,1969-05-14,Melbourne,Australia
2004,2005,77,ANIMATED FEATURE FILM,Brad Bird,The Incredibles,1957-09-24,Kalispell,United States
2004,2005,77,ART DIRECTION,Art Direction: Dante Ferretti,The Aviator,,,
2004,2005,77,ART DIRECTION,Set Decoration: Francesca Lo Schiavo,The Aviator,,,
2004,2005,77,CINEMATOGRAPHY,Robert Richardson,The Aviator,1955-08-27,Hyannis,United States
2004,2005,77,COSTUME DESIGN,Sandy Powell,The Aviator,1960-04-07,London,United Kingdom
2004,2005,77,DIRECTING,Clint Eastwood,Million Dollar Baby,1930-05-31,San Francisco,United States
2004,2005,77,DOCUMENTARY (Feature),Ross Kauffman and Zana Briski,Born into Brothels,,,
2004,2005,77,DOCUMENTARY (Short Subject),Robert Hudson and Bobby Houston,Mighty Times: The Children's March,,,
2004,2005,77,FILM EDITING,Thelma Schoonmaker,The Aviator,1940-01-03,Algiers,Algeria
2004,2005,77,FOREIGN LANGUAGE FILM,Spain,The Sea Inside,,,
2004,2005,77,MAKEUP,Valli O'Reilly and Bill Corso,Lemony Snicket's A Series of Unfortunate Events,,,
2004,2005,77,MUSIC (Original Score),Jan A.P. Kaczmarek,Finding Neverland,,,
2004,2005,77,MUSIC (Original Song),Jorge Drexler,The Motorcycle Diaries,1964-09-21,Montevideo,Uruguay
2004,2005,77,BEST PICTURE,Clint Eastwood,Million Dollar Baby,1930-05-31,San Francisco,United States
2004,2005,77,BEST PICTURE,Albert S. Ruddy and Tom Rosenberg,Million Dollar Baby,,,
2004,2005,77,BEST PICTURE,Producers,Million Dollar Baby,,,
2004,2005,77,SHORT FILM (Animated),Chris Landreth,Ryan,1961-08-04,Connecticut,United States
2004,2005,77,SHORT FILM (Live Action),Andrea Arnold,Wasp,,,
2004,2005,77,SOUND EDITING,Michael Silvers and Randy Thom,The Incredibles,,,
2004,2005,77,SOUND MIXING,Scott Millan,Ray,1954-02-02,Los Angeles,United States
2004,2005,77,SOUND MIXING,Greg Orloff,Ray,1959-12-11,Los Angeles County,United States
2004,2005,77,SOUND MIXING,Bob Beemer and Steve Cantamessa,Ray,,,
2004,2005,77,VISUAL EFFECTS,John Dykstra,Spider-Man 2,,,
2004,2005,77,VISUAL EFFECTS,Scott Stokdyk,Spider-Man 2,1969-10-16,,
2004,2005,77,VISUAL EFFECTS,Anthony LaMolinara and John Frazier,Spider-Man 2,,,
2004,2005,77,WRITING (Adapted Screenplay),Alexander Payne,Sideways,1961-02-10,Omaha,United States
2004,2005,77,WRITING (Adapted Screenplay),Jim Taylor,Sideways,1962-01-01,Seattle,United States
2004,2005,77,WRITING (Original Screenplay),Charlie Kaufman,Eternal Sunshine of the Spotless Mind,1958-11-19,New York City,United States
2004,2005,77,WRITING (Original Screenplay),Charlie Kaufman,Eternal Sunshine of the Spotless Mind,1958-11-19,New York City,United States
2004,2005,77,WRITING (Original Screenplay),Michel Gondry,Eternal Sunshine of the Spotless Mind,1963-05-08,Versailles,France
2004,2005,77,WRITING (Original Screenplay),Pierre Bismuth,Eternal Sunshine of the Spotless Mind,1963-06-06,Neuilly-sur-Seine,France
2004,2005,77,JEAN HERSHOLT HUMANITARIAN AWARD,Roger Mayer,,,,
2004,2005,77,HONORARY AWARD,Sidney Lumet in recognition of his brilliant services to screenwriters,,1924-06-25,Philadelphia,United States
2005,2006,78,ACTOR IN A LEADING ROLE,Philip Seymour Hoffman,Capote,1967-07-23,Fairport,United States
2005,2006,78,ACTOR IN A SUPPORTING ROLE,George Clooney,Syriana,1961-05-06,Lexington,United States
2005,2006,78,ACTRESS IN A LEADING ROLE,Reese Witherspoon,Walk the Line,1976-03-22,New Orleans,United States
2005,2006,78,ACTRESS IN A SUPPORTING ROLE,Rachel Weisz,The Constant Gardener,1970-03-07,Westminster,United Kingdom
2005,2006,78,ANIMATED FEATURE FILM,Nick Park and Steve Box,Wallace & Gromit in The Curse of the Were-Rabbit,,,
2005,2006,78,ART DIRECTION,Art Direction:  John Myhre,Memoirs of a Geisha,,,
2005,2006,78,ART DIRECTION,Set Decoration:  Gretchen Rau,Memoirs of a Geisha,,,
2005,2006,78,CINEMATOGRAPHY,Dion Beebe,Memoirs of a Geisha,1968-01-01,Brisbane,Australia
2005,2006,78,COSTUME DESIGN,Colleen Atwood,Memoirs of a Geisha,1948-09-25,Yakima,United States
2005,2006,78,DIRECTING,Ang Lee,Brokeback Mountain,1954-10-23,Chaojhou Township,Taiwan
2005,2006,78,DOCUMENTARY (Feature),Luc Jacquet and Yves Darondeau,March of the Penguins,,,
2005,2006,78,DOCUMENTARY (Short Subject),Corinne Marrinan and Eric Simonson,A Note of Triumph: The Golden Age of Norman Corwin,,,
2005,2006,78,FILM EDITING,Hughes Winborne,Crash,2000-01-01,Raleigh,United States
2005,2006,78,FOREIGN LANGUAGE FILM,South Africa,Tsotsi,,,
2005,2006,78,MAKEUP,Howard Berger and Tami Lane,"The Chronicles of Narnia: The Lion, the Witch and the Wardrobe",,,
2005,2006,78,MUSIC (Original Score),Gustavo Santaolalla,Brokeback Mountain,,,
2005,2006,78,MUSIC (Original Song),Jordan Houston,Hustle & Flow,,,
2005,2006,78,MUSIC (Original Song),Cedric Coleman and Paul Beauregard,Hustle & Flow,,,
2005,2006,78,BEST PICTURE,Paul Haggis and Cathy Schulman,Crash,,,
2005,2006,78,BEST PICTURE,Producers,Crash,,,
2005,2006,78,SHORT FILM (Animated),John Canemaker and Peggy Stern,The Moon and the Son: An Imagined Conversation,,,
2005,2006,78,SHORT FILM (Live Action),Martin McDonagh,Six Shooter,,,
2005,2006,78,SOUND EDITING,Mike Hopkins and Ethan Van der Ryn,King Kong,,,
2005,2006,78,SOUND MIXING,Christopher Boyes,King Kong,1968-09-05,Frederick,United States
2005,2006,78,SOUND MIXING,Michael Semanick,King Kong,1963-01-01,,
2005,2006,78,SOUND MIXING,Michael Hedges and Hammond Peek,King Kong,,,
2005,2006,78,VISUAL EFFECTS,Joe Letteri,King Kong,1957-01-01,Aliquippa,United States
2005,2006,78,VISUAL EFFECTS,Brian Van't Hul,King Kong,2000-01-01,,
2005,2006,78,VISUAL EFFECTS,Christian Rivers and Richard Taylor,King Kong,,,
2005,2006,78,WRITING (Adapted Screenplay),Larry McMurtry,Brokeback Mountain,1936-06-03,Archer City,United States
2005,2006,78,WRITING (Adapted Screenplay),Diana Ossana,Brokeback Mountain,1949-08-01,St. Louis,United States
2005,2006,78,WRITING (Original Screenplay),Paul Haggis,Crash,1953-03-10,London,Canada
2005,2006,78,WRITING (Original Screenplay),Bobby Moresco,Crash,,,
2005,2006,78,WRITING (Original Screenplay),Paul Haggis,Crash,1953-03-10,London,Canada
2005,2006,78,HONORARY AWARD,Robert Altman in recognition of a career that has repeatedly reinvented the art form and inspired filmmakers and audiences alike.,,1925-02-20,Kansas City,United States
2006,2007,79,ACTOR IN A LEADING ROLE,Forest Whitaker,The Last King of Scotland,1961-07-15,Longview,United States
2006,2007,79,ACTOR IN A SUPPORTING ROLE,Alan Arkin,Little Miss Sunshine,1934-03-26,Brooklyn,United States
2006,2007,79,ACTRESS IN A LEADING ROLE,Helen Mirren,The Queen,1945-07-26,Hammersmith,United Kingdom
2006,2007,79,ACTRESS IN A SUPPORTING ROLE,Jennifer Hudson,Dreamgirls,1981-09-12,Chicago,United States
2006,2007,79,ANIMATED FEATURE FILM,George Miller,Happy Feet,1945-03-03,Chinchilla,Australia
2006,2007,79,ART DIRECTION,Art Direction:  Eugenio Caballero,Pan's Labyrinth,,,
2006,2007,79,ART DIRECTION,Set Decoration:  Pilar Revuelta,Pan's Labyrinth,,,
2006,2007,79,CINEMATOGRAPHY,Guillermo Navarro,Pan's Labyrinth,1955-01-01,Mexico City,Mexico
2006,2007,79,COSTUME DESIGN,Milena Canonero,Marie Antoinette,1949-07-13,Turin,Italy
2006,2007,79,DIRECTING,Martin Scorsese,The Departed,1942-11-17,Queens,United States
2006,2007,79,DOCUMENTARY (Feature),Davis Guggenheim,An Inconvenient Truth,1963-11-03,St. Louis,United States
2006,2007,79,DOCUMENTARY (Short Subject),Ruby Yang and Thomas Lennon,The Blood of Yingzhou District,,,
2006,2007,79,FILM EDITING,Thelma Schoonmaker,The Departed,1940-01-03,Algiers,Algeria
2006,2007,79,FOREIGN LANGUAGE FILM,Germany,The Lives of Others,,,
2006,2007,79,MAKEUP,David Martí and Montse Ribé,Pan's Labyrinth,,,
2006,2007,79,MUSIC (Original Score),Gustavo Santaolalla,Babel,,,
2006,2007,79,MUSIC (Original Song),Melissa Etheridge,An Inconvenient Truth,1961-05-29,Leavenworth,United States
2006,2007,79,BEST PICTURE,Graham King,The Departed,1961-12-19,London,United Kingdom
2006,2007,79,BEST PICTURE,Producer,The Departed,,,
2006,2007,79,SHORT FILM (Animated),Torill Kove,The Danish Poet,1958-05-25,Hamar Municipality,Norway
2006,2007,79,SHORT FILM (Live Action),Ari Sandel,West Bank Story,,,
2006,2007,79,SOUND EDITING,Alan Robert Murray and Bub Asman,Letters from Iwo Jima,,,
2006,2007,79,SOUND MIXING,Michael Minkler,Dreamgirls,1952-05-14,Los Angeles,United States
2006,2007,79,SOUND MIXING,Bob Beemer and Willie Burton,Dreamgirls,,,
2006,2007,79,VISUAL EFFECTS,John Knoll,Pirates of the Caribbean: Dead Man's Chest,1962-10-06,Ann Arbor,United States
2006,2007,79,VISUAL EFFECTS,Hal Hickel,Pirates of the Caribbean: Dead Man's Chest,2000-01-01,Bailey,United States
2006,2007,79,VISUAL EFFECTS,Charles Gibson and Allen Hall,Pirates of the Caribbean: Dead Man's Chest,,,
2006,2007,79,WRITING (Adapted Screenplay),William Monahan,The Departed,1960-11-03,Boston,United States
2006,2007,79,WRITING (Original Screenplay),Michael Arndt,Little Miss Sunshine,1970-11-22,McLean,United States
2006,2007,79,JEAN HERSHOLT HUMANITARIAN AWARD,Sherry Lansing,,,,
2006,2007,79,HONORARY AWARD,Ennio Morricone in recognition of his magnificent and multifaceted contributions to the art of film music.,,1928-11-10,Rome,Italy
2007,2008,80,ACTOR IN A LEADING ROLE,Daniel Day-Lewis,There Will Be Blood,1957-04-29,Kensington,United Kingdom
2007,2008,80,ACTOR IN A SUPPORTING ROLE,Javier Bardem,No Country for Old Men,1969-03-01,Las Palmas de Gran Canaria,Spain
2007,2008,80,ACTRESS IN A LEADING ROLE,Marion Cotillard,La Vie en Rose,1975-09-30,12th arrondissement of Paris,France
2007,2008,80,ACTRESS IN A SUPPORTING ROLE,Tilda Swinton,Michael Clayton,1960-11-05,London,United Kingdom
2007,2008,80,ANIMATED FEATURE FILM,Brad Bird,Ratatouille,1957-09-24,Kalispell,United States
2007,2008,80,ART DIRECTION,Art Direction: Dante Ferretti,Sweeney Todd The Demon Barber of Fleet Street,,,
2007,2008,80,ART DIRECTION,Set Decoration: Francesca Lo Schiavo,Sweeney Todd The Demon Barber of Fleet Street,,,
2007,2008,80,CINEMATOGRAPHY,Robert Elswit,There Will Be Blood,,,
2007,2008,80,COSTUME DESIGN,Alexandra Byrne,Elizabeth: The Golden Age,1962-01-01,Amounderness,United Kingdom
2007,2008,80,DIRECTING,Joel Coen and Ethan Coen,No Country for Old Men,,,
2007,2008,80,DOCUMENTARY (Feature),Alex Gibney and Eva Orner,Taxi to the Dark Side,,,
2007,2008,80,DOCUMENTARY (Short Subject),Cynthia Wade and Vanessa Roth,Freeheld,,,
2007,2008,80,FILM EDITING,Christopher Rouse,The Bourne Ultimatum,1958-11-28,Los Angeles,United States
2007,2008,80,FOREIGN LANGUAGE FILM,Austria,The Counterfeiters,,,
2007,2008,80,MAKEUP,Didier Lavergne and Jan Archibald,La Vie en Rose,,,
2007,2008,80,MUSIC (Original Score),Dario Marianelli,Atonement,1963-06-21,Pisa,Italy
2007,2008,80,MUSIC (Original Song),Glen Hansard and Marketa Irglova,Once,,,
2007,2008,80,BEST PICTURE,Scott Rudin,No Country for Old Men,1958-07-14,Baldwin,United States
2007,2008,80,BEST PICTURE,Ethan Coen and Joel Coen,No Country for Old Men,,,
2007,2008,80,BEST PICTURE,Producers,No Country for Old Men,,,
2007,2008,80,SHORT FILM (Animated),Suzie Templeton and Hugh Welchman,Peter & the Wolf,,,
2007,2008,80,SHORT FILM (Live Action),Philippe Pollet-Villard,Le Mozart des Pickpockets (The Mozart of Pickpockets),,,
2007,2008,80,SOUND EDITING,Karen Baker Landers and Per Hallberg,The Bourne Ultimatum,,,
2007,2008,80,SOUND MIXING,Scott Millan,The Bourne Ultimatum,1954-02-02,Los Angeles,United States
2007,2008,80,SOUND MIXING,David Parker and Kirk Francis,The Bourne Ultimatum,,,
2007,2008,80,VISUAL EFFECTS,Michael Fink,The Golden Compass,,,
2007,2008,80,VISUAL EFFECTS,Bill Westenhofer,The Golden Compass,1968-01-01,,
2007,2008,80,VISUAL EFFECTS,Ben Morris and Trevor Wood,The Golden Compass,,,
2007,2008,80,WRITING (Adapted Screenplay),Joel Coen,No Country for Old Men,1954-11-29,St. Louis Park,United States
2007,2008,80,WRITING (Adapted Screenplay),Ethan Coen,No Country for Old Men,1957-09-21,St. Louis Park,United States
2007,2008,80,WRITING (Original Screenplay),Diablo Cody,Juno,1978-06-14,Lemont,United States
2007,2008,80,HONORARY AWARD,Robert Boyle in recognition of one of cinema's great careers in art direction.,,,,
2008,2009,81,ACTOR IN A LEADING ROLE,Sean Penn,Milk,1960-08-17,Santa Monica,United States
2008,2009,81,ACTOR IN A SUPPORTING ROLE,Heath Ledger,The Dark Knight,1979-04-04,Perth,Australia
2008,2009,81,ACTRESS IN A LEADING ROLE,Kate Winslet,The Reader,1975-10-05,Reading,United Kingdom
2008,2009,81,ACTRESS IN A SUPPORTING ROLE,Penélope Cruz,Vicky Cristina Barcelona,1974-04-28,Alcobendas,Spain
2008,2009,81,ANIMATED FEATURE FILM,Andrew Stanton,WALL-E,1965-12-03,Rockport,United States
2008,2009,81,ART DIRECTION,Art Direction: Donald Graham Burt,The Curious Case of Benjamin Button,,,
2008,2009,81,ART DIRECTION,Set Decoration: Victor J. Zolfo,The Curious Case of Benjamin Button,,,
2008,2009,81,CINEMATOGRAPHY,Anthony Dod Mantle,Slumdog Millionaire,1955-04-14,Denmark,Kingdom of Denmark
2008,2009,81,COSTUME DESIGN,Michael O'Connor,The Duchess,1965-10-27,London,United Kingdom
2008,2009,81,DIRECTING,Danny Boyle,Slumdog Millionaire,1956-10-20,Radcliffe,United Kingdom
2008,2009,81,DOCUMENTARY (Feature),James Marsh and Simon Chinn,Man on Wire,,,
2008,2009,81,DOCUMENTARY (Short Subject),Megan Mylan,Smile Pinki,1969-01-01,California,United States
2008,2009,81,FILM EDITING,Chris Dickens,Slumdog Millionaire,1967-02-01,London,United Kingdom
2008,2009,81,FOREIGN LANGUAGE FILM,Japan,Departures,,,
2008,2009,81,MAKEUP,Greg Cannom,The Curious Case of Benjamin Button,1951-03-04,"Washington, D.C.",United States
2008,2009,81,MUSIC (Original Score),A.R. Rahman,Slumdog Millionaire,,,
2008,2009,81,MUSIC (Original Song),A.R. Rahman,Slumdog Millionaire,,,
2008,2009,81,MUSIC (Original Song),Gulzar,Slumdog Millionaire,1933-08-19,Dina,Pakistan
2008,2009,81,BEST PICTURE,Christian Colson,Slumdog Millionaire,1968-09-15,Buenos Aires,Argentina
2008,2009,81,BEST PICTURE,Producer,Slumdog Millionaire,,,
2008,2009,81,SHORT FILM (Animated),Kunio Kato,La Maison en Petits Cubes,,,
2008,2009,81,SHORT FILM (Live Action),Jochen Alexander Freydank,Spielzeugland (Toyland),,,
2008,2009,81,SOUND EDITING,Richard King,The Dark Knight,,,
2008,2009,81,SOUND MIXING,Ian Tapp,Slumdog Millionaire,1950-01-01,,
2008,2009,81,SOUND MIXING,Richard Pryke and Resul Pookutty,Slumdog Millionaire,,,
2008,2009,81,VISUAL EFFECTS,Eric Barba,The Curious Case of Benjamin Button,2000-01-01,,
2008,2009,81,VISUAL EFFECTS,Steve Preeg,The Curious Case of Benjamin Button,1970-12-14,Sacramento,United States
2008,2009,81,VISUAL EFFECTS,Burt Dalton and Craig Barron,The Curious Case of Benjamin Button,,,
2008,2009,81,WRITING (Adapted Screenplay),Simon Beaufoy,Slumdog Millionaire,1966-12-26,Keighley,United Kingdom
2008,2009,81,WRITING (Original Screenplay),Dustin Lance Black,Milk,1974-06-10,Sacramento,United States
2008,2009,81,JEAN HERSHOLT HUMANITARIAN AWARD,Jerry Lewis,,,,
2009,2010,82,ACTOR IN A LEADING ROLE,Jeff Bridges,Crazy Heart,1949-12-04,Los Angeles,United States
2009,2010,82,ACTOR IN A SUPPORTING ROLE,Christoph Waltz,Inglourious Basterds,1956-10-04,Vienna,Austria
2009,2010,82,ACTRESS IN A LEADING ROLE,Sandra Bullock,The Blind Side,1964-07-26,Arlington County,United States
2009,2010,82,ACTRESS IN A SUPPORTING ROLE,Mo'Nique,Precious: Based on the Novel 'Push' by Sapphire,1967-12-11,Woodlawn,United States
2009,2010,82,ANIMATED FEATURE FILM,Pete Docter,Up,1968-10-09,Bloomington,United States
2009,2010,82,ART DIRECTION,Production Design: Rick Carter and Robert Stromberg,Avatar,,,
2009,2010,82,ART DIRECTION,Set Decoration: Kim Sinclair,Avatar,,,
2009,2010,82,CINEMATOGRAPHY,Mauro Fiore,Avatar,1964-11-15,Marzi,Italy
2009,2010,82,COSTUME DESIGN,Sandy Powell,The Young Victoria,1960-04-07,London,United Kingdom
2009,2010,82,DIRECTING,Kathryn Bigelow,The Hurt Locker,1951-11-27,San Carlos,United States
2009,2010,82,DOCUMENTARY (Feature),Louie Psihoyos and Fisher Stevens,The Cove,,,
2009,2010,82,DOCUMENTARY (Short Subject),Roger Ross Williams and Elinor Burkett,Music by Prudence,,,
2009,2010,82,FILM EDITING,Bob Murawski and Chris Innis,The Hurt Locker,,,
2009,2010,82,FOREIGN LANGUAGE FILM,Argentina,The Secret in Their Eyes,,,
2009,2010,82,MAKEUP,Barney Burman,Star Trek,2000-01-01,,
2009,2010,82,MAKEUP,Mindy Hall and Joel Harlow,Star Trek,,,
2009,2010,82,MUSIC (Original Score),Michael Giacchino,Up,1967-10-10,Riverside,United States
2009,2010,82,MUSIC (Original Song),Ryan Bingham and T Bone Burnett,Crazy Heart,,,
2009,2010,82,BEST PICTURE,Kathryn Bigelow,The Hurt Locker,1951-11-27,San Carlos,United States
2009,2010,82,BEST PICTURE,Mark Boal,The Hurt Locker,1973-01-23,New York City,United States
2009,2010,82,BEST PICTURE,Nicolas Chartier and Greg Shapiro,The Hurt Locker,,,
2009,2010,82,BEST PICTURE,Producers,The Hurt Locker,,,
2009,2010,82,SHORT FILM (Animated),Nicolas Schmerkin,Logorama,1973-08-11,Buenos Aires,Argentina
2009,2010,82,SHORT FILM (Live Action),Joachim Back and Tivi Magnusson,The New Tenants,,,
2009,2010,82,SOUND EDITING,Paul N.J. Ottosson,The Hurt Locker,,,
2009,2010,82,SOUND MIXING,Paul N.J. Ottosson and Ray Beckett,The Hurt Locker,,,
2009,2010,82,VISUAL EFFECTS,Joe Letteri,Avatar,1957-01-01,Aliquippa,United States
2009,2010,82,VISUAL EFFECTS,Stephen Rosenbaum,Avatar,1965-10-26,Tacoma,United States
2009,2010,82,VISUAL EFFECTS,Richard Baneham and Andrew R. Jones,Avatar,,,
2009,2010,82,WRITING (Adapted Screenplay),Geoffrey Fletcher,Precious: Based on the Novel 'Push' by Sapphire,,,
2009,2010,82,WRITING (Original Screenplay),Mark Boal,The Hurt Locker,1973-01-23,New York City,United States
2009,2010,82,HONORARY AWARD,Lauren Bacall in recognition of her central place in the golden age of motion pictures.,,1924-09-16,The Bronx,United States
2009,2010,82,HONORARY AWARD,Roger Corman for his rich engendering of films and filmmakers.,,1926-04-05,Detroit,United States
2009,2010,82,HONORARY AWARD,Gordon Willis for unsurpassed mastery of light,,1931-05-28,Astoria,United States
2009,2010,82,IRVING G. THALBERG MEMORIAL AWARD,John Calley,,,,
2010,2011,83,ACTOR IN A LEADING ROLE,Colin Firth,The King's Speech,1960-09-10,Grayshott,United Kingdom
2010,2011,83,ACTOR IN A SUPPORTING ROLE,Christian Bale,The Fighter,1974-01-30,Haverfordwest,United Kingdom
2010,2011,83,ACTRESS IN A LEADING ROLE,Natalie Portman,Black Swan,1981-06-09,"Hadassah University Hospital, Mt. Scopus",Israel
2010,2011,83,ACTRESS IN A SUPPORTING ROLE,Melissa Leo,The Fighter,1960-09-14,Manhattan,United States
2010,2011,83,ANIMATED FEATURE FILM,Lee Unkrich,Toy Story 3,1967-08-08,Cleveland,United States
2010,2011,83,ART DIRECTION,Production Design: Robert Stromberg,Alice in Wonderland,,,
2010,2011,83,ART DIRECTION,Set Decoration: Karen O'Hara,Alice in Wonderland,,,
2010,2011,83,CINEMATOGRAPHY,Wally Pfister,Inception,1961-07-08,Chicago,United States
2010,2011,83,COSTUME DESIGN,Colleen Atwood,Alice in Wonderland,1948-09-25,Yakima,United States
2010,2011,83,DIRECTING,Tom Hooper,The King's Speech,1972-10-05,London,United Kingdom
2010,2011,83,DOCUMENTARY (Feature),Charles Ferguson and Audrey Marrs,Inside Job,,,
2010,2011,83,DOCUMENTARY (Short Subject),Karen Goodman and Kirk Simon,Strangers No More,,,
2010,2011,83,FILM EDITING,Angus Wall and Kirk Baxter,The Social Network,,,
2010,2011,83,FOREIGN LANGUAGE FILM,Denmark,In a Better World,,,
2010,2011,83,MAKEUP,Rick Baker and Dave Elsey,The Wolfman,,,
2010,2011,83,MUSIC (Original Score),Trent Reznor and Atticus Ross,The Social Network,,,
2010,2011,83,MUSIC (Original Song),Randy Newman,Toy Story 3,1943-11-28,Los Angeles,United States
2010,2011,83,BEST PICTURE,Iain Canning,The King's Speech,1979-07-23,Bristol,United Kingdom
2010,2011,83,BEST PICTURE,Emile Sherman and Gareth Unwin,The King's Speech,,,
2010,2011,83,BEST PICTURE,Producers,The King's Speech,,,
2010,2011,83,SHORT FILM (Animated),Shaun Tan and Andrew Ruhemann,The Lost Thing,,,
2010,2011,83,SHORT FILM (Live Action),Luke Matheny,God of Love,,,
2010,2011,83,SOUND EDITING,Richard King,Inception,,,
2010,2011,83,SOUND MIXING,Lora Hirschberg,Inception,1963-01-01,Olmsted Falls,United States
2010,2011,83,SOUND MIXING,Gary A. Rizzo and Ed Novick,Inception,,,
2010,2011,83,VISUAL EFFECTS,Paul Franklin,Inception,1966-01-01,Cheshire,United Kingdom
2010,2011,83,VISUAL EFFECTS,Chris Corbould,Inception,1958-03-05,United Kingdom,United Kingdom
2010,2011,83,VISUAL EFFECTS,Andrew Lockley and Peter Bebb,Inception,,,
2010,2011,83,WRITING (Adapted Screenplay),Aaron Sorkin,The Social Network,1961-06-09,New York City,United States
2010,2011,83,WRITING (Original Screenplay),David Seidler,The King's Speech,1937-08-04,London,United Kingdom
2010,2011,83,HONORARY AWARD,Kevin Brownlow for the wise and devoted chronicling of the cinematic parade.,,1938-06-02,Crowborough,United Kingdom
2010,2011,83,HONORARY AWARD,Jean-Luc Godard for passion. For confrontation. For a new kind of cinema.,,1930-12-03,7th arrondissement of Paris,France
2010,2011,83,HONORARY AWARD,Eli Wallach for a lifetime's worth of indelible screen characters.,,1915-12-07,Red Hook,United States
2010,2011,83,IRVING G. THALBERG MEMORIAL AWARD,Francis Ford Coppola,,1939-04-07,Detroit,United States
2011,2012,84,ACTOR IN A LEADING ROLE,Jean Dujardin,The Artist,1972-06-19,Rueil-Malmaison,France
2011,2012,84,ACTOR IN A SUPPORTING ROLE,Christopher Plummer,Beginners,1929-12-13,Toronto,Canada
2011,2012,84,ACTRESS IN A LEADING ROLE,Meryl Streep,The Iron Lady,1949-06-22,Summit,United States
2011,2012,84,ACTRESS IN A SUPPORTING ROLE,Octavia Spencer,The Help,1970-05-25,Montgomery,United States
2011,2012,84,ANIMATED FEATURE FILM,Gore Verbinski,Rango,1964-03-16,Oak Ridge,United States
2011,2012,84,ART DIRECTION,Production Design: Dante Ferretti,Hugo,,,
2011,2012,84,ART DIRECTION,Set Decoration: Francesca Lo Schiavo,Hugo,,,
2011,2012,84,CINEMATOGRAPHY,Robert Richardson,Hugo,1955-08-27,Hyannis,United States
2011,2012,84,COSTUME DESIGN,Mark Bridges,The Artist,2000-01-01,Niagara Falls,United States
2011,2012,84,DIRECTING,Michel Hazanavicius,The Artist,1967-03-29,11th arrondissement of Paris,France
2011,2012,84,DOCUMENTARY (Feature),TJ Martin,Undefeated,,,
2011,2012,84,DOCUMENTARY (Feature),Dan Lindsay and Rich Middlemas,Undefeated,,,
2011,2012,84,DOCUMENTARY (Short Subject),Daniel Junge and Sharmeen Obaid-Chinoy,Saving Face,,,
2011,2012,84,FILM EDITING,Kirk Baxter and Angus Wall,The Girl with the Dragon Tattoo,,,
2011,2012,84,FOREIGN LANGUAGE FILM,Iran,A Separation,,,
2011,2012,84,MAKEUP,Mark Coulier and J. Roy Helland,The Iron Lady,,,
2011,2012,84,MUSIC (Original Score),Ludovic Bource,The Artist,1970-08-19,Pontivy,France
2011,2012,84,MUSIC (Original Song),Bret McKenzie,The Muppets,1976-06-29,Wellington,New Zealand
2011,2012,84,BEST PICTURE,Thomas Langmann,The Artist,1971-05-24,Paris,France
2011,2012,84,BEST PICTURE,Producer,The Artist,,,
2011,2012,84,SHORT FILM (Animated),William Joyce and Brandon Oldenburg,The Fantastic Flying Books of Mr. Morris Lessmore,,,
2011,2012,84,SHORT FILM (Live Action),Terry George and Oorlagh George,The Shore,,,
2011,2012,84,SOUND EDITING,Philip Stockton and Eugene Gearty,Hugo,,,
2011,2012,84,SOUND MIXING,Tom Fleischman and John Midgley,Hugo,,,
2011,2012,84,VISUAL EFFECTS,Rob Legato,Hugo,,,
2011,2012,84,VISUAL EFFECTS,Joss Williams,Hugo,2000-01-01,Taplow,United Kingdom
2011,2012,84,VISUAL EFFECTS,Ben Grossmann and Alex Henning,Hugo,,,
2011,2012,84,WRITING (Adapted Screenplay),Alexander Payne and Nat Faxon,The Descendants,,,
2011,2012,84,WRITING (Adapted Screenplay),Jim Rash,The Descendants,1971-07-15,Charlotte,United States
2011,2012,84,WRITING (Original Screenplay),Woody Allen,Midnight in Paris,1935-11-30,The Bronx,United States
2011,2012,84,JEAN HERSHOLT HUMANITARIAN AWARD,Oprah Winfrey,,,,
2011,2012,84,HONORARY AWARD,James Earl Jones for his legacy of consistent excellence and uncommon versatility.,,1931-01-17,Arkabutla,United States
2011,2012,84,HONORARY AWARD,Dick Smith for his unparalleled mastery of texture,,1922-06-26,Larchmont,United States
2012,2013,85,ACTOR IN A LEADING ROLE,Daniel Day-Lewis,Lincoln,1957-04-29,Kensington,United Kingdom
2012,2013,85,ACTOR IN A SUPPORTING ROLE,Christoph Waltz,Django Unchained,1956-10-04,Vienna,Austria
2012,2013,85,ACTRESS IN A LEADING ROLE,Jennifer Lawrence,Silver Linings Playbook,1990-08-15,Indian Hills,United States
2012,2013,85,ACTRESS IN A SUPPORTING ROLE,Anne Hathaway,Les Misérables,1982-11-12,Brooklyn,United States
2012,2013,85,ANIMATED FEATURE FILM,Mark Andrews and Brenda Chapman,Brave,,,
2012,2013,85,CINEMATOGRAPHY,Claudio Miranda,Life of Pi,,,
2012,2013,85,COSTUME DESIGN,Jacqueline Durran,Anna Karenina,2000-01-01,London,United Kingdom
2012,2013,85,DIRECTING,Ang Lee,Life of Pi,1954-10-23,Chaojhou Township,Taiwan
2012,2013,85,DOCUMENTARY (Feature),Malik Bendjelloul and Simon Chinn,Searching for Sugar Man,,,
2012,2013,85,DOCUMENTARY (Short Subject),Sean Fine and Andrea Nix Fine,Inocente,,,
2012,2013,85,FILM EDITING,William Goldenberg,Argo,1959-11-02,United States,United States
2012,2013,85,FOREIGN LANGUAGE FILM,Austria,Amour,,,
2012,2013,85,MAKEUP AND HAIRSTYLING,Lisa Westcott and Julie Dartnell,Les Misérables,,,
2012,2013,85,MUSIC (Original Score),Mychael Danna,Life of Pi,1958-09-20,Winnipeg,Canada
2012,2013,85,MUSIC (Original Song),Adele Adkins and Paul Epworth,Skyfall,,,
2012,2013,85,BEST PICTURE,Grant Heslov,Argo,1963-05-15,Los Angeles,United States
2012,2013,85,BEST PICTURE,Ben Affleck and George Clooney,Argo,,,
2012,2013,85,BEST PICTURE,Producers,Argo,,,
2012,2013,85,PRODUCTION DESIGN,Production Design: Rick Carter,Lincoln,,,
2012,2013,85,PRODUCTION DESIGN,Set Decoration: Jim Erickson,Lincoln,,,
2012,2013,85,SHORT FILM (Animated),John Kahrs,Paperman,1967-01-01,Hudson Valley,United States
2012,2013,85,SHORT FILM (Live Action),Shawn Christensen,Curfew,,,
2012,2013,85,SOUND EDITING,Per Hallberg and Karen Baker Landers,Skyfall,,,
2012,2013,85,SOUND EDITING,Paul N.J. Ottosson,Zero Dark Thirty,,,
2012,2013,85,SOUND MIXING,Andy Nelson,Les Misérables,1953-01-01,London,United Kingdom
2012,2013,85,SOUND MIXING,Mark Paterson and Simon Hayes,Les Misérables,,,
2012,2013,85,VISUAL EFFECTS,Bill Westenhofer,Life of Pi,1968-01-01,,
2012,2013,85,VISUAL EFFECTS,Guillaume Rocheron,Life of Pi,2000-01-01,France,France
2012,2013,85,VISUAL EFFECTS,Erik-Jan De Boer and Donald R. Elliott,Life of Pi,,,
2012,2013,85,WRITING (Adapted Screenplay),Chris Terrio,Argo,1976-12-31,Staten Island,United States
2012,2013,85,WRITING (Original Screenplay),Quentin Tarantino,Django Unchained,,,
2012,2013,85,JEAN HERSHOLT HUMANITARIAN AWARD,Jeffrey Katzenberg,,,,
2012,2013,85,HONORARY AWARD,Hal Needham,,1931-03-06,Memphis,United States
2012,2013,85,HONORARY AWARD,D.A. Pennebaker,,,,
2012,2013,85,HONORARY AWARD,George Stevens,,1904-12-18,Oakland,United States
2013,2014,86,ACTOR IN A LEADING ROLE,Matthew McConaughey,Dallas Buyers Club,1969-11-04,Uvalde,United States
2013,2014,86,ACTOR IN A SUPPORTING ROLE,Jared Leto,Dallas Buyers Club,1971-12-26,Bossier City,United States
2013,2014,86,ACTRESS IN A LEADING ROLE,Cate Blanchett,Blue Jasmine,1969-05-14,Melbourne,Australia
2013,2014,86,ACTRESS IN A SUPPORTING ROLE,Lupita Nyong'o,12 Years a Slave,1983-03-01,Mexico City,Mexico
2013,2014,86,ANIMATED FEATURE FILM,Chris Buck,Frozen,1960-10-25,Wichita,United States
2013,2014,86,ANIMATED FEATURE FILM,Jennifer Lee and Peter Del Vecho,Frozen,,,
2013,2014,86,CINEMATOGRAPHY,Emmanuel Lubezki,Gravity,1964-11-30,Mexico City,Mexico
2013,2014,86,COSTUME DESIGN,Catherine Martin,The Great Gatsby,1965-01-26,Lindfield,Australia
2013,2014,86,DIRECTING,Alfonso Cuarón,Gravity,1961-11-28,Mexico City,Mexico
2013,2014,86,DOCUMENTARY (Feature),Morgan Neville,20 Feet from Stardom,1967-10-10,Los Angeles,United States
2013,2014,86,DOCUMENTARY (Feature),Gil Friesen and Caitrin Rogers,20 Feet from Stardom,,,
2013,2014,86,DOCUMENTARY (Short Subject),Malcolm Clarke and Nicholas Reed,The Lady in Number 6: Music Saved My Life,,,
2013,2014,86,FILM EDITING,Alfonso Cuarón and Mark Sanger,Gravity,,,
2013,2014,86,FOREIGN LANGUAGE FILM,Italy,The Great Beauty,,,
2013,2014,86,MAKEUP AND HAIRSTYLING,Adruitha Lee and Robin Mathews,Dallas Buyers Club,,,
2013,2014,86,MUSIC (Original Score),Steven Price,Gravity,1977-04-22,Nottingham,United Kingdom
2013,2014,86,MUSIC (Original Song),Kristen Anderson-Lopez and Robert Lopez,Frozen,,,
2013,2014,86,BEST PICTURE,Brad Pitt,12 Years a Slave,1963-12-18,Shawnee,United States
2013,2014,86,BEST PICTURE,Dede Gardner,12 Years a Slave,1967-10-16,Winnetka,United States
2013,2014,86,BEST PICTURE,Jeremy Kleiner,12 Years a Slave,1976-01-01,,
2013,2014,86,BEST PICTURE,Steve McQueen and Anthony Katagas,12 Years a Slave,,,
2013,2014,86,BEST PICTURE,Producers,12 Years a Slave,,,
2013,2014,86,PRODUCTION DESIGN,Production Design: Catherine Martin,The Great Gatsby,,,
2013,2014,86,PRODUCTION DESIGN,Set Decoration: Beverley Dunn,The Great Gatsby,,,
2013,2014,86,SHORT FILM (Animated),Laurent Witz and Alexandre Espigares,Mr. Hublot,,,
2013,2014,86,SHORT FILM (Live Action),Anders Walter and Kim Magnusson,Helium,,,
2013,2014,86,SOUND EDITING,Glenn Freemantle,Gravity,,,
2013,2014,86,SOUND MIXING,Skip Lievsay,Gravity,2000-01-01,,
2013,2014,86,SOUND MIXING,Niv Adiri,Gravity,2000-01-01,Central District,Israel
2013,2014,86,SOUND MIXING,Christopher Benstead and Chris Munro,Gravity,,,
2013,2014,86,VISUAL EFFECTS,Tim Webber,Gravity,1964-12-04,London,United Kingdom
2013,2014,86,VISUAL EFFECTS,Chris Lawrence,Gravity,,,
2013,2014,86,VISUAL EFFECTS,David Shirk and Neil Corbould,Gravity,,,
2013,2014,86,WRITING (Adapted Screenplay),John Ridley,12 Years a Slave,1965-10-01,Milwaukee,United States
2013,2014,86,WRITING (Original Screenplay),Spike Jonze,Her,1969-10-22,Rockville,United States
2013,2014,86,JEAN HERSHOLT HUMANITARIAN AWARD,Angelina Jolie,,1975-06-04,Los Angeles,United States
2013,2014,86,HONORARY AWARD,Angela Lansbury,,1925-10-16,St Pancras,United Kingdom
2013,2014,86,HONORARY AWARD,Steve Martin in recognition of his extraordinary talents and the unique inspiration he has brought to the art of motion pictures.,,1945-08-14,Waco,United States
2013,2014,86,HONORARY AWARD,Piero si,,,,
2014,2015,87,ACTOR IN A LEADING ROLE,Eddie Redmayne,The Theory of Everything,1982-01-06,London,United Kingdom
2014,2015,87,ACTOR IN A SUPPORTING ROLE,J.K. Simmons,Whiplash,,,
2014,2015,87,ACTRESS IN A LEADING ROLE,Julianne Moore,Still Alice,1960-12-03,Fort Bragg,United States
2014,2015,87,ACTRESS IN A SUPPORTING ROLE,Patricia Arquette,Boyhood,1968-04-08,Chicago,United States
2014,2015,87,ANIMATED FEATURE FILM,Don Hall,Big Hero 6,1969-03-08,Glenwood,United States
2014,2015,87,ANIMATED FEATURE FILM,Chris Williams and Roy Conli,Big Hero 6,,,
2014,2015,87,CINEMATOGRAPHY,Emmanuel Lubezki,Birdman or (The Unexpected Virtue of Ignorance),1964-11-30,Mexico City,Mexico
2014,2015,87,COSTUME DESIGN,Milena Canonero,The Grand Budapest Hotel,1949-07-13,Turin,Italy
2014,2015,87,DIRECTING,Alejandro G. Iñárritu,Birdman or (The Unexpected Virtue of Ignorance),,,
2014,2015,87,DOCUMENTARY (Feature),Laura Poitras,CitizenFour,1964-02-02,Boston,United States
2014,2015,87,DOCUMENTARY (Feature),Mathilde Bonnefoy and Dirk Wilutzky,CitizenFour,,,
2014,2015,87,DOCUMENTARY (Short Subject),Ellen Goosenberg Kent and Dana Perry,Crisis Hotline: Veterans Press 1,,,
2014,2015,87,FILM EDITING,Tom Cross,Whiplash,2000-01-01,Milwaukee,United States
2014,2015,87,FOREIGN LANGUAGE FILM,Poland,Ida,,,
2014,2015,87,MAKEUP AND HAIRSTYLING,Frances Hannon and Mark Coulier,The Grand Budapest Hotel,,,
2014,2015,87,MUSIC (Original Score),Alexandre Desplat,The Grand Budapest Hotel,1961-08-23,20th arrondissement of Paris,France
2014,2015,87,MUSIC (Original Song),John Stephens and Lonnie Lynn,Selma,,,
2014,2015,87,BEST PICTURE,Alejandro G. Iñárritu,Birdman or (The Unexpected Virtue of Ignorance),,,
2014,2015,87,BEST PICTURE,John Lesher and James W. Skotchdopole,Birdman or (The Unexpected Virtue of Ignorance),,,
2014,2015,87,BEST PICTURE,Producers,Birdman or (The Unexpected Virtue of Ignorance),,,
2014,2015,87,PRODUCTION DESIGN,Production Design: Adam Stockhausen,The Grand Budapest Hotel,,,
2014,2015,87,PRODUCTION DESIGN,Set Decoration: Anna Pinnock,The Grand Budapest Hotel,,,
2014,2015,87,SHORT FILM (Animated),Patrick Osborne and Kristina Reed,Feast,,,
2014,2015,87,SHORT FILM (Live Action),Mat Kirkby and James Lucas,The Phone Call,,,
2014,2015,87,SOUND EDITING,Alan Robert Murray and Bub Asman,American Sniper,,,
2014,2015,87,SOUND MIXING,Craig Mann,Whiplash,2000-01-01,Oakville,Canada
2014,2015,87,SOUND MIXING,Ben Wilkins and Thomas Curley,Whiplash,,,
2014,2015,87,VISUAL EFFECTS,Paul Franklin,Interstellar,1966-01-01,Cheshire,United Kingdom
2014,2015,87,VISUAL EFFECTS,Andrew Lockley,Interstellar,1971-05-05,London,United Kingdom
2014,2015,87,VISUAL EFFECTS,Ian Hunter and Scott Fisher,Interstellar,,,
2014,2015,87,WRITING (Adapted Screenplay),Graham Moore,The Imitation Game,1981-10-18,Chicago,United States
2014,2015,87,WRITING (Original Screenplay),Alejandro G. Iñárritu,Birdman or (The Unexpected Virtue of Ignorance),,,
2014,2015,87,WRITING (Original Screenplay),Nicolás Giacobone,Birdman or (The Unexpected Virtue of Ignorance),1975-01-01,Buenos Aires,Argentina
2014,2015,87,WRITING (Original Screenplay),Alexander Dinelaris,Birdman or (The Unexpected Virtue of Ignorance),,,
2014,2015,87,WRITING (Original Screenplay),Jr.,Birdman or (The Unexpected Virtue of Ignorance),,,
2014,2015,87,WRITING (Original Screenplay),Armando Bo,Birdman or (The Unexpected Virtue of Ignorance),,,
2014,2015,87,JEAN HERSHOLT HUMANITARIAN AWARD,Harry Belafonte,,,,
2014,2015,87,HONORARY AWARD,Jean-Claude Carrière,,1931-09-17,Colombières-sur-Orb,France
2014,2015,87,HONORARY AWARD,Hayao Miyazaki,,1941-01-05,Bunkyō-ku,Japan
2014,2015,87,HONORARY AWARD,Maureen O'Hara,,1920-08-17,Ranelagh,Ireland
2015,2016,88,ACTOR IN A LEADING ROLE,Leonardo DiCaprio,The Revenant,1974-11-11,Los Angeles,United States
2015,2016,88,ACTOR IN A SUPPORTING ROLE,Mark Rylance,Bridge of Spies,1960-01-18,Ashford,United Kingdom
2015,2016,88,ACTRESS IN A LEADING ROLE,Brie Larson,Room,1989-10-01,Sacramento,United States
2015,2016,88,ACTRESS IN A SUPPORTING ROLE,Alicia Vikander,The Danish Girl,1988-10-03,Johannebergs församling,Sweden
2015,2016,88,ANIMATED FEATURE FILM,Pete Docter and Jonas Rivera,Inside Out,,,
2015,2016,88,CINEMATOGRAPHY,Emmanuel Lubezki,The Revenant,1964-11-30,Mexico City,Mexico
2015,2016,88,COSTUME DESIGN,Jenny Beavan,Mad Max: Fury Road,1950-08-03,London,United Kingdom
2015,2016,88,DIRECTING,Alejandro G. Iñárritu,The Revenant,,,
2015,2016,88,DOCUMENTARY (Feature),Asif Kapadia and James Gay-Rees,Amy,,,
2015,2016,88,DOCUMENTARY (Short Subject),Sharmeen Obaid-Chinoy,A Girl in the River: The Price of Forgiveness,1978-11-12,Karachi,Pakistan
2015,2016,88,FILM EDITING,Margaret Sixel,Mad Max: Fury Road,1950-01-01,South Africa,South Africa
2015,2016,88,FOREIGN LANGUAGE FILM,Hungary,Son of Saul,,,
2015,2016,88,MAKEUP AND HAIRSTYLING,Lesley Vanderwalt,Mad Max: Fury Road,1950-01-01,New Zealand,New Zealand
2015,2016,88,MAKEUP AND HAIRSTYLING,Elka Wardega and Damian Martin,Mad Max: Fury Road,,,
2015,2016,88,MUSIC (Original Score),Ennio Morricone,The Hateful Eight,1928-11-10,Rome,Italy
2015,2016,88,MUSIC (Original Song),Jimmy Napes and Sam Smith,Spectre,,,
2015,2016,88,BEST PICTURE,Michael Sugar,Spotlight,2000-01-01,,
2015,2016,88,BEST PICTURE,Steve Golin,Spotlight,1955-03-06,Geneva,United States
2015,2016,88,BEST PICTURE,Nicole Rocklin and Blye Pagon Faust,Spotlight,,,
2015,2016,88,BEST PICTURE,Producers,Spotlight,,,
2015,2016,88,PRODUCTION DESIGN,Production Design: Colin Gibson,Mad Max: Fury Road,,,
2015,2016,88,PRODUCTION DESIGN,Set Decoration: Lisa Thompson,Mad Max: Fury Road,,,
2015,2016,88,SHORT FILM (Animated),Gabriel Osorio and Pato Escala,Bear Story,,,
2015,2016,88,SHORT FILM (Live Action),Benjamin Cleary and Serena Armitage,Stutterer,,,
2015,2016,88,SOUND EDITING,Mark Mangini and David White,Mad Max: Fury Road,,,
2015,2016,88,SOUND MIXING,Chris Jenkins,Mad Max: Fury Road,1950-01-01,United States,United States
2015,2016,88,SOUND MIXING,Gregg Rudloff and Ben Osmo,Mad Max: Fury Road,,,
2015,2016,88,VISUAL EFFECTS,Andrew Whitehurst,Ex Machina,1950-01-01,United Kingdom,United Kingdom
2015,2016,88,VISUAL EFFECTS,Paul Norris,Ex Machina,1950-01-01,,
2015,2016,88,VISUAL EFFECTS,Mark Ardington and Sara Bennett,Ex Machina,,,
2015,2016,88,WRITING (Adapted Screenplay),Charles Randolph and Adam McKay,The Big Short,,,
2015,2016,88,WRITING (Original Screenplay),Josh Singer,Spotlight,1972-01-01,Philadelphia,United States
2015,2016,88,WRITING (Original Screenplay),Tom McCarthy,Spotlight,1966-06-07,Union County,United States
2015,2016,88,JEAN HERSHOLT HUMANITARIAN AWARD,Debbie Reynolds,,,,
2015,2016,88,HONORARY AWARD,Spike Lee,,1957-03-20,Atlanta,United States
2015,2016,88,HONORARY AWARD,Gena Rowlands,,1930-06-19,Madison,United States
2016,2017,89,ACTOR IN A LEADING ROLE,Casey Affleck,Manchester by the Sea,1975-08-12,Falmouth,United States
2016,2017,89,ACTOR IN A SUPPORTING ROLE,Mahershala Ali,Moonlight,1974-02-16,Oakland,United States
2016,2017,89,ACTRESS IN A LEADING ROLE,Emma Stone,La La Land,1988-11-06,Scottsdale,United States
2016,2017,89,ACTRESS IN A SUPPORTING ROLE,Viola Davis,Fences,1965-08-11,St. Matthews,United States
2016,2017,89,ANIMATED FEATURE FILM,Byron Howard,Zootopia,1968-12-26,Misawa,Japan
2016,2017,89,ANIMATED FEATURE FILM,Rich Moore and Clark Spencer,Zootopia,,,
2016,2017,89,CINEMATOGRAPHY,Linus Sandgren,La La Land,1972-12-05,Stockholm,Sweden
2016,2017,89,COSTUME DESIGN,Colleen Atwood,Fantastic Beasts and Where to Find Them,1948-09-25,Yakima,United States
2016,2017,89,DIRECTING,Damien Chazelle,La La Land,1985-01-19,Providence,United States
2016,2017,89,DOCUMENTARY (Feature),Ezra Edelman and Caroline Waterlow,O.J.: Made in America,,,
2016,2017,89,DOCUMENTARY (Short Subject),Orlando von Einsiedel and Joanna Natasegara,The White Helmets,,,
2016,2017,89,FILM EDITING,John Gilbert,Hacksaw Ridge,2000-01-01,,
2016,2017,89,FOREIGN LANGUAGE FILM,Iran,The Salesman,,,
2016,2017,89,MAKEUP AND HAIRSTYLING,Alessandro Bertolazzi,Suicide Squad,1958-02-16,Casanova Elvo,Italy
2016,2017,89,MAKEUP AND HAIRSTYLING,Giorgio Gregorini and Christopher Nelson,Suicide Squad,,,
2016,2017,89,MUSIC (Original Score),Justin Hurwitz,La La Land,1985-01-22,Los Angeles,United States
2016,2017,89,MUSIC (Original Song),Justin Hurwitz,La La Land,1985-01-22,Los Angeles,United States
2016,2017,89,MUSIC (Original Song),Benj Pasek and Justin Paul,La La Land,,,
2016,2017,89,BEST PICTURE,Adele Romanski,Moonlight,1982-11-10,Sarasota,United States
2016,2017,89,BEST PICTURE,Dede Gardner and Jeremy Kleiner,Moonlight,,,
2016,2017,89,BEST PICTURE,Producers,Moonlight,,,
2016,2017,89,PRODUCTION DESIGN,Production Design: David Wasco,La La Land,,,
2016,2017,89,PRODUCTION DESIGN,Set Decoration: Sandy Reynolds-Wasco,La La Land,,,
2016,2017,89,SHORT FILM (Animated),Alan Barillaro and Marc Sondheimer,Piper,,,
2016,2017,89,SHORT FILM (Live Action),Kristof Deák and Anna Udvardy,Sing,,,
2016,2017,89,SOUND EDITING,Sylvain Bellemare,Arrival,,,
2016,2017,89,SOUND MIXING,Kevin O'Connell,Hacksaw Ridge,1957-11-27,Long Island,United States
2016,2017,89,SOUND MIXING,Andy Wright,Hacksaw Ridge,1950-01-01,,
2016,2017,89,SOUND MIXING,Robert Mackenzie and Peter Grace,Hacksaw Ridge,,,
2016,2017,89,VISUAL EFFECTS,Robert Legato,The Jungle Book,1956-05-06,Monmouth County,United States
2016,2017,89,VISUAL EFFECTS,Adam Valdez,The Jungle Book,2000-01-01,,
2016,2017,89,VISUAL EFFECTS,Andrew R. Jones and Dan Lemmon,The Jungle Book,,,
2016,2017,89,WRITING (Adapted Screenplay),Barry Jenkins,Moonlight,1979-11-19,Miami,United States
2016,2017,89,WRITING (Adapted Screenplay),Tarell Alvin McCraney,Moonlight,1980-10-17,Liberty City,United States
2016,2017,89,WRITING (Original Screenplay),Kenneth Lonergan,Manchester by the Sea,1962-10-16,New York City,United States
2016,2017,89,HONORARY AWARD,Jackie Chan,,1954-04-07,Victoria Peak,People's Republic of China
2016,2017,89,HONORARY AWARD,Anne V. Coates,,1925-12-12,Reigate,United Kingdom
2016,2017,89,HONORARY AWARD,Lynn Stalmaster,,1927-11-17,Omaha,United States
2016,2017,89,HONORARY AWARD,Frederick Wiseman,,1930-01-01,Boston,United States
2017,2018,90,ACTOR IN A LEADING ROLE,Gary Oldman,Darkest Hour,1958-03-21,London,United Kingdom
2017,2018,90,ACTOR IN A SUPPORTING ROLE,Sam Rockwell,"Three Billboards outside Ebbing, Missouri",1968-11-05,Daly City,United States
2017,2018,90,ACTRESS IN A LEADING ROLE,Frances McDormand,"Three Billboards outside Ebbing, Missouri",1957-06-23,Gibson City,United States
2017,2018,90,ACTRESS IN A SUPPORTING ROLE,Allison Janney,"I, Tonya",1959-11-19,Boston,United States
2017,2018,90,ANIMATED FEATURE FILM,Lee Unkrich and Darla K. Anderson,Coco,,,
2017,2018,90,CINEMATOGRAPHY,Roger A. Deakins,Blade Runner 2049,,,
2017,2018,90,COSTUME DESIGN,Mark Bridges,Phantom Thread,2000-01-01,Niagara Falls,United States
2017,2018,90,DIRECTING,Guillermo del Toro,The Shape of Water,1964-10-09,Guadalajara,Mexico
2017,2018,90,DOCUMENTARY (Feature),Bryan Fogel and Dan Cogan,Icarus,,,
2017,2018,90,DOCUMENTARY (Short Subject),Frank Stiefel,Heaven Is a Traffic Jam on the 405,1950-01-01,New York City,United States
2017,2018,90,FILM EDITING,Lee Smith,Dunkirk,1960-06-10,Sydney,Australia
2017,2018,90,FOREIGN LANGUAGE FILM,Chile,A Fantastic Woman,,,
2017,2018,90,MAKEUP AND HAIRSTYLING,Kazuhiro Tsuji,Darkest Hour,,,
2017,2018,90,MAKEUP AND HAIRSTYLING,David Malinowski and Lucy Sibbick,Darkest Hour,,,
2017,2018,90,MUSIC (Original Score),Alexandre Desplat,The Shape of Water,1961-08-23,20th arrondissement of Paris,France
2017,2018,90,MUSIC (Original Song),Kristen Anderson-Lopez and Robert Lopez,Coco,,,
2017,2018,90,BEST PICTURE,Guillermo del Toro and J. Miles Dale,The Shape of Water,,,
2017,2018,90,BEST PICTURE,Producers,The Shape of Water,,,
2017,2018,90,PRODUCTION DESIGN,Production Design: Paul Denham Austerberry,The Shape of Water,,,
2017,2018,90,PRODUCTION DESIGN,Set Decoration: Shane Vieau and Jeffrey A. Melvin,The Shape of Water,,,
2017,2018,90,SHORT FILM (Animated),Glen Keane and Kobe Bryant,Dear Basketball,,,
2017,2018,90,SHORT FILM (Live Action),Chris Overton and Rachel Shenton,The Silent Child,,,
2017,2018,90,SOUND EDITING,Richard King and Alex Gibson,Dunkirk,,,
2017,2018,90,SOUND MIXING,Gregg Landaker,Dunkirk,2000-01-01,Los Angeles,United States
2017,2018,90,SOUND MIXING,Gary A. Rizzo and Mark Weingarten,Dunkirk,,,
2017,2018,90,VISUAL EFFECTS,John Nelson,Blade Runner 2049,1953-07-21,Detroit,United States
2017,2018,90,VISUAL EFFECTS,Gerd Nefzer,Blade Runner 2049,1966-01-01,Germany,Germany
2017,2018,90,VISUAL EFFECTS,Paul Lambert and Richard R. Hoover,Blade Runner 2049,,,
2017,2018,90,WRITING (Adapted Screenplay),James Ivory,Call Me by Your Name,1928-06-07,Berkeley,United States
2017,2018,90,WRITING (Original Screenplay),Jordan Peele,Get Out,1979-02-21,New York City,United States
2017,2018,90,SPECIAL AWARD,Alejandro G. Iñárritu's CARNE y ARENA virtual reality installation,,,,
2017,2018,90,HONORARY AWARD,Charles Burnett,,1944-04-13,Vicksburg,United States
2017,2018,90,HONORARY AWARD,Owen Roizman,,1936-09-22,Brooklyn,United States
2017,2018,90,HONORARY AWARD,Donald Sutherland for a lifetime of indelible characters,,,,
2017,2018,90,HONORARY AWARD,Agnès Varda,,1928-05-30,Ixelles,Belgium
2018,2019,91,ACTOR IN A LEADING ROLE,Rami Malek,Bohemian Rhapsody,1981-05-12,Los Angeles,United States
2018,2019,91,ACTOR IN A SUPPORTING ROLE,Mahershala Ali,Green Book,1974-02-16,Oakland,United States
2018,2019,91,ACTRESS IN A LEADING ROLE,Olivia Colman,The Favourite,1974-01-30,Norwich,United Kingdom
2018,2019,91,ACTRESS IN A SUPPORTING ROLE,Regina King,If Beale Street Could Talk,1971-01-15,Los Angeles,United States
2018,2019,91,ANIMATED FEATURE FILM,Bob Persichetti,Spider-Man: Into the Spider-Verse,1973-01-17,San Diego,United States
2018,2019,91,ANIMATED FEATURE FILM,Peter Ramsey,Spider-Man: Into the Spider-Verse,1962-12-23,Crenshaw,United States
2018,2019,91,ANIMATED FEATURE FILM,Rodney Rothman,Spider-Man: Into the Spider-Verse,,United States,United States
2018,2019,91,ANIMATED FEATURE FILM,Phil Lord and Christopher Miller,Spider-Man: Into the Spider-Verse,,,
2018,2019,91,CINEMATOGRAPHY,Alfonso Cuarón,Roma,1961-11-28,Mexico City,Mexico
2018,2019,91,COSTUME DESIGN,Ruth Carter,Black Panther,,,
2018,2019,91,DIRECTING,Alfonso Cuarón,Roma,1961-11-28,Mexico City,Mexico
2018,2019,91,DOCUMENTARY (Feature),Elizabeth Chai Vasarhelyi,Free Solo,1979-01-01,New York City,United States
2018,2019,91,DOCUMENTARY (Feature),Jimmy Chin,Free Solo,1973-10-12,Mankato,United States
2018,2019,91,DOCUMENTARY (Feature),Evan Hayes and Shannon Dill,Free Solo,,,
2018,2019,91,DOCUMENTARY (Short Subject),Rayka Zehtabchi and Melissa Berton,Period. End of Sentence.,,,
2018,2019,91,FILM EDITING,John Ottman,Bohemian Rhapsody,,,
2018,2019,91,FOREIGN LANGUAGE FILM,Mexico,Roma,,,
2018,2019,91,MAKEUP AND HAIRSTYLING,Greg Cannom,Vice,1951-03-04,"Washington, D.C.",United States
2018,2019,91,MAKEUP AND HAIRSTYLING,Kate Biscoe and Patricia Dehaney,Vice,,,
2018,2019,91,MUSIC (Original Score),Ludwig Goransson,Black Panther,,,
2018,2019,91,MUSIC (Original Song),Lady Gaga,A Star Is Born,1986-03-28,Lenox Hill Hospital,United States
2018,2019,91,MUSIC (Original Song),Mark Ronson,A Star Is Born,1975-09-04,London,United Kingdom
2018,2019,91,MUSIC (Original Song),Anthony Rossomando and Andrew Wyatt,A Star Is Born,,,
2018,2019,91,BEST PICTURE,Jim Burke,Green Book,1957-12-11,Minneapolis,United States
2018,2019,91,BEST PICTURE,Charles B. Wessler,Green Book,1955-05-16,Los Angeles,United States
2018,2019,91,BEST PICTURE,Brian Currie,Green Book,1961-01-01,,
2018,2019,91,BEST PICTURE,Peter Farrelly and Nick Vallelonga,Green Book,,,
2018,2019,91,BEST PICTURE,Producers,Green Book,,,
2018,2019,91,PRODUCTION DESIGN,Production Design: Hannah Beachler,Black Panther,,,
2018,2019,91,PRODUCTION DESIGN,Set Decoration: Jay Hart,Black Panther,,,
2018,2019,91,SHORT FILM (Animated),Domee Shi and Becky Neiman-Cobb,Bao,,,
2018,2019,91,SHORT FILM (Live Action),Guy Nattiv and Jaime Ray Newman,Skin,,,
2018,2019,91,SOUND EDITING,John Warhurst and Nina Hartstone,Bohemian Rhapsody,,,
2018,2019,91,SOUND MIXING,Paul Massey,Bohemian Rhapsody,1958-02-10,Lewisham,United Kingdom
2018,2019,91,SOUND MIXING,Tim Cavagin and John Casali,Bohemian Rhapsody,,,
2018,2019,91,VISUAL EFFECTS,Paul Lambert,First Man,1969-08-07,Glasgow,United Kingdom
2018,2019,91,VISUAL EFFECTS,Ian Hunter,First Man,2000-01-01,,
2018,2019,91,VISUAL EFFECTS,Tristan Myles and J.D. Schwalm,First Man,,,
2018,2019,91,WRITING (Adapted Screenplay),Charlie Wachtel,BlacKkKlansman,1950-01-01,East Brunswick,United States
2018,2019,91,WRITING (Adapted Screenplay),David Rabinowitz and Kevin Willmott,BlacKkKlansman,,,
2018,2019,91,WRITING (Adapted Screenplay),Spike Lee,BlacKkKlansman,1957-03-20,Atlanta,United States
2018,2019,91,WRITING (Original Screenplay),Nick Vallelonga,Green Book,1959-09-13,New York City,United States
2018,2019,91,WRITING (Original Screenplay),Brian Currie,Green Book,1961-01-01,,
2018,2019,91,WRITING (Original Screenplay),Peter Farrelly,Green Book,1956-12-17,Phoenixville,United States
2018,2019,91,HONORARY AWARD,Marvin Levy,,1928-11-16,New York City,United States
2018,2019,91,HONORARY AWARD,Lalo Schifrin,,1932-06-21,Buenos Aires,Argentina
2018,2019,91,HONORARY AWARD,Cicely Tyson,,1924-12-19,The Bronx,United States
2018,2019,91,IRVING G. THALBERG MEMORIAL AWARD,Kathleen Kennedy and Frank Marshall,,,,
2019,2020,92,ACTOR IN A LEADING ROLE,Joaquin Phoenix,Joker,1974-10-28,San Juan,United States
2019,2020,92,ACTOR IN A SUPPORTING ROLE,Brad Pitt,Once upon a Time...in Hollywood,1963-12-18,Shawnee,United States
2019,2020,92,ACTRESS IN A LEADING ROLE,Renée Zellweger,Judy,1969-04-25,Katy,United States
2019,2020,92,ACTRESS IN A SUPPORTING ROLE,Laura Dern,Marriage Story,1967-02-10,Los Angeles,United States
2019,2020,92,ANIMATED FEATURE FILM,Josh Cooley,Toy Story 4,,,
2019,2020,92,ANIMATED FEATURE FILM,Mark Nielsen and Jonas Rivera,Toy Story 4,,,
2019,2020,92,CINEMATOGRAPHY,Roger Deakins,1917,1949-05-24,Torquay,United Kingdom
2019,2020,92,COSTUME DESIGN,Jacqueline Durran,Little Women,2000-01-01,London,United Kingdom
2019,2020,92,DIRECTING,Bong Joon Ho,Parasite,,,
2019,2020,92,DOCUMENTARY (Feature),Steven Bognar,American Factory,1963-01-01,Milwaukee County,United States
2019,2020,92,DOCUMENTARY (Feature),Julia Reichert and Jeff Reichert,American Factory,,,
2019,2020,92,DOCUMENTARY (Short Subject),Carol Dysinger and Elena Andreicheva,Learning to Skateboard in a Warzone (If You're a Girl),,,
2019,2020,92,FILM EDITING,Michael McCusker and Andrew Buckland,Ford v Ferrari,,,
2019,2020,92,INTERNATIONAL FEATURE FILM,South Korea,Parasite,,,
2019,2020,92,MAKEUP AND HAIRSTYLING,Kazu Hiro,Bombshell,1969-05-25,Kyoto,Japan
2019,2020,92,MAKEUP AND HAIRSTYLING,Anne Morgan and Vivian Baker,Bombshell,,,
2019,2020,92,MUSIC (Original Score),Hildur Guðnadóttir,Joker,1982-09-04,Reykjavík,Iceland
2019,2020,92,MUSIC (Original Song),Elton John,Rocketman,1947-03-25,Pinner,United Kingdom
2019,2020,92,MUSIC (Original Song),Bernie Taupin,Rocketman,1950-05-22,Ruskington,United Kingdom
2019,2020,92,BEST PICTURE,Kwak Sin Ae and Bong Joon Ho,Parasite,,,
2019,2020,92,BEST PICTURE,Producers,Parasite,,,
2019,2020,92,PRODUCTION DESIGN,Production Design: Barbara Ling,Once upon a Time...in Hollywood,,,
2019,2020,92,PRODUCTION DESIGN,Set Decoration: Nancy Haigh,Once upon a Time...in Hollywood,,,
2019,2020,92,SHORT FILM (Animated),Matthew A. Cherry and Karen Rupert Toliver,Hair Love,,,
2019,2020,92,SHORT FILM (Live Action),Marshall Curry,The Neighbors' Window,,,
2019,2020,92,SOUND EDITING,Donald Sylvester,Ford v Ferrari,2000-01-01,New Jersey,United States
2019,2020,92,SOUND MIXING,Mark Taylor and Stuart Wilson,1917,,,
2019,2020,92,VISUAL EFFECTS,Guillaume Rocheron,1917,2000-01-01,France,France
2019,2020,92,VISUAL EFFECTS,Greg Butler and Dominic Tuohy,1917,,,
2019,2020,92,WRITING (Adapted Screenplay),Taika Waititi,Jojo Rabbit,1975-08-16,Wellington,New Zealand
2019,2020,92,WRITING (Original Screenplay),Bong Joon Ho,Parasite,,,
2019,2020,92,WRITING (Original Screenplay),Han Jin Won,Parasite,,,
2019,2020,92,WRITING (Original Screenplay),Bong Joon Ho,Parasite,,,
2019,2020,92,JEAN HERSHOLT HUMANITARIAN AWARD,Geena Davis,,1956-01-21,Wareham,United States
2019,2020,92,HONORARY AWARD,David Lynch,,1946-01-20,Missoula,United States
2019,2020,92,HONORARY AWARD,Wes Studi,,1947-12-17,Tahlequah,United States
2019,2020,92,HONORARY AWARD,Lina Wertmüller,,1928-08-14,Rome,Italy
2020,2021,93,ACTOR IN A LEADING ROLE,Anthony Hopkins,The Father,1937-12-31,Port Talbot,United Kingdom
2020,2021,93,ACTOR IN A SUPPORTING ROLE,Daniel Kaluuya,Judas and the Black Messiah,1989-02-24,Camden Town,United Kingdom
2020,2021,93,ACTRESS IN A LEADING ROLE,Frances McDormand,Nomadland,1957-06-23,Gibson City,United States
2020,2021,93,ACTRESS IN A SUPPORTING ROLE,Yuh-Jung Youn,Minari,,,
2020,2021,93,ANIMATED FEATURE FILM,Pete Docter and Dana Murray,Soul,,,
2020,2021,93,CINEMATOGRAPHY,Erik Messerschmidt,Mank,1980-10-23,Cape Elizabeth,United States
2020,2021,93,COSTUME DESIGN,Ann Roth,Ma Rainey's Black Bottom,1931-10-30,Hanover,United States
2020,2021,93,DIRECTING,Chloé Zhao,Nomadland,1982-03-31,Beijing,People's Republic of China
2020,2021,93,DOCUMENTARY (Feature),Pippa Ehrlich,My Octopus Teacher,,,
2020,2021,93,DOCUMENTARY (Feature),James Reed and Craig Foster,My Octopus Teacher,,,
2020,2021,93,DOCUMENTARY (Short Subject),Anthony Giacchino and Alice Doyard,Colette,,,
2020,2021,93,FILM EDITING,Mikkel E. G. Nielsen,Sound of Metal,,,
2020,2021,93,INTERNATIONAL FEATURE FILM,Denmark,Another Round,,,
2020,2021,93,MAKEUP AND HAIRSTYLING,Sergio Lopez-Rivera,Ma Rainey's Black Bottom,,,
2020,2021,93,MAKEUP AND HAIRSTYLING,Mia Neal and Jamika Wilson,Ma Rainey's Black Bottom,,,
2020,2021,93,MUSIC (Original Score),Trent Reznor,Soul,1965-05-17,New Castle,United States
2020,2021,93,MUSIC (Original Score),Atticus Ross and Jon Batiste,Soul,,,
2020,2021,93,MUSIC (Original Song),H.E.R. and Dernst Emile II,Judas and the Black Messiah,,,
2020,2021,93,MUSIC (Original Song),H.E.R. and Tiara Thomas,Judas and the Black Messiah,,,
2020,2021,93,BEST PICTURE,Frances McDormand,Nomadland,1957-06-23,Gibson City,United States
2020,2021,93,BEST PICTURE,Peter Spears,Nomadland,2000-01-01,Kansas City,United States
2020,2021,93,BEST PICTURE,Mollye Asher,Nomadland,2000-01-01,Miami,United States
2020,2021,93,BEST PICTURE,Dan Janvey and Chloé Zhao,Nomadland,,,
2020,2021,93,BEST PICTURE,Producers,Nomadland,,,
2020,2021,93,PRODUCTION DESIGN,Production Design: Donald Graham Burt,Mank,,,
2020,2021,93,PRODUCTION DESIGN,Set Decoration: Jan Pascale,Mank,,,
2020,2021,93,SHORT FILM (Animated),Will McCormack and Michael Govier,If Anything Happens I Love You,,,
2020,2021,93,SHORT FILM (Live Action),Travon Free and Martin Desmond Roe,Two Distant Strangers,,,
2020,2021,93,SOUND,Nicolas Becker,Sound of Metal,1970-01-01,,
2020,2021,93,SOUND,Jaime Baksht,Sound of Metal,1969-01-01,Mexico City,Mexico
2020,2021,93,SOUND,Michellee Couttolenc,Sound of Metal,,,
2020,2021,93,SOUND,Carlos Cortés and Phillip Bladh,Sound of Metal,,,
2020,2021,93,VISUAL EFFECTS,Andrew Jackson,Tenet,1950-01-01,Australia,Australia
2020,2021,93,VISUAL EFFECTS,David Lee,Tenet,1938-01-01,Scotland,United Kingdom
2020,2021,93,VISUAL EFFECTS,Andrew Lockley and Scott Fisher,Tenet,,,
2020,2021,93,WRITING (Adapted Screenplay),Christopher Hampton and Florian Zeller,The Father,,,
2020,2021,93,WRITING (Original Screenplay),Emerald Fennell,Promising Young Woman,1985-10-01,London,United Kingdom
2020,2021,93,JEAN HERSHOLT HUMANITARIAN AWARD,,,,,
2020,2021,93,JEAN HERSHOLT HUMANITARIAN AWARD,,,,,
2021,2022,94,ACTOR IN A LEADING ROLE,Will Smith,King Richard,1968-09-25,Philadelphia,United States
2021,2022,94,ACTOR IN A SUPPORTING ROLE,Troy Kotsur,CODA,1968-07-24,Mesa,United States
2021,2022,94,ACTRESS IN A LEADING ROLE,Jessica Chastain,The Eyes of Tammy Faye,1977-03-24,Sacramento,United States
2021,2022,94,ACTRESS IN A SUPPORTING ROLE,Ariana DeBose,West Side Story,1991-01-25,Wilmington,United States
2021,2022,94,ANIMATED FEATURE FILM,Jared Bush,Encanto,1974-06-12,Gaithersburg,United States
2021,2022,94,ANIMATED FEATURE FILM,Byron Howard,Encanto,1968-12-26,Misawa,Japan
2021,2022,94,ANIMATED FEATURE FILM,Yvett Merino and Clark Spencer,Encanto,,,
2021,2022,94,CINEMATOGRAPHY,Greig Fraser,Dune,1975-10-03,Melbourne,Australia
2021,2022,94,COSTUME DESIGN,Jenny Beavan,Cruella,1950-08-03,London,United Kingdom
2021,2022,94,DIRECTING,Jane Campion,The Power of the Dog,1954-04-30,Wellington,New Zealand
2021,2022,94,DOCUMENTARY (Feature),"Ahmir ""Questlove"" Thompson","Summer of Soul (...Or, When the Revolution Could Not Be Televised)",,,
2021,2022,94,DOCUMENTARY (Feature),Joseph Patel,"Summer of Soul (...Or, When the Revolution Could Not Be Televised)",1972-01-01,,
2021,2022,94,DOCUMENTARY (Feature),Robert Fyvolent and David Dinerstein,"Summer of Soul (...Or, When the Revolution Could Not Be Televised)",,,
2021,2022,94,DOCUMENTARY (Short Subject),Ben Proudfoot,The Queen of Basketball,1990-10-29,Halifax,Canada
2021,2022,94,FILM EDITING,Joe Walker,Dune,1963-10-02,United Kingdom,United Kingdom
2021,2022,94,INTERNATIONAL FEATURE FILM,Japan,Drive My Car,,,
2021,2022,94,MAKEUP AND HAIRSTYLING,Linda Dowds,The Eyes of Tammy Faye,,,
2021,2022,94,MAKEUP AND HAIRSTYLING,Stephanie Ingram and Justin Raleigh,The Eyes of Tammy Faye,,,
2021,2022,94,MUSIC (Original Score),Hans Zimmer,Dune,1957-09-12,Frankfurt,Germany
2021,2022,94,MUSIC (Original Song),Billie Eilish and Finneas O'Connell,No Time to Die,,,
2021,2022,94,BEST PICTURE,Philippe Rousselet,CODA,,,
2021,2022,94,BEST PICTURE,Fabrice Gianfermi and Patrick Wachsberger,CODA,,,
2021,2022,94,BEST PICTURE,Producers,CODA,,,
2021,2022,94,PRODUCTION DESIGN,Production Design: Patrice Vermette,Dune,,,
2021,2022,94,PRODUCTION DESIGN,Set Decoration: Zsuzsanna Sipos,Dune,,,
2021,2022,94,SHORT FILM (Animated),Alberto Mielgo and Leo Sanchez,The Windshield Wiper,,,
2021,2022,94,SHORT FILM (Live Action),Aneil Karia and Riz Ahmed,The Long Goodbye,,,
2021,2022,94,SOUND,Mac Ruth,Dune,1967-05-07,Ellensburg,United States
2021,2022,94,SOUND,Mark Mangini,Dune,,,
2021,2022,94,SOUND,Theo Green,Dune,2000-01-01,Oxford,United Kingdom
2021,2022,94,SOUND,Doug Hemphill and Ron Bartlett,Dune,,,
2021,2022,94,VISUAL EFFECTS,Paul Lambert,Dune,1969-08-07,Glasgow,United Kingdom
2021,2022,94,VISUAL EFFECTS,Tristan Myles,Dune,1950-01-01,,
2021,2022,94,VISUAL EFFECTS,Brian Connor and Gerd Nefzer,Dune,,,
2021,2022,94,WRITING (Adapted Screenplay),Siân Heder,CODA,,,
2021,2022,94,WRITING (Original Screenplay),Kenneth Branagh,Belfast,1960-12-10,Belfast,United Kingdom
2021,2022,94,JEAN HERSHOLT HUMANITARIAN AWARD,,,,,
2021,2022,94,HONORARY AWARD,To Samuel L. Jackson,,,,
2021,2022,94,HONORARY AWARD,whose dynamic performances resonate across genres and generations of audiences worldwide.,,,,
2021,2022,94,HONORARY AWARD,To Elaine May,,,,
2021,2022,94,HONORARY AWARD,writer,,,,
2021,2022,94,HONORARY AWARD,director,,,,
2021,2022,94,HONORARY AWARD,performer,,,,
2021,2022,94,HONORARY AWARD,pioneer whose bracing comedic spark illuminates us all.,,,,
2021,2022,94,HONORARY AWARD,To Liv Ullmann,,,,
2021,2022,94,HONORARY AWARD,for her deeply affecting screen portrayals and lifelong commitment to exploring the human condition.,,,,
